{"resourceType":"ValueSet","id":"BRProblemaDiagnostico","language":"pt-BR","text":{"status":"generated","div":"<div xmlns=\"http://www.w3.org/1999/xhtml\" xml:lang=\"pt-BR\" lang=\"pt-BR\"><p class=\"res-header-id\"><b>Narrativa gerada: ValueSet BRProblemaDiagnostico</b></p><a name=\"BRProblemaDiagnostico\"> </a><a name=\"hcBRProblemaDiagnostico\"> </a><div style=\"display: inline-block; background-color: #d9e0e7; padding: 6px; margin: 4px; border: 1px solid #8da1b4; border-radius: 5px; line-height: 60%\"><p style=\"margin-bottom: 0px\">Língua: pt-BR</p></div><p>Este conjunto de valores inclui códigos baseados nas seguintes regras:</p><ul><li>Incluir todos os códigos definidos em <a href=\"CodeSystem-BRCID10.html\"><code>http://www.saude.gov.br/fhir/r4/CodeSystem/BRCID10</code></a></li><li>Incluir todos os códigos definidos em <a href=\"CodeSystem-BRCIAP2.html\"><code>http://www.saude.gov.br/fhir/r4/CodeSystem/BRCIAP2</code></a></li></ul></div>"},"extension":[{"url":"http://hl7.org/fhir/StructureDefinition/structuredefinition-fmm","valueInteger":1,"_valueInteger":{"extension":[{"url":"http://hl7.org/fhir/StructureDefinition/structuredefinition-conformance-derivedFrom","valueCanonical":"http://www.saude.gov.br/fhir/r4/ImplementationGuide/br.gov.saude.redfm.fhir"}]}},{"url":"http://hl7.org/fhir/StructureDefinition/structuredefinition-standards-status","valueCode":"informative","_valueCode":{"extension":[{"url":"http://hl7.org/fhir/StructureDefinition/structuredefinition-conformance-derivedFrom","valueCanonical":"http://www.saude.gov.br/fhir/r4/ImplementationGuide/br.gov.saude.redfm.fhir"}]}}],"url":"http://www.saude.gov.br/fhir/r4/ValueSet/BRProblemaDiagnostico","version":"1.0.0","name":"BRProblemaDiagnostico","title":"Classificação Internacional de Doenças (Atenção Primária)","status":"draft","experimental":false,"date":"2020-03-11T19:15:12.2909517+00:00","publisher":"Ministério da Saúde do Brasil","contact":[{"name":"Ministério da Saúde do Brasil","telecom":[{"system":"url","value":"http://www.saude.gov.br"}]}],"description":"Código Internacional de Atenção Primária (CIAP2) e Classificação Internacional de Doenças (CID10)","jurisdiction":[{"coding":[{"system":"urn:iso:std:iso:3166","code":"BR"}]}],"immutable":false,"compose":{"include":[{"system":"http://www.saude.gov.br/fhir/r4/CodeSystem/BRCID10","version":"*"},{"system":"http://www.saude.gov.br/fhir/r4/CodeSystem/BRCIAP2","version":"*"}]}}