{"resourceType":"ValueSet","id":"BRCRM","meta":{"profile":["http://hl7.org/fhir/StructureDefinition/shareablevalueset"]},"language":"pt-BR","text":{"status":"extensions","div":"<div xmlns=\"http://www.w3.org/1999/xhtml\"><p class=\"res-header-id\"><b>Generated Narrative: ValueSet BRCRM</b></p><a name=\"BRCRM\"/><a name=\"hcBRCRM\"/><a name=\"BRCRM-pt-BR\"/><ul><li>Include these codes as defined in <a href=\"CodeSystem-BRConselhoProfissional.html\"><code>https://terminologia.saude.gov.br/fhir/CodeSystem/BRConselhoProfissional</code></a><table class=\"none\"><tr><td style=\"white-space:nowrap\"><b>Code</b></td><td><b>Display</b></td><td><b>Definition</b></td></tr><tr><td><a href=\"CodeSystem-BRConselhoProfissional.html#BRConselhoProfissional-https.58.47.47saude.46gov.46br.47sid.47crm-ac\">https://saude.gov.br/sid/crm-ac</a></td><td>CRM-AC</td><td>CONSELHO REGIONAL DE MEDICINA</td></tr><tr><td><a href=\"CodeSystem-BRConselhoProfissional.html#BRConselhoProfissional-https.58.47.47saude.46gov.46br.47sid.47crm-al\">https://saude.gov.br/sid/crm-al</a></td><td>CRM-AL</td><td>CONSELHO REGIONAL DE MEDICINA</td></tr><tr><td><a href=\"CodeSystem-BRConselhoProfissional.html#BRConselhoProfissional-https.58.47.47saude.46gov.46br.47sid.47crm-am\">https://saude.gov.br/sid/crm-am</a></td><td>CRM-AM</td><td>CONSELHO REGIONAL DE MEDICINA</td></tr><tr><td><a href=\"CodeSystem-BRConselhoProfissional.html#BRConselhoProfissional-https.58.47.47saude.46gov.46br.47sid.47crm-ap\">https://saude.gov.br/sid/crm-ap</a></td><td>CRM-AP</td><td>CONSELHO REGIONAL DE MEDICINA</td></tr><tr><td><a href=\"CodeSystem-BRConselhoProfissional.html#BRConselhoProfissional-https.58.47.47saude.46gov.46br.47sid.47crm-ba\">https://saude.gov.br/sid/crm-ba</a></td><td>CRM-BA</td><td>CONSELHO REGIONAL DE MEDICINA</td></tr><tr><td><a href=\"CodeSystem-BRConselhoProfissional.html#BRConselhoProfissional-https.58.47.47saude.46gov.46br.47sid.47crm-ce\">https://saude.gov.br/sid/crm-ce</a></td><td>CRM-CE</td><td>CONSELHO REGIONAL DE MEDICINA</td></tr><tr><td><a href=\"CodeSystem-BRConselhoProfissional.html#BRConselhoProfissional-https.58.47.47saude.46gov.46br.47sid.47crm-df\">https://saude.gov.br/sid/crm-df</a></td><td>CRM-DF</td><td>CONSELHO REGIONAL DE MEDICINA</td></tr><tr><td><a href=\"CodeSystem-BRConselhoProfissional.html#BRConselhoProfissional-https.58.47.47saude.46gov.46br.47sid.47crm-es\">https://saude.gov.br/sid/crm-es</a></td><td>CRM-ES</td><td>CONSELHO REGIONAL DE MEDICINA</td></tr><tr><td><a href=\"CodeSystem-BRConselhoProfissional.html#BRConselhoProfissional-https.58.47.47saude.46gov.46br.47sid.47crm-go\">https://saude.gov.br/sid/crm-go</a></td><td>CRM-GO</td><td>CONSELHO REGIONAL DE MEDICINA</td></tr><tr><td><a href=\"CodeSystem-BRConselhoProfissional.html#BRConselhoProfissional-https.58.47.47saude.46gov.46br.47sid.47crm-ma\">https://saude.gov.br/sid/crm-ma</a></td><td>CRM-MA</td><td>CONSELHO REGIONAL DE MEDICINA</td></tr><tr><td><a href=\"CodeSystem-BRConselhoProfissional.html#BRConselhoProfissional-https.58.47.47saude.46gov.46br.47sid.47crm-mg\">https://saude.gov.br/sid/crm-mg</a></td><td>CRM-MG</td><td>CONSELHO REGIONAL DE MEDICINA</td></tr><tr><td><a href=\"CodeSystem-BRConselhoProfissional.html#BRConselhoProfissional-https.58.47.47saude.46gov.46br.47sid.47crm-ms\">https://saude.gov.br/sid/crm-ms</a></td><td>CRM-MS</td><td>CONSELHO REGIONAL DE MEDICINA</td></tr><tr><td><a href=\"CodeSystem-BRConselhoProfissional.html#BRConselhoProfissional-https.58.47.47saude.46gov.46br.47sid.47crm-mt\">https://saude.gov.br/sid/crm-mt</a></td><td>CRM-MT</td><td>CONSELHO REGIONAL DE MEDICINA</td></tr><tr><td><a href=\"CodeSystem-BRConselhoProfissional.html#BRConselhoProfissional-https.58.47.47saude.46gov.46br.47sid.47crm-pa\">https://saude.gov.br/sid/crm-pa</a></td><td>CRM-PA</td><td>CONSELHO REGIONAL DE MEDICINA</td></tr><tr><td><a href=\"CodeSystem-BRConselhoProfissional.html#BRConselhoProfissional-https.58.47.47saude.46gov.46br.47sid.47crm-pb\">https://saude.gov.br/sid/crm-pb</a></td><td>CRM-PB</td><td>CONSELHO REGIONAL DE MEDICINA</td></tr><tr><td><a href=\"CodeSystem-BRConselhoProfissional.html#BRConselhoProfissional-https.58.47.47saude.46gov.46br.47sid.47crm-pe\">https://saude.gov.br/sid/crm-pe</a></td><td>CRM-PE</td><td>CONSELHO REGIONAL DE MEDICINA</td></tr><tr><td><a href=\"CodeSystem-BRConselhoProfissional.html#BRConselhoProfissional-https.58.47.47saude.46gov.46br.47sid.47crm-pi\">https://saude.gov.br/sid/crm-pi</a></td><td>CRM-PI</td><td>CONSELHO REGIONAL DE MEDICINA</td></tr><tr><td><a href=\"CodeSystem-BRConselhoProfissional.html#BRConselhoProfissional-https.58.47.47saude.46gov.46br.47sid.47crm-pr\">https://saude.gov.br/sid/crm-pr</a></td><td>CRM-PR</td><td>CONSELHO REGIONAL DE MEDICINA</td></tr><tr><td><a href=\"CodeSystem-BRConselhoProfissional.html#BRConselhoProfissional-https.58.47.47saude.46gov.46br.47sid.47crm-rj\">https://saude.gov.br/sid/crm-rj</a></td><td>CRM-RJ</td><td>CONSELHO REGIONAL DE MEDICINA</td></tr><tr><td><a href=\"CodeSystem-BRConselhoProfissional.html#BRConselhoProfissional-https.58.47.47saude.46gov.46br.47sid.47crm-rn\">https://saude.gov.br/sid/crm-rn</a></td><td>CRM-RN</td><td>CONSELHO REGIONAL DE MEDICINA</td></tr><tr><td><a href=\"CodeSystem-BRConselhoProfissional.html#BRConselhoProfissional-https.58.47.47saude.46gov.46br.47sid.47crm-ro\">https://saude.gov.br/sid/crm-ro</a></td><td>CRM-RO</td><td>CONSELHO REGIONAL DE MEDICINA</td></tr><tr><td><a href=\"CodeSystem-BRConselhoProfissional.html#BRConselhoProfissional-https.58.47.47saude.46gov.46br.47sid.47crm-rr\">https://saude.gov.br/sid/crm-rr</a></td><td>CRM-RR</td><td>CONSELHO REGIONAL DE MEDICINA</td></tr><tr><td><a href=\"CodeSystem-BRConselhoProfissional.html#BRConselhoProfissional-https.58.47.47saude.46gov.46br.47sid.47crm-rs\">https://saude.gov.br/sid/crm-rs</a></td><td>CRM-RS</td><td>CONSELHO REGIONAL DE MEDICINA</td></tr><tr><td><a href=\"CodeSystem-BRConselhoProfissional.html#BRConselhoProfissional-https.58.47.47saude.46gov.46br.47sid.47crm-sc\">https://saude.gov.br/sid/crm-sc</a></td><td>CRM-SC</td><td>CONSELHO REGIONAL DE MEDICINA</td></tr><tr><td><a href=\"CodeSystem-BRConselhoProfissional.html#BRConselhoProfissional-https.58.47.47saude.46gov.46br.47sid.47crm-se\">https://saude.gov.br/sid/crm-se</a></td><td>CRM-SE</td><td>CONSELHO REGIONAL DE MEDICINA</td></tr><tr><td><a href=\"CodeSystem-BRConselhoProfissional.html#BRConselhoProfissional-https.58.47.47saude.46gov.46br.47sid.47crm-sp\">https://saude.gov.br/sid/crm-sp</a></td><td>CRM-SP</td><td>CONSELHO REGIONAL DE MEDICINA</td></tr><tr><td><a href=\"CodeSystem-BRConselhoProfissional.html#BRConselhoProfissional-https.58.47.47saude.46gov.46br.47sid.47crm-to\">https://saude.gov.br/sid/crm-to</a></td><td>CRM-TO</td><td>CONSELHO REGIONAL DE MEDICINA</td></tr></table></li></ul></div>"},"extension":[{"url":"http://hl7.org/fhir/StructureDefinition/structuredefinition-standards-status","valueCode":"informative","_valueCode":{"extension":[{"url":"http://hl7.org/fhir/StructureDefinition/structuredefinition-conformance-derivedFrom","valueCanonical":"http://www.saude.gov.br/fhir/r4/ImplementationGuide/br.gov.saude.redfm.fhir"}]}}],"url":"https://terminologia.saude.gov.br/fhir/ValueSet/BRCRM","identifier":[{"system":"https://saude.gov.br/sid/valueset","value":"BRCRM"}],"version":"1.0.0","name":"BRCRM","title":"Conselhos regionais de Medicina do Brasil","status":"draft","experimental":true,"date":"2023-07-18T13:52:24+00:00","publisher":"Ministério da Saúde do Brasil","contact":[{"name":"Ministério da Saúde do Brasil","telecom":[{"system":"url","value":"http://www.saude.gov.br"}]}],"description":"Conjunto de todos os conselhos regionais de medicina do Brasil","jurisdiction":[{"coding":[{"system":"urn:iso:std:iso:3166","code":"BR"}]}],"purpose":"O propósito deste conjunto é agrupar todos os conselhos regionais de medicina para fins de validação do identificador profissional do médico","copyright":"CC-1.0","compose":{"include":[{"system":"https://terminologia.saude.gov.br/fhir/CodeSystem/BRConselhoProfissional","concept":[{"code":"https://saude.gov.br/sid/crm-ac","display":"CRM-AC"},{"code":"https://saude.gov.br/sid/crm-al","display":"CRM-AL"},{"code":"https://saude.gov.br/sid/crm-am","display":"CRM-AM"},{"code":"https://saude.gov.br/sid/crm-ap","display":"CRM-AP"},{"code":"https://saude.gov.br/sid/crm-ba","display":"CRM-BA"},{"code":"https://saude.gov.br/sid/crm-ce","display":"CRM-CE"},{"code":"https://saude.gov.br/sid/crm-df","display":"CRM-DF"},{"code":"https://saude.gov.br/sid/crm-es","display":"CRM-ES"},{"code":"https://saude.gov.br/sid/crm-go","display":"CRM-GO"},{"code":"https://saude.gov.br/sid/crm-ma","display":"CRM-MA"},{"code":"https://saude.gov.br/sid/crm-mg","display":"CRM-MG"},{"code":"https://saude.gov.br/sid/crm-ms","display":"CRM-MS"},{"code":"https://saude.gov.br/sid/crm-mt","display":"CRM-MT"},{"code":"https://saude.gov.br/sid/crm-pa","display":"CRM-PA"},{"code":"https://saude.gov.br/sid/crm-pb","display":"CRM-PB"},{"code":"https://saude.gov.br/sid/crm-pe","display":"CRM-PE"},{"code":"https://saude.gov.br/sid/crm-pi","display":"CRM-PI"},{"code":"https://saude.gov.br/sid/crm-pr","display":"CRM-PR"},{"code":"https://saude.gov.br/sid/crm-rj","display":"CRM-RJ"},{"code":"https://saude.gov.br/sid/crm-rn","display":"CRM-RN"},{"code":"https://saude.gov.br/sid/crm-ro","display":"CRM-RO"},{"code":"https://saude.gov.br/sid/crm-rr","display":"CRM-RR"},{"code":"https://saude.gov.br/sid/crm-rs","display":"CRM-RS"},{"code":"https://saude.gov.br/sid/crm-sc","display":"CRM-SC"},{"code":"https://saude.gov.br/sid/crm-se","display":"CRM-SE"},{"code":"https://saude.gov.br/sid/crm-sp","display":"CRM-SP"},{"code":"https://saude.gov.br/sid/crm-to","display":"CRM-TO"}]}]}}