{"resourceType":"ValueSet","id":"BRCRO","meta":{"profile":["http://hl7.org/fhir/StructureDefinition/shareablevalueset"]},"language":"pt-BR","text":{"status":"extensions","div":"<div xmlns=\"http://www.w3.org/1999/xhtml\"><p class=\"res-header-id\"><b>Generated Narrative: ValueSet BRCRO</b></p><a name=\"BRCRO\"/><a name=\"hcBRCRO\"/><a name=\"BRCRO-pt-BR\"/><ul><li>Include these codes as defined in <a href=\"CodeSystem-BRConselhoProfissional.html\"><code>https://terminologia.saude.gov.br/fhir/CodeSystem/BRConselhoProfissional</code></a><table class=\"none\"><tr><td style=\"white-space:nowrap\"><b>Code</b></td><td><b>Display</b></td><td><b>Definition</b></td></tr><tr><td><a href=\"CodeSystem-BRConselhoProfissional.html#BRConselhoProfissional-https.58.47.47saude.46gov.46br.47sid.47cro-ac\">https://saude.gov.br/sid/cro-ac</a></td><td>CRO-AC</td><td>CONSELHO REGIONAL DE ODONTOLOGIA</td></tr><tr><td><a href=\"CodeSystem-BRConselhoProfissional.html#BRConselhoProfissional-https.58.47.47saude.46gov.46br.47sid.47cro-al\">https://saude.gov.br/sid/cro-al</a></td><td>CRO-AL</td><td>CONSELHO REGIONAL DE ODONTOLOGIA</td></tr><tr><td><a href=\"CodeSystem-BRConselhoProfissional.html#BRConselhoProfissional-https.58.47.47saude.46gov.46br.47sid.47cro-am\">https://saude.gov.br/sid/cro-am</a></td><td>CRO-AM</td><td>CONSELHO REGIONAL DE ODONTOLOGIA</td></tr><tr><td><a href=\"CodeSystem-BRConselhoProfissional.html#BRConselhoProfissional-https.58.47.47saude.46gov.46br.47sid.47cro-ap\">https://saude.gov.br/sid/cro-ap</a></td><td>CRO-AP</td><td>CONSELHO REGIONAL DE ODONTOLOGIA</td></tr><tr><td><a href=\"CodeSystem-BRConselhoProfissional.html#BRConselhoProfissional-https.58.47.47saude.46gov.46br.47sid.47cro-ba\">https://saude.gov.br/sid/cro-ba</a></td><td>CRO-BA</td><td>CONSELHO REGIONAL DE ODONTOLOGIA</td></tr><tr><td><a href=\"CodeSystem-BRConselhoProfissional.html#BRConselhoProfissional-https.58.47.47saude.46gov.46br.47sid.47cro-ce\">https://saude.gov.br/sid/cro-ce</a></td><td>CRO-CE</td><td>CONSELHO REGIONAL DE ODONTOLOGIA</td></tr><tr><td><a href=\"CodeSystem-BRConselhoProfissional.html#BRConselhoProfissional-https.58.47.47saude.46gov.46br.47sid.47cro-df\">https://saude.gov.br/sid/cro-df</a></td><td>CRO-DF</td><td>CONSELHO REGIONAL DE ODONTOLOGIA</td></tr><tr><td><a href=\"CodeSystem-BRConselhoProfissional.html#BRConselhoProfissional-https.58.47.47saude.46gov.46br.47sid.47cro-es\">https://saude.gov.br/sid/cro-es</a></td><td>CRO-ES</td><td>CONSELHO REGIONAL DE ODONTOLOGIA</td></tr><tr><td><a href=\"CodeSystem-BRConselhoProfissional.html#BRConselhoProfissional-https.58.47.47saude.46gov.46br.47sid.47cro-go\">https://saude.gov.br/sid/cro-go</a></td><td>CRO-GO</td><td>CONSELHO REGIONAL DE ODONTOLOGIA</td></tr><tr><td><a href=\"CodeSystem-BRConselhoProfissional.html#BRConselhoProfissional-https.58.47.47saude.46gov.46br.47sid.47cro-ma\">https://saude.gov.br/sid/cro-ma</a></td><td>CRO-MA</td><td>CONSELHO REGIONAL DE ODONTOLOGIA</td></tr><tr><td><a href=\"CodeSystem-BRConselhoProfissional.html#BRConselhoProfissional-https.58.47.47saude.46gov.46br.47sid.47cro-mg\">https://saude.gov.br/sid/cro-mg</a></td><td>CRO-MG</td><td>CONSELHO REGIONAL DE ODONTOLOGIA</td></tr><tr><td><a href=\"CodeSystem-BRConselhoProfissional.html#BRConselhoProfissional-https.58.47.47saude.46gov.46br.47sid.47cro-ms\">https://saude.gov.br/sid/cro-ms</a></td><td>CRO-MS</td><td>CONSELHO REGIONAL DE ODONTOLOGIA</td></tr><tr><td><a href=\"CodeSystem-BRConselhoProfissional.html#BRConselhoProfissional-https.58.47.47saude.46gov.46br.47sid.47cro-mt\">https://saude.gov.br/sid/cro-mt</a></td><td>CRO-MT</td><td>CONSELHO REGIONAL DE ODONTOLOGIA</td></tr><tr><td><a href=\"CodeSystem-BRConselhoProfissional.html#BRConselhoProfissional-https.58.47.47saude.46gov.46br.47sid.47cro-pa\">https://saude.gov.br/sid/cro-pa</a></td><td>CRO-PA</td><td>CONSELHO REGIONAL DE ODONTOLOGIA</td></tr><tr><td><a href=\"CodeSystem-BRConselhoProfissional.html#BRConselhoProfissional-https.58.47.47saude.46gov.46br.47sid.47cro-pb\">https://saude.gov.br/sid/cro-pb</a></td><td>CRO-PB</td><td>CONSELHO REGIONAL DE ODONTOLOGIA</td></tr><tr><td><a href=\"CodeSystem-BRConselhoProfissional.html#BRConselhoProfissional-https.58.47.47saude.46gov.46br.47sid.47cro-pe\">https://saude.gov.br/sid/cro-pe</a></td><td>CRO-PE</td><td>CONSELHO REGIONAL DE ODONTOLOGIA</td></tr><tr><td><a href=\"CodeSystem-BRConselhoProfissional.html#BRConselhoProfissional-https.58.47.47saude.46gov.46br.47sid.47cro-pi\">https://saude.gov.br/sid/cro-pi</a></td><td>CRO-PI</td><td>CONSELHO REGIONAL DE ODONTOLOGIA</td></tr><tr><td><a href=\"CodeSystem-BRConselhoProfissional.html#BRConselhoProfissional-https.58.47.47saude.46gov.46br.47sid.47cro-pr\">https://saude.gov.br/sid/cro-pr</a></td><td>CRO-PR</td><td>CONSELHO REGIONAL DE ODONTOLOGIA</td></tr><tr><td><a href=\"CodeSystem-BRConselhoProfissional.html#BRConselhoProfissional-https.58.47.47saude.46gov.46br.47sid.47cro-rj\">https://saude.gov.br/sid/cro-rj</a></td><td>CRO-RJ</td><td>CONSELHO REGIONAL DE ODONTOLOGIA</td></tr><tr><td><a href=\"CodeSystem-BRConselhoProfissional.html#BRConselhoProfissional-https.58.47.47saude.46gov.46br.47sid.47cro-rn\">https://saude.gov.br/sid/cro-rn</a></td><td>CRO-RN</td><td>CONSELHO REGIONAL DE ODONTOLOGIA</td></tr><tr><td><a href=\"CodeSystem-BRConselhoProfissional.html#BRConselhoProfissional-https.58.47.47saude.46gov.46br.47sid.47cro-ro\">https://saude.gov.br/sid/cro-ro</a></td><td>CRO-RO</td><td>CONSELHO REGIONAL DE ODONTOLOGIA</td></tr><tr><td><a href=\"CodeSystem-BRConselhoProfissional.html#BRConselhoProfissional-https.58.47.47saude.46gov.46br.47sid.47cro-rr\">https://saude.gov.br/sid/cro-rr</a></td><td>CRO-RR</td><td>CONSELHO REGIONAL DE ODONTOLOGIA</td></tr><tr><td><a href=\"CodeSystem-BRConselhoProfissional.html#BRConselhoProfissional-https.58.47.47saude.46gov.46br.47sid.47cro-rs\">https://saude.gov.br/sid/cro-rs</a></td><td>CRO-RS</td><td>CONSELHO REGIONAL DE ODONTOLOGIA</td></tr><tr><td><a href=\"CodeSystem-BRConselhoProfissional.html#BRConselhoProfissional-https.58.47.47saude.46gov.46br.47sid.47cro-sc\">https://saude.gov.br/sid/cro-sc</a></td><td>CRO-SC</td><td>CONSELHO REGIONAL DE ODONTOLOGIA</td></tr><tr><td><a href=\"CodeSystem-BRConselhoProfissional.html#BRConselhoProfissional-https.58.47.47saude.46gov.46br.47sid.47cro-se\">https://saude.gov.br/sid/cro-se</a></td><td>CRO-SE</td><td>CONSELHO REGIONAL DE ODONTOLOGIA</td></tr><tr><td><a href=\"CodeSystem-BRConselhoProfissional.html#BRConselhoProfissional-https.58.47.47saude.46gov.46br.47sid.47cro-sp\">https://saude.gov.br/sid/cro-sp</a></td><td>CRO-SP</td><td>CONSELHO REGIONAL DE ODONTOLOGIA</td></tr><tr><td><a href=\"CodeSystem-BRConselhoProfissional.html#BRConselhoProfissional-https.58.47.47saude.46gov.46br.47sid.47cro-to\">https://saude.gov.br/sid/cro-to</a></td><td>CRO-TO</td><td>CONSELHO REGIONAL DE ODONTOLOGIA</td></tr></table></li></ul></div>"},"extension":[{"url":"http://hl7.org/fhir/StructureDefinition/structuredefinition-standards-status","valueCode":"informative","_valueCode":{"extension":[{"url":"http://hl7.org/fhir/StructureDefinition/structuredefinition-conformance-derivedFrom","valueCanonical":"http://www.saude.gov.br/fhir/r4/ImplementationGuide/br.gov.saude.redfm.fhir"}]}}],"url":"https://terminologia.saude.gov.br/fhir/ValueSet/BRCRO","identifier":[{"system":"https://saude.gov.br/sid/valueset","value":"BRCRO"}],"version":"1.0.0","name":"BRCRO","title":"Conselhos regionais de Odontologia do Brasil","status":"draft","experimental":true,"date":"2023-07-18T13:52:24+00:00","publisher":"Ministério da Saúde do Brasil","contact":[{"name":"Ministério da Saúde do Brasil","telecom":[{"system":"url","value":"http://www.saude.gov.br"}]}],"description":"Conjunto de todos os conselhos regionais de farmácia do Brasil","jurisdiction":[{"coding":[{"system":"urn:iso:std:iso:3166","code":"BR"}]}],"purpose":"O propósito deste conjunto é agrupar todos os conselhos regionais de farmácia para fins de validação do identificador profissional do odontólogo","copyright":"CC-1.0","compose":{"include":[{"system":"https://terminologia.saude.gov.br/fhir/CodeSystem/BRConselhoProfissional","concept":[{"code":"https://saude.gov.br/sid/cro-ac","display":"CRO-AC"},{"code":"https://saude.gov.br/sid/cro-al","display":"CRO-AL"},{"code":"https://saude.gov.br/sid/cro-am","display":"CRO-AM"},{"code":"https://saude.gov.br/sid/cro-ap","display":"CRO-AP"},{"code":"https://saude.gov.br/sid/cro-ba","display":"CRO-BA"},{"code":"https://saude.gov.br/sid/cro-ce","display":"CRO-CE"},{"code":"https://saude.gov.br/sid/cro-df","display":"CRO-DF"},{"code":"https://saude.gov.br/sid/cro-es","display":"CRO-ES"},{"code":"https://saude.gov.br/sid/cro-go","display":"CRO-GO"},{"code":"https://saude.gov.br/sid/cro-ma","display":"CRO-MA"},{"code":"https://saude.gov.br/sid/cro-mg","display":"CRO-MG"},{"code":"https://saude.gov.br/sid/cro-ms","display":"CRO-MS"},{"code":"https://saude.gov.br/sid/cro-mt","display":"CRO-MT"},{"code":"https://saude.gov.br/sid/cro-pa","display":"CRO-PA"},{"code":"https://saude.gov.br/sid/cro-pb","display":"CRO-PB"},{"code":"https://saude.gov.br/sid/cro-pe","display":"CRO-PE"},{"code":"https://saude.gov.br/sid/cro-pi","display":"CRO-PI"},{"code":"https://saude.gov.br/sid/cro-pr","display":"CRO-PR"},{"code":"https://saude.gov.br/sid/cro-rj","display":"CRO-RJ"},{"code":"https://saude.gov.br/sid/cro-rn","display":"CRO-RN"},{"code":"https://saude.gov.br/sid/cro-ro","display":"CRO-RO"},{"code":"https://saude.gov.br/sid/cro-rr","display":"CRO-RR"},{"code":"https://saude.gov.br/sid/cro-rs","display":"CRO-RS"},{"code":"https://saude.gov.br/sid/cro-sc","display":"CRO-SC"},{"code":"https://saude.gov.br/sid/cro-se","display":"CRO-SE"},{"code":"https://saude.gov.br/sid/cro-sp","display":"CRO-SP"},{"code":"https://saude.gov.br/sid/cro-to","display":"CRO-TO"}]}]}}