{"resourceType":"ValueSet","id":"BRCOREN","meta":{"profile":["http://hl7.org/fhir/StructureDefinition/shareablevalueset"]},"language":"pt-BR","text":{"status":"extensions","div":"<div xmlns=\"http://www.w3.org/1999/xhtml\"><p class=\"res-header-id\"><b>Generated Narrative: ValueSet BRCOREN</b></p><a name=\"BRCOREN\"/><a name=\"hcBRCOREN\"/><a name=\"BRCOREN-pt-BR\"/><ul><li>Include these codes as defined in <a href=\"CodeSystem-BRConselhoProfissional.html\"><code>https://terminologia.saude.gov.br/fhir/CodeSystem/BRConselhoProfissional</code></a><table class=\"none\"><tr><td style=\"white-space:nowrap\"><b>Code</b></td><td><b>Display</b></td><td><b>Definition</b></td></tr><tr><td><a href=\"CodeSystem-BRConselhoProfissional.html#BRConselhoProfissional-https.58.47.47saude.46gov.46br.47sid.47coren-ac\">https://saude.gov.br/sid/coren-ac</a></td><td>COREN-AC</td><td>CONSELHO REGIONAL DE ENFERMAGEM</td></tr><tr><td><a href=\"CodeSystem-BRConselhoProfissional.html#BRConselhoProfissional-https.58.47.47saude.46gov.46br.47sid.47coren-al\">https://saude.gov.br/sid/coren-al</a></td><td>COREN-AL</td><td>CONSELHO REGIONAL DE ENFERMAGEM</td></tr><tr><td><a href=\"CodeSystem-BRConselhoProfissional.html#BRConselhoProfissional-https.58.47.47saude.46gov.46br.47sid.47coren-am\">https://saude.gov.br/sid/coren-am</a></td><td>COREN-AM</td><td>CONSELHO REGIONAL DE ENFERMAGEM</td></tr><tr><td><a href=\"CodeSystem-BRConselhoProfissional.html#BRConselhoProfissional-https.58.47.47saude.46gov.46br.47sid.47coren-ap\">https://saude.gov.br/sid/coren-ap</a></td><td>COREN-AP</td><td>CONSELHO REGIONAL DE ENFERMAGEM</td></tr><tr><td><a href=\"CodeSystem-BRConselhoProfissional.html#BRConselhoProfissional-https.58.47.47saude.46gov.46br.47sid.47coren-ba\">https://saude.gov.br/sid/coren-ba</a></td><td>COREN-BA</td><td>CONSELHO REGIONAL DE ENFERMAGEM</td></tr><tr><td><a href=\"CodeSystem-BRConselhoProfissional.html#BRConselhoProfissional-https.58.47.47saude.46gov.46br.47sid.47coren-ce\">https://saude.gov.br/sid/coren-ce</a></td><td>COREN-CE</td><td>CONSELHO REGIONAL DE ENFERMAGEM</td></tr><tr><td><a href=\"CodeSystem-BRConselhoProfissional.html#BRConselhoProfissional-https.58.47.47saude.46gov.46br.47sid.47coren-df\">https://saude.gov.br/sid/coren-df</a></td><td>COREN-DF</td><td>CONSELHO REGIONAL DE ENFERMAGEM</td></tr><tr><td><a href=\"CodeSystem-BRConselhoProfissional.html#BRConselhoProfissional-https.58.47.47saude.46gov.46br.47sid.47coren-es\">https://saude.gov.br/sid/coren-es</a></td><td>COREN-ES</td><td>CONSELHO REGIONAL DE ENFERMAGEM</td></tr><tr><td><a href=\"CodeSystem-BRConselhoProfissional.html#BRConselhoProfissional-https.58.47.47saude.46gov.46br.47sid.47coren-go\">https://saude.gov.br/sid/coren-go</a></td><td>COREN-GO</td><td>CONSELHO REGIONAL DE ENFERMAGEM</td></tr><tr><td><a href=\"CodeSystem-BRConselhoProfissional.html#BRConselhoProfissional-https.58.47.47saude.46gov.46br.47sid.47coren-ma\">https://saude.gov.br/sid/coren-ma</a></td><td>COREN-MA</td><td>CONSELHO REGIONAL DE ENFERMAGEM</td></tr><tr><td><a href=\"CodeSystem-BRConselhoProfissional.html#BRConselhoProfissional-https.58.47.47saude.46gov.46br.47sid.47coren-mg\">https://saude.gov.br/sid/coren-mg</a></td><td>COREN-MG</td><td>CONSELHO REGIONAL DE ENFERMAGEM</td></tr><tr><td><a href=\"CodeSystem-BRConselhoProfissional.html#BRConselhoProfissional-https.58.47.47saude.46gov.46br.47sid.47coren-ms\">https://saude.gov.br/sid/coren-ms</a></td><td>COREN-MS</td><td>CONSELHO REGIONAL DE ENFERMAGEM</td></tr><tr><td><a href=\"CodeSystem-BRConselhoProfissional.html#BRConselhoProfissional-https.58.47.47saude.46gov.46br.47sid.47coren-mt\">https://saude.gov.br/sid/coren-mt</a></td><td>COREN-MT</td><td>CONSELHO REGIONAL DE ENFERMAGEM</td></tr><tr><td><a href=\"CodeSystem-BRConselhoProfissional.html#BRConselhoProfissional-https.58.47.47saude.46gov.46br.47sid.47coren-pa\">https://saude.gov.br/sid/coren-pa</a></td><td>COREN-PA</td><td>CONSELHO REGIONAL DE ENFERMAGEM</td></tr><tr><td><a href=\"CodeSystem-BRConselhoProfissional.html#BRConselhoProfissional-https.58.47.47saude.46gov.46br.47sid.47coren-pb\">https://saude.gov.br/sid/coren-pb</a></td><td>COREN-PB</td><td>CONSELHO REGIONAL DE ENFERMAGEM</td></tr><tr><td><a href=\"CodeSystem-BRConselhoProfissional.html#BRConselhoProfissional-https.58.47.47saude.46gov.46br.47sid.47coren-pe\">https://saude.gov.br/sid/coren-pe</a></td><td>COREN-PE</td><td>CONSELHO REGIONAL DE ENFERMAGEM</td></tr><tr><td><a href=\"CodeSystem-BRConselhoProfissional.html#BRConselhoProfissional-https.58.47.47saude.46gov.46br.47sid.47coren-pi\">https://saude.gov.br/sid/coren-pi</a></td><td>COREN-PI</td><td>CONSELHO REGIONAL DE ENFERMAGEM</td></tr><tr><td><a href=\"CodeSystem-BRConselhoProfissional.html#BRConselhoProfissional-https.58.47.47saude.46gov.46br.47sid.47coren-pr\">https://saude.gov.br/sid/coren-pr</a></td><td>COREN-PR</td><td>CONSELHO REGIONAL DE ENFERMAGEM</td></tr><tr><td><a href=\"CodeSystem-BRConselhoProfissional.html#BRConselhoProfissional-https.58.47.47saude.46gov.46br.47sid.47coren-rj\">https://saude.gov.br/sid/coren-rj</a></td><td>COREN-RJ</td><td>CONSELHO REGIONAL DE ENFERMAGEM</td></tr><tr><td><a href=\"CodeSystem-BRConselhoProfissional.html#BRConselhoProfissional-https.58.47.47saude.46gov.46br.47sid.47coren-rn\">https://saude.gov.br/sid/coren-rn</a></td><td>COREN-RN</td><td>CONSELHO REGIONAL DE ENFERMAGEM</td></tr><tr><td><a href=\"CodeSystem-BRConselhoProfissional.html#BRConselhoProfissional-https.58.47.47saude.46gov.46br.47sid.47coren-ro\">https://saude.gov.br/sid/coren-ro</a></td><td>COREN-RO</td><td>CONSELHO REGIONAL DE ENFERMAGEM</td></tr><tr><td><a href=\"CodeSystem-BRConselhoProfissional.html#BRConselhoProfissional-https.58.47.47saude.46gov.46br.47sid.47coren-rr\">https://saude.gov.br/sid/coren-rr</a></td><td>COREN-RR</td><td>CONSELHO REGIONAL DE ENFERMAGEM</td></tr><tr><td><a href=\"CodeSystem-BRConselhoProfissional.html#BRConselhoProfissional-https.58.47.47saude.46gov.46br.47sid.47coren-rs\">https://saude.gov.br/sid/coren-rs</a></td><td>COREN-RS</td><td>CONSELHO REGIONAL DE ENFERMAGEM</td></tr><tr><td><a href=\"CodeSystem-BRConselhoProfissional.html#BRConselhoProfissional-https.58.47.47saude.46gov.46br.47sid.47coren-sc\">https://saude.gov.br/sid/coren-sc</a></td><td>COREN-SC</td><td>CONSELHO REGIONAL DE ENFERMAGEM</td></tr><tr><td><a href=\"CodeSystem-BRConselhoProfissional.html#BRConselhoProfissional-https.58.47.47saude.46gov.46br.47sid.47coren-se\">https://saude.gov.br/sid/coren-se</a></td><td>COREN-SE</td><td>CONSELHO REGIONAL DE ENFERMAGEM</td></tr><tr><td><a href=\"CodeSystem-BRConselhoProfissional.html#BRConselhoProfissional-https.58.47.47saude.46gov.46br.47sid.47coren-sp\">https://saude.gov.br/sid/coren-sp</a></td><td>COREN-SP</td><td>CONSELHO REGIONAL DE ENFERMAGEM</td></tr><tr><td><a href=\"CodeSystem-BRConselhoProfissional.html#BRConselhoProfissional-https.58.47.47saude.46gov.46br.47sid.47coren-to\">https://saude.gov.br/sid/coren-to</a></td><td>COREN-TO</td><td>CONSELHO REGIONAL DE ENFERMAGEM</td></tr></table></li></ul></div>"},"extension":[{"url":"http://hl7.org/fhir/StructureDefinition/structuredefinition-standards-status","valueCode":"informative","_valueCode":{"extension":[{"url":"http://hl7.org/fhir/StructureDefinition/structuredefinition-conformance-derivedFrom","valueCanonical":"http://www.saude.gov.br/fhir/r4/ImplementationGuide/br.gov.saude.redfm.fhir"}]}}],"url":"https://terminologia.saude.gov.br/fhir/ValueSet/BRCOREN","identifier":[{"system":"https://saude.gov.br/sid/valueset","value":"BRCOREN"}],"version":"1.0.0","name":"BRCOREN","title":"Conselhos regionais de Enfermagem do Brasil","status":"draft","experimental":true,"date":"2023-07-18T13:52:24+00:00","publisher":"Ministério da Saúde do Brasil","contact":[{"name":"Ministério da Saúde do Brasil","telecom":[{"system":"url","value":"http://www.saude.gov.br"}]}],"description":"Conjunto de todos os conselhos regionais de enfermagem do Brasil","jurisdiction":[{"coding":[{"system":"urn:iso:std:iso:3166","code":"BR"}]}],"purpose":"O propósito deste conjunto é agrupar todos os conselhos regionais de enfermagem para fins de validação do identificador profissional do enfermeiro","copyright":"CC-1.0","compose":{"include":[{"system":"https://terminologia.saude.gov.br/fhir/CodeSystem/BRConselhoProfissional","concept":[{"code":"https://saude.gov.br/sid/coren-ac","display":"COREN-AC"},{"code":"https://saude.gov.br/sid/coren-al","display":"COREN-AL"},{"code":"https://saude.gov.br/sid/coren-am","display":"COREN-AM"},{"code":"https://saude.gov.br/sid/coren-ap","display":"COREN-AP"},{"code":"https://saude.gov.br/sid/coren-ba","display":"COREN-BA"},{"code":"https://saude.gov.br/sid/coren-ce","display":"COREN-CE"},{"code":"https://saude.gov.br/sid/coren-df","display":"COREN-DF"},{"code":"https://saude.gov.br/sid/coren-es","display":"COREN-ES"},{"code":"https://saude.gov.br/sid/coren-go","display":"COREN-GO"},{"code":"https://saude.gov.br/sid/coren-ma","display":"COREN-MA"},{"code":"https://saude.gov.br/sid/coren-mg","display":"COREN-MG"},{"code":"https://saude.gov.br/sid/coren-ms","display":"COREN-MS"},{"code":"https://saude.gov.br/sid/coren-mt","display":"COREN-MT"},{"code":"https://saude.gov.br/sid/coren-pa","display":"COREN-PA"},{"code":"https://saude.gov.br/sid/coren-pb","display":"COREN-PB"},{"code":"https://saude.gov.br/sid/coren-pe","display":"COREN-PE"},{"code":"https://saude.gov.br/sid/coren-pi","display":"COREN-PI"},{"code":"https://saude.gov.br/sid/coren-pr","display":"COREN-PR"},{"code":"https://saude.gov.br/sid/coren-rj","display":"COREN-RJ"},{"code":"https://saude.gov.br/sid/coren-rn","display":"COREN-RN"},{"code":"https://saude.gov.br/sid/coren-ro","display":"COREN-RO"},{"code":"https://saude.gov.br/sid/coren-rr","display":"COREN-RR"},{"code":"https://saude.gov.br/sid/coren-rs","display":"COREN-RS"},{"code":"https://saude.gov.br/sid/coren-sc","display":"COREN-SC"},{"code":"https://saude.gov.br/sid/coren-se","display":"COREN-SE"},{"code":"https://saude.gov.br/sid/coren-sp","display":"COREN-SP"},{"code":"https://saude.gov.br/sid/coren-to","display":"COREN-TO"}]}]}}