<?xml version="1.0" encoding="UTF-8"?><ImplementationGuide xmlns="http://hl7.org/fhir"><id value="br.gov.saude.redfm.fhir"/><language value="pt-BR"/><text><status value="generated"/><div xmlns="http://www.w3.org/1999/xhtml" xml:lang="pt-BR" lang="pt-BR"><p class="res-header-id"><b>Narrativa gerada: ImplementationGuide br.gov.saude.redfm.fhir</b></p><a name="br.gov.saude.redfm.fhir"> </a><a name="hcbr.gov.saude.redfm.fhir"> </a><div style="display: inline-block; background-color: #d9e0e7; padding: 6px; margin: 4px; border: 1px solid #8da1b4; border-radius: 5px; line-height: 60%"><p style="margin-bottom: 0px">Língua: pt-BR</p></div><h2>REDFMRNDSIG</h2><p>O URL oficial para este guia de implementação é: </p><pre>http://www.saude.gov.br/fhir/r4/ImplementationGuide/br.gov.saude.redfm.fhir</pre><div><p>Guia de Implementação da Rede Nacional de Dados em Saúde (RNDS)</p>
</div></div></text><extension url="http://hl7.org/fhir/StructureDefinition/structuredefinition-standards-status"><valueCode value="informative"/></extension><extension url="http://hl7.org/fhir/StructureDefinition/structuredefinition-fmm"><valueInteger value="1"/></extension><url value="http://www.saude.gov.br/fhir/r4/ImplementationGuide/br.gov.saude.redfm.fhir"/><version value="1.0.0"/><name value="REDFMRNDSIG"/><title value="Guia de Implementação do Registro Eletrônico de Dispensação ou Fornecimento de Medicamento (REDFM) da RNDS"/><status value="draft"/><experimental value="false"/><date value="2025-06-25T14:13:05-03:00"/><publisher value="Ministério da Saúde do Brasil"/><contact><name value="Ministério da Saúde do Brasil"/><telecom><system value="url"/><value value="http://www.saude.gov.br"/></telecom></contact><description value="Guia de Implementação da Rede Nacional de Dados em Saúde (RNDS)"/><jurisdiction><coding><system value="urn:iso:std:iso:3166"/><code value="BR"/></coding></jurisdiction><packageId value="br.gov.saude.redfm.fhir"/><license value="CC0-1.0"/><fhirVersion value="4.0.1"/><dependsOn id="hl7tx"><extension url="http://hl7.org/fhir/tools/StructureDefinition/implementationguide-dependency-comment"><valueMarkdown value="Automatically added as a dependency - all IGs depend on HL7 Terminology"/></extension><uri value="http://terminology.hl7.org/ImplementationGuide/hl7.terminology"/><packageId value="hl7.terminology.r4"/><version value="6.4.0"/></dependsOn><dependsOn id="hl7ext"><extension url="http://hl7.org/fhir/tools/StructureDefinition/implementationguide-dependency-comment"><valueMarkdown value="Automatically added as a dependency - all IGs depend on the HL7 Extension Pack"/></extension><uri value="http://hl7.org/fhir/extensions/ImplementationGuide/hl7.fhir.uv.extensions"/><packageId value="hl7.fhir.uv.extensions.r4"/><version value="5.2.0"/></dependsOn><definition><extension url="http://hl7.org/fhir/tools/StructureDefinition/ig-parameter"><extension url="code"><valueString value="copyrightyear"/></extension><extension url="value"><valueString value="2023+"/></extension></extension><extension url="http://hl7.org/fhir/tools/StructureDefinition/ig-parameter"><extension url="code"><valueString value="releaselabel"/></extension><extension url="value"><valueString value="STU1"/></extension></extension><extension url="http://hl7.org/fhir/tools/StructureDefinition/ig-parameter"><extension url="code"><valueString value="shownav"/></extension><extension url="value"><valueString value="true"/></extension></extension><extension url="http://hl7.org/fhir/tools/StructureDefinition/ig-parameter"><extension url="code"><valueString value="autoload-resources"/></extension><extension url="value"><valueString value="true"/></extension></extension><extension url="http://hl7.org/fhir/tools/StructureDefinition/ig-parameter"><extension url="code"><valueString value="path-liquid"/></extension><extension url="value"><valueString value="template/liquid"/></extension></extension><extension url="http://hl7.org/fhir/tools/StructureDefinition/ig-parameter"><extension url="code"><valueString value="path-liquid"/></extension><extension url="value"><valueString value="input/liquid"/></extension></extension><extension url="http://hl7.org/fhir/tools/StructureDefinition/ig-parameter"><extension url="code"><valueString value="path-qa"/></extension><extension url="value"><valueString value="temp/qa"/></extension></extension><extension url="http://hl7.org/fhir/tools/StructureDefinition/ig-parameter"><extension url="code"><valueString value="path-temp"/></extension><extension url="value"><valueString value="temp/pages"/></extension></extension><extension url="http://hl7.org/fhir/tools/StructureDefinition/ig-parameter"><extension url="code"><valueString value="path-output"/></extension><extension url="value"><valueString value="output"/></extension></extension><extension url="http://hl7.org/fhir/tools/StructureDefinition/ig-parameter"><extension url="code"><valueString value="path-suppressed-warnings"/></extension><extension url="value"><valueString value="input/ignoreWarnings.txt"/></extension></extension><extension url="http://hl7.org/fhir/tools/StructureDefinition/ig-parameter"><extension url="code"><valueString value="path-history"/></extension><extension url="value"><valueString value="http://www.saude.gov.br/fhir/r4/history.html"/></extension></extension><extension url="http://hl7.org/fhir/tools/StructureDefinition/ig-parameter"><extension url="code"><valueString value="template-html"/></extension><extension url="value"><valueString value="template-page.html"/></extension></extension><extension url="http://hl7.org/fhir/tools/StructureDefinition/ig-parameter"><extension url="code"><valueString value="template-md"/></extension><extension url="value"><valueString value="template-page-md.html"/></extension></extension><extension url="http://hl7.org/fhir/tools/StructureDefinition/ig-parameter"><extension url="code"><valueString value="apply-contact"/></extension><extension url="value"><valueString value="true"/></extension></extension><extension url="http://hl7.org/fhir/tools/StructureDefinition/ig-parameter"><extension url="code"><valueString value="apply-context"/></extension><extension url="value"><valueString value="true"/></extension></extension><extension url="http://hl7.org/fhir/tools/StructureDefinition/ig-parameter"><extension url="code"><valueString value="apply-copyright"/></extension><extension url="value"><valueString value="true"/></extension></extension><extension url="http://hl7.org/fhir/tools/StructureDefinition/ig-parameter"><extension url="code"><valueString value="apply-jurisdiction"/></extension><extension url="value"><valueString value="true"/></extension></extension><extension url="http://hl7.org/fhir/tools/StructureDefinition/ig-parameter"><extension url="code"><valueString value="apply-license"/></extension><extension url="value"><valueString value="true"/></extension></extension><extension url="http://hl7.org/fhir/tools/StructureDefinition/ig-parameter"><extension url="code"><valueString value="apply-publisher"/></extension><extension url="value"><valueString value="true"/></extension></extension><extension url="http://hl7.org/fhir/tools/StructureDefinition/ig-parameter"><extension url="code"><valueString value="apply-version"/></extension><extension url="value"><valueString value="true"/></extension></extension><extension url="http://hl7.org/fhir/tools/StructureDefinition/ig-parameter"><extension url="code"><valueString value="apply-wg"/></extension><extension url="value"><valueString value="true"/></extension></extension><extension url="http://hl7.org/fhir/tools/StructureDefinition/ig-parameter"><extension url="code"><valueString value="active-tables"/></extension><extension url="value"><valueString value="true"/></extension></extension><extension url="http://hl7.org/fhir/tools/StructureDefinition/ig-parameter"><extension url="code"><valueString value="fmm-definition"/></extension><extension url="value"><valueString value="http://hl7.org/fhir/versions.html#maturity"/></extension></extension><extension url="http://hl7.org/fhir/tools/StructureDefinition/ig-parameter"><extension url="code"><valueString value="propagate-status"/></extension><extension url="value"><valueString value="true"/></extension></extension><extension url="http://hl7.org/fhir/tools/StructureDefinition/ig-parameter"><extension url="code"><valueString value="excludelogbinaryformat"/></extension><extension url="value"><valueString value="true"/></extension></extension><extension url="http://hl7.org/fhir/tools/StructureDefinition/ig-parameter"><extension url="code"><valueString value="tabbed-snapshots"/></extension><extension url="value"><valueString value="true"/></extension></extension><extension url="http://hl7.org/fhir/tools/StructureDefinition/ig-internal-dependency"><valueCode value="hl7.fhir.uv.tools.r4#0.5.0"/></extension><extension url="http://hl7.org/fhir/tools/StructureDefinition/ig-parameter"><extension url="code"><valueCode value="copyrightyear"/></extension><extension url="value"><valueString value="2023+"/></extension></extension><extension url="http://hl7.org/fhir/tools/StructureDefinition/ig-parameter"><extension url="code"><valueCode value="releaselabel"/></extension><extension url="value"><valueString value="STU1"/></extension></extension><extension url="http://hl7.org/fhir/tools/StructureDefinition/ig-parameter"><extension url="code"><valueCode value="shownav"/></extension><extension url="value"><valueString value="true"/></extension></extension><extension url="http://hl7.org/fhir/tools/StructureDefinition/ig-parameter"><extension url="code"><valueCode value="autoload-resources"/></extension><extension url="value"><valueString value="true"/></extension></extension><extension url="http://hl7.org/fhir/tools/StructureDefinition/ig-parameter"><extension url="code"><valueCode value="path-liquid"/></extension><extension url="value"><valueString value="template/liquid"/></extension></extension><extension url="http://hl7.org/fhir/tools/StructureDefinition/ig-parameter"><extension url="code"><valueCode value="path-liquid"/></extension><extension url="value"><valueString value="input/liquid"/></extension></extension><extension url="http://hl7.org/fhir/tools/StructureDefinition/ig-parameter"><extension url="code"><valueCode value="path-qa"/></extension><extension url="value"><valueString value="temp/qa"/></extension></extension><extension url="http://hl7.org/fhir/tools/StructureDefinition/ig-parameter"><extension url="code"><valueCode value="path-temp"/></extension><extension url="value"><valueString value="temp/pages"/></extension></extension><extension url="http://hl7.org/fhir/tools/StructureDefinition/ig-parameter"><extension url="code"><valueCode value="path-output"/></extension><extension url="value"><valueString value="output"/></extension></extension><extension url="http://hl7.org/fhir/tools/StructureDefinition/ig-parameter"><extension url="code"><valueCode value="path-suppressed-warnings"/></extension><extension url="value"><valueString value="input/ignoreWarnings.txt"/></extension></extension><extension url="http://hl7.org/fhir/tools/StructureDefinition/ig-parameter"><extension url="code"><valueCode value="path-history"/></extension><extension url="value"><valueString value="http://www.saude.gov.br/fhir/r4/history.html"/></extension></extension><extension url="http://hl7.org/fhir/tools/StructureDefinition/ig-parameter"><extension url="code"><valueCode value="template-html"/></extension><extension url="value"><valueString value="template-page.html"/></extension></extension><extension url="http://hl7.org/fhir/tools/StructureDefinition/ig-parameter"><extension url="code"><valueCode value="template-md"/></extension><extension url="value"><valueString value="template-page-md.html"/></extension></extension><extension url="http://hl7.org/fhir/tools/StructureDefinition/ig-parameter"><extension url="code"><valueCode value="apply-contact"/></extension><extension url="value"><valueString value="true"/></extension></extension><extension url="http://hl7.org/fhir/tools/StructureDefinition/ig-parameter"><extension url="code"><valueCode value="apply-context"/></extension><extension url="value"><valueString value="true"/></extension></extension><extension url="http://hl7.org/fhir/tools/StructureDefinition/ig-parameter"><extension url="code"><valueCode value="apply-copyright"/></extension><extension url="value"><valueString value="true"/></extension></extension><extension url="http://hl7.org/fhir/tools/StructureDefinition/ig-parameter"><extension url="code"><valueCode value="apply-jurisdiction"/></extension><extension url="value"><valueString value="true"/></extension></extension><extension url="http://hl7.org/fhir/tools/StructureDefinition/ig-parameter"><extension url="code"><valueCode value="apply-license"/></extension><extension url="value"><valueString value="true"/></extension></extension><extension url="http://hl7.org/fhir/tools/StructureDefinition/ig-parameter"><extension url="code"><valueCode value="apply-publisher"/></extension><extension url="value"><valueString value="true"/></extension></extension><extension url="http://hl7.org/fhir/tools/StructureDefinition/ig-parameter"><extension url="code"><valueCode value="apply-version"/></extension><extension url="value"><valueString value="true"/></extension></extension><extension url="http://hl7.org/fhir/tools/StructureDefinition/ig-parameter"><extension url="code"><valueCode value="apply-wg"/></extension><extension url="value"><valueString value="true"/></extension></extension><extension url="http://hl7.org/fhir/tools/StructureDefinition/ig-parameter"><extension url="code"><valueCode value="active-tables"/></extension><extension url="value"><valueString value="true"/></extension></extension><extension url="http://hl7.org/fhir/tools/StructureDefinition/ig-parameter"><extension url="code"><valueCode value="fmm-definition"/></extension><extension url="value"><valueString value="http://hl7.org/fhir/versions.html#maturity"/></extension></extension><extension url="http://hl7.org/fhir/tools/StructureDefinition/ig-parameter"><extension url="code"><valueCode value="propagate-status"/></extension><extension url="value"><valueString value="true"/></extension></extension><extension url="http://hl7.org/fhir/tools/StructureDefinition/ig-parameter"><extension url="code"><valueCode value="excludelogbinaryformat"/></extension><extension url="value"><valueString value="true"/></extension></extension><extension url="http://hl7.org/fhir/tools/StructureDefinition/ig-parameter"><extension url="code"><valueCode value="tabbed-snapshots"/></extension><extension url="value"><valueString value="true"/></extension></extension><extension url="http://hl7.org/fhir/tools/StructureDefinition/ig-parameter"><extension url="code"><valueCode value="copyrightyear"/></extension><extension url="value"><valueString value="2023+"/></extension></extension><extension url="http://hl7.org/fhir/tools/StructureDefinition/ig-parameter"><extension url="code"><valueCode value="releaselabel"/></extension><extension url="value"><valueString value="STU1"/></extension></extension><extension url="http://hl7.org/fhir/tools/StructureDefinition/ig-parameter"><extension url="code"><valueCode value="shownav"/></extension><extension url="value"><valueString value="true"/></extension></extension><extension url="http://hl7.org/fhir/tools/StructureDefinition/ig-parameter"><extension url="code"><valueCode value="autoload-resources"/></extension><extension url="value"><valueString value="true"/></extension></extension><extension url="http://hl7.org/fhir/tools/StructureDefinition/ig-parameter"><extension url="code"><valueCode value="path-liquid"/></extension><extension url="value"><valueString value="template/liquid"/></extension></extension><extension url="http://hl7.org/fhir/tools/StructureDefinition/ig-parameter"><extension url="code"><valueCode value="path-liquid"/></extension><extension url="value"><valueString value="input/liquid"/></extension></extension><extension url="http://hl7.org/fhir/tools/StructureDefinition/ig-parameter"><extension url="code"><valueCode value="path-qa"/></extension><extension url="value"><valueString value="temp/qa"/></extension></extension><extension url="http://hl7.org/fhir/tools/StructureDefinition/ig-parameter"><extension url="code"><valueCode value="path-temp"/></extension><extension url="value"><valueString value="temp/pages"/></extension></extension><extension url="http://hl7.org/fhir/tools/StructureDefinition/ig-parameter"><extension url="code"><valueCode value="path-output"/></extension><extension url="value"><valueString value="output"/></extension></extension><extension url="http://hl7.org/fhir/tools/StructureDefinition/ig-parameter"><extension url="code"><valueCode value="path-suppressed-warnings"/></extension><extension url="value"><valueString value="input/ignoreWarnings.txt"/></extension></extension><extension url="http://hl7.org/fhir/tools/StructureDefinition/ig-parameter"><extension url="code"><valueCode value="path-history"/></extension><extension url="value"><valueString value="http://www.saude.gov.br/fhir/r4/history.html"/></extension></extension><extension url="http://hl7.org/fhir/tools/StructureDefinition/ig-parameter"><extension url="code"><valueCode value="template-html"/></extension><extension url="value"><valueString value="template-page.html"/></extension></extension><extension url="http://hl7.org/fhir/tools/StructureDefinition/ig-parameter"><extension url="code"><valueCode value="template-md"/></extension><extension url="value"><valueString value="template-page-md.html"/></extension></extension><extension url="http://hl7.org/fhir/tools/StructureDefinition/ig-parameter"><extension url="code"><valueCode value="apply-contact"/></extension><extension url="value"><valueString value="true"/></extension></extension><extension url="http://hl7.org/fhir/tools/StructureDefinition/ig-parameter"><extension url="code"><valueCode value="apply-context"/></extension><extension url="value"><valueString value="true"/></extension></extension><extension url="http://hl7.org/fhir/tools/StructureDefinition/ig-parameter"><extension url="code"><valueCode value="apply-copyright"/></extension><extension url="value"><valueString value="true"/></extension></extension><extension url="http://hl7.org/fhir/tools/StructureDefinition/ig-parameter"><extension url="code"><valueCode value="apply-jurisdiction"/></extension><extension url="value"><valueString value="true"/></extension></extension><extension url="http://hl7.org/fhir/tools/StructureDefinition/ig-parameter"><extension url="code"><valueCode value="apply-license"/></extension><extension url="value"><valueString value="true"/></extension></extension><extension url="http://hl7.org/fhir/tools/StructureDefinition/ig-parameter"><extension url="code"><valueCode value="apply-publisher"/></extension><extension url="value"><valueString value="true"/></extension></extension><extension url="http://hl7.org/fhir/tools/StructureDefinition/ig-parameter"><extension url="code"><valueCode value="apply-version"/></extension><extension url="value"><valueString value="true"/></extension></extension><extension url="http://hl7.org/fhir/tools/StructureDefinition/ig-parameter"><extension url="code"><valueCode value="apply-wg"/></extension><extension url="value"><valueString value="true"/></extension></extension><extension url="http://hl7.org/fhir/tools/StructureDefinition/ig-parameter"><extension url="code"><valueCode value="active-tables"/></extension><extension url="value"><valueString value="true"/></extension></extension><extension url="http://hl7.org/fhir/tools/StructureDefinition/ig-parameter"><extension url="code"><valueCode value="fmm-definition"/></extension><extension url="value"><valueString value="http://hl7.org/fhir/versions.html#maturity"/></extension></extension><extension url="http://hl7.org/fhir/tools/StructureDefinition/ig-parameter"><extension url="code"><valueCode value="propagate-status"/></extension><extension url="value"><valueString value="true"/></extension></extension><extension url="http://hl7.org/fhir/tools/StructureDefinition/ig-parameter"><extension url="code"><valueCode value="excludelogbinaryformat"/></extension><extension url="value"><valueString value="true"/></extension></extension><extension url="http://hl7.org/fhir/tools/StructureDefinition/ig-parameter"><extension url="code"><valueCode value="tabbed-snapshots"/></extension><extension url="value"><valueString value="true"/></extension></extension><grouping id="-str-profile"><name value="Structures: Resource Profiles"/><description value="These define constraints on FHIR resources for systems conforming to this implementation guide."/></grouping><grouping id="-term-valueset"><name value="Terminology: Value Sets"/><description value="These define sets of codes used by systems conforming to this implementation guide."/></grouping><grouping id="-term-codesystem"><name value="Terminology: Code Systems"/><description value="These define new code systems used by systems conforming to this implementation guide."/></grouping><grouping id="-ex-example"><name value="Example: Example Instances"/><description value="These are example instances that show what data produced and consumed by systems conforming with this implementation guide might look like."/></grouping><resource><extension url="http://hl7.org/fhir/tools/StructureDefinition/resource-sort"><valueInteger value="999999999"/></extension><extension url="http://hl7.org/fhir/StructureDefinition/implementationguide-page"><valueUri value="StructureDefinition-br-core-composition.html"/></extension><reference><reference value="StructureDefinition/br-core-composition"/></reference><name value="BR Core Composition"/><description value="Este perfil representa as restrições aplicadas ao recurso br-core-composition"/><groupingId value="-str-profile"/></resource><resource><extension url="http://hl7.org/fhir/tools/StructureDefinition/resource-sort"><valueInteger value="999999999"/></extension><extension url="http://hl7.org/fhir/StructureDefinition/implementationguide-page"><valueUri value="StructureDefinition-br-core-medication.html"/></extension><reference><reference value="StructureDefinition/br-core-medication"/></reference><name value="BR Core Medication"/><groupingId value="-str-profile"/></resource><resource><extension url="http://hl7.org/fhir/tools/StructureDefinition/resource-sort"><valueInteger value="999999999"/></extension><extension url="http://hl7.org/fhir/StructureDefinition/implementationguide-page"><valueUri value="StructureDefinition-br-core-organization.html"/></extension><reference><reference value="StructureDefinition/br-core-organization"/></reference><name value="BR Core Organization"/><description value="Este perfil representa um agrupamento formal ou informal reconhecido de pessoas ou organizações com o propósito de alcançar alguma forma de ação coletiva. Inclui empresas, instituições, corporações, departamentos, grupos comunitários, grupos de práticas de saúde, planos de saúde, empresas fabricantes de produtos medicinais, entre outros."/><groupingId value="-str-profile"/></resource><resource><extension url="http://hl7.org/fhir/tools/StructureDefinition/resource-sort"><valueInteger value="999999999"/></extension><extension url="http://hl7.org/fhir/StructureDefinition/implementationguide-page"><valueUri value="StructureDefinition-br-core-practitioner.html"/></extension><reference><reference value="StructureDefinition/br-core-practitioner"/></reference><name value="BR Core Practitioner"/><description value="O Profissional é uma pessoa que está direta ou indiretamente envolvida na prestação de cuidados de saúde ou serviços relacionados ao paciente."/><groupingId value="-str-profile"/></resource><resource><extension url="http://hl7.org/fhir/tools/StructureDefinition/resource-sort"><valueInteger value="999999999"/></extension><extension url="http://hl7.org/fhir/StructureDefinition/implementationguide-page"><valueUri value="StructureDefinition-br-core-practitionerrole.html"/></extension><reference><reference value="StructureDefinition/br-core-practitionerrole"/></reference><name value="BR Core PractitionerRole"/><description value="Este perfil restringe o recurso [PractitionerRole](hl7.org/fhir/R4/practitionerrole.html) que representa um conjunto específico de funções/locais/especialidades/serviços que um profissional pode desempenhar em uma organização por um período de tempo."/><groupingId value="-str-profile"/></resource><resource><extension url="http://hl7.org/fhir/tools/StructureDefinition/resource-sort"><valueInteger value="999999999"/></extension><extension url="http://hl7.org/fhir/StructureDefinition/implementationguide-page"><valueUri value="StructureDefinition-RNDSMedicamentoDispensadoFornecido.html"/></extension><reference><reference value="StructureDefinition/RNDSMedicamentoDispensadoFornecido"/></reference><name value="Dispensação ou Fornecimento Eletrônico de Medicamento"/><groupingId value="-str-profile"/></resource><resource><extension url="http://hl7.org/fhir/tools/StructureDefinition/resource-sort"><valueInteger value="999999999"/></extension><extension url="http://hl7.org/fhir/StructureDefinition/implementationguide-page"><valueUri value="StructureDefinition-RNDSLotacaoProfissional.html"/></extension><reference><reference value="StructureDefinition/RNDSLotacaoProfissional"/></reference><name value="Lotação Profissional"/><groupingId value="-str-profile"/></resource><resource><extension url="http://hl7.org/fhir/tools/StructureDefinition/resource-sort"><valueInteger value="999999999"/></extension><extension url="http://hl7.org/fhir/StructureDefinition/implementationguide-page"><valueUri value="StructureDefinition-RNDSMedicamento.html"/></extension><reference><reference value="StructureDefinition/RNDSMedicamento"/></reference><name value="Medicamento"/><groupingId value="-str-profile"/></resource><resource><extension url="http://hl7.org/fhir/tools/StructureDefinition/resource-sort"><valueInteger value="999999999"/></extension><extension url="http://hl7.org/fhir/StructureDefinition/implementationguide-page"><valueUri value="StructureDefinition-RNDSMedicamentoDispensado.html"/></extension><reference><reference value="StructureDefinition/RNDSMedicamentoDispensado"/></reference><name value="Medicamento Dispensado"/><groupingId value="-str-profile"/></resource><resource><extension url="http://hl7.org/fhir/tools/StructureDefinition/resource-sort"><valueInteger value="999999999"/></extension><extension url="http://hl7.org/fhir/StructureDefinition/implementationguide-page"><valueUri value="StructureDefinition-RNDSPrescricaoMedicamentoDispensado.html"/></extension><reference><reference value="StructureDefinition/RNDSPrescricaoMedicamentoDispensado"/></reference><name value="Prescrição Eletrônica de Medicamento (Contida na Dispensação)"/><description value="Dados da prescrição a serem informados durante a dispensação caso o registro não esteja na RNDS."/><groupingId value="-str-profile"/></resource><resource><extension url="http://hl7.org/fhir/tools/StructureDefinition/resource-sort"><valueInteger value="999999999"/></extension><extension url="http://hl7.org/fhir/StructureDefinition/implementationguide-page"><valueUri value="StructureDefinition-RNDSProfissional.html"/></extension><reference><reference value="StructureDefinition/RNDSProfissional"/></reference><name value="Profissional"/><groupingId value="-str-profile"/></resource><resource><extension url="http://hl7.org/fhir/tools/StructureDefinition/resource-sort"><valueInteger value="999999999"/></extension><extension url="http://hl7.org/fhir/StructureDefinition/implementationguide-page"><valueUri value="StructureDefinition-RNDSRegistroEletronicoDispensacaoFornecimentoMedicamento.html"/></extension><reference><reference value="StructureDefinition/RNDSRegistroEletronicoDispensacaoFornecimentoMedicamento"/></reference><name value="Registro Eletrônico de Dispensação ou Fornecimento de Medicamento (REDFM)"/><groupingId value="-str-profile"/></resource><resource><extension url="http://hl7.org/fhir/tools/StructureDefinition/resource-sort"><valueInteger value="999999999"/></extension><extension url="http://hl7.org/fhir/StructureDefinition/implementationguide-page"><valueUri value="ValueSet-BROcupacao-1.0.html"/></extension><reference><reference value="ValueSet/BROcupacao-1.0"/></reference><name value="Classificação Brasileira de Ocupações (CBO)"/><description value="Classifica as profissões do mercado de trabalho brasileiro."/><groupingId value="-term-valueset"/></resource><resource><extension url="http://hl7.org/fhir/tools/StructureDefinition/resource-sort"><valueInteger value="999999999"/></extension><extension url="http://hl7.org/fhir/StructureDefinition/implementationguide-page"><valueUri value="ValueSet-BRProblemaDiagnostico.html"/></extension><reference><reference value="ValueSet/BRProblemaDiagnostico"/></reference><name value="Classificação Internacional de Doenças (Atenção Primária)"/><description value="Código Internacional de Atenção Primária (CIAP2) e Classificação Internacional de Doenças (CID10)"/><groupingId value="-term-valueset"/></resource><resource><extension url="http://hl7.org/fhir/tools/StructureDefinition/resource-sort"><valueInteger value="999999999"/></extension><extension url="http://hl7.org/fhir/StructureDefinition/implementationguide-page"><valueUri value="ValueSet-BRCOREN.html"/></extension><reference><reference value="ValueSet/BRCOREN"/></reference><name value="Conselhos regionais de Enfermagem do Brasil"/><description value="Conjunto de todos os conselhos regionais de enfermagem do Brasil"/><groupingId value="-term-valueset"/></resource><resource><extension url="http://hl7.org/fhir/tools/StructureDefinition/resource-sort"><valueInteger value="999999999"/></extension><extension url="http://hl7.org/fhir/StructureDefinition/implementationguide-page"><valueUri value="ValueSet-BRCRF.html"/></extension><reference><reference value="ValueSet/BRCRF"/></reference><name value="Conselhos regionais de Farmácia do Brasil"/><description value="Conjunto de todos os conselhos regionais de farmácia do Brasil"/><groupingId value="-term-valueset"/></resource><resource><extension url="http://hl7.org/fhir/tools/StructureDefinition/resource-sort"><valueInteger value="999999999"/></extension><extension url="http://hl7.org/fhir/StructureDefinition/implementationguide-page"><valueUri value="ValueSet-BRCRM.html"/></extension><reference><reference value="ValueSet/BRCRM"/></reference><name value="Conselhos regionais de Medicina do Brasil"/><description value="Conjunto de todos os conselhos regionais de medicina do Brasil"/><groupingId value="-term-valueset"/></resource><resource><extension url="http://hl7.org/fhir/tools/StructureDefinition/resource-sort"><valueInteger value="999999999"/></extension><extension url="http://hl7.org/fhir/StructureDefinition/implementationguide-page"><valueUri value="ValueSet-BRCRO.html"/></extension><reference><reference value="ValueSet/BRCRO"/></reference><name value="Conselhos regionais de Odontologia do Brasil"/><description value="Conjunto de todos os conselhos regionais de farmácia do Brasil"/><groupingId value="-term-valueset"/></resource><resource><extension url="http://hl7.org/fhir/tools/StructureDefinition/resource-sort"><valueInteger value="999999999"/></extension><extension url="http://hl7.org/fhir/StructureDefinition/implementationguide-page"><valueUri value="ValueSet-BROutrosProfissionais.html"/></extension><reference><reference value="ValueSet/BROutrosProfissionais"/></reference><name value="Conselhos regionais de outros profissionais da saúde do Brasil"/><description value="Conjunto de todos os conselhos regionais de outros profissionais da saúde do Brasil"/><groupingId value="-term-valueset"/></resource><resource><extension url="http://hl7.org/fhir/tools/StructureDefinition/resource-sort"><valueInteger value="999999999"/></extension><extension url="http://hl7.org/fhir/StructureDefinition/implementationguide-page"><valueUri value="ValueSet-BRTerminologiaMedicamento.html"/></extension><reference><reference value="ValueSet/BRTerminologiaMedicamento"/></reference><name value="Terminologia dos medicamentos"/><description value="ValueSet utilizado para definir a terminologia de um dado medicamento."/><groupingId value="-term-valueset"/></resource><resource><extension url="http://hl7.org/fhir/tools/StructureDefinition/resource-sort"><valueInteger value="999999999"/></extension><extension url="http://hl7.org/fhir/StructureDefinition/implementationguide-page"><valueUri value="ValueSet-valueset-brtipodispensacaorealizada.html"/></extension><reference><reference value="ValueSet/valueset-brtipodispensacaorealizada"/></reference><name value="Tipo de Dispensação Realizada"/><description value="Indica o tipo de dispensação que foi realizada"/><groupingId value="-term-valueset"/></resource><resource><extension url="http://hl7.org/fhir/tools/StructureDefinition/resource-sort"><valueInteger value="999999999"/></extension><extension url="http://hl7.org/fhir/StructureDefinition/implementationguide-page"><valueUri value="ValueSet-BRTipoDocumento-1.0.html"/></extension><reference><reference value="ValueSet/BRTipoDocumento-1.0"/></reference><name value="Tipo de Documento"/><description value="Classifica o tipo de documento que está sendo trafegado."/><groupingId value="-term-valueset"/></resource><resource><extension url="http://hl7.org/fhir/tools/StructureDefinition/resource-sort"><valueInteger value="999999999"/></extension><extension url="http://hl7.org/fhir/StructureDefinition/implementationguide-page"><valueUri value="ValueSet-BRUnidadeMedidaMedicamento.html"/></extension><reference><reference value="ValueSet/BRUnidadeMedidaMedicamento"/></reference><name value="Unidade de Medida de Medicamento"/><description value="ValueSet utilizado para definir a unidade de medida de medicamentos sob informações do fabricante."/><groupingId value="-term-valueset"/></resource><resource><extension url="http://hl7.org/fhir/tools/StructureDefinition/resource-sort"><valueInteger value="999999999"/></extension><extension url="http://hl7.org/fhir/StructureDefinition/implementationguide-page"><valueUri value="ValueSet-BRViaAdministracao-1.0.html"/></extension><reference><reference value="ValueSet/BRViaAdministracao-1.0"/></reference><name value="Via de Administração"/><description value="Via de administração de um imunobiológico."/><groupingId value="-term-valueset"/></resource><resource><extension url="http://hl7.org/fhir/tools/StructureDefinition/resource-sort"><valueInteger value="999999999"/></extension><extension url="http://hl7.org/fhir/StructureDefinition/implementationguide-page"><valueUri value="CodeSystem-BRCBO.html"/></extension><reference><reference value="CodeSystem/BRCBO"/></reference><name value="Classificação Brasileira de Ocupações (CBO)"/><description value="Classifica as profissões do mercado de trabalho brasileiro."/><groupingId value="-term-codesystem"/></resource><resource><extension url="http://hl7.org/fhir/tools/StructureDefinition/resource-sort"><valueInteger value="999999999"/></extension><extension url="http://hl7.org/fhir/StructureDefinition/implementationguide-page"><valueUri value="CodeSystem-BRCIAP2.html"/></extension><reference><reference value="CodeSystem/BRCIAP2"/></reference><name value="Classificação Internacional de Atenção Primária - Segunda Edição (CIAP2)"/><description value="Classifica os problemas identificados no contato assistencial pelos profissionais de saúde, os motivos da contato assistencial e as respostas propostas pela equipe seguindo a sistematização SOAP."/><groupingId value="-term-codesystem"/></resource><resource><extension url="http://hl7.org/fhir/tools/StructureDefinition/resource-sort"><valueInteger value="999999999"/></extension><extension url="http://hl7.org/fhir/StructureDefinition/implementationguide-page"><valueUri value="CodeSystem-BRCID10.html"/></extension><reference><reference value="CodeSystem/BRCID10"/></reference><name value="Classificação Internacional de Doenças - Décima Revisão (CID-10)"/><description value="Classifica as doenças e outros problemas em saúde registrados em diversos tipos de documentos clínicos."/><groupingId value="-term-codesystem"/></resource><resource><extension url="http://hl7.org/fhir/tools/StructureDefinition/resource-sort"><valueInteger value="999999999"/></extension><extension url="http://hl7.org/fhir/StructureDefinition/implementationguide-page"><valueUri value="CodeSystem-BRConselhoProfissional.html"/></extension><reference><reference value="CodeSystem/BRConselhoProfissional"/></reference><name value="Conselhos profissionais de saúde do Brasil"/><description value="Esse CodeSystem inclui os conselhos profissionais de saúde do Brasil, conforme a Resolução CNS 251/1997."/><groupingId value="-term-codesystem"/></resource><resource><extension url="http://hl7.org/fhir/tools/StructureDefinition/resource-sort"><valueInteger value="999999999"/></extension><extension url="http://hl7.org/fhir/StructureDefinition/implementationguide-page"><valueUri value="CodeSystem-BRObmANVISA.html"/></extension><reference><reference value="CodeSystem/BRObmANVISA"/></reference><name value="Terminologia de Produto Medicinal Comercial com Apresentação (AMPP) na Agência Nacional de Vigilância Sanitária (Anvisa)"/><description value="Apresenta o Produto Medicinal Comercial com Apresentação (AMPP) e seu Código de Registro na Agência Nacional de Vigilância Sanitária (Anvisa)"/><groupingId value="-term-codesystem"/></resource><resource><extension url="http://hl7.org/fhir/tools/StructureDefinition/resource-sort"><valueInteger value="999999999"/></extension><extension url="http://hl7.org/fhir/StructureDefinition/implementationguide-page"><valueUri value="CodeSystem-BRObmAMPP.html"/></extension><reference><reference value="CodeSystem/BRObmAMPP"/></reference><name value="Terminologia de Produto Medicinal Comercial com Apresentação (AMPP) na Ontologia Brasileira de Medicamentos (OBM)"/><description value="Apresenta o Terminologia de Produto Medicinal Comercial com Apresentação (AMPP) e seu Código na Ontologia Brasileira de Medicamentos (OBM)"/><groupingId value="-term-codesystem"/></resource><resource><extension url="http://hl7.org/fhir/tools/StructureDefinition/resource-sort"><valueInteger value="999999999"/></extension><extension url="http://hl7.org/fhir/StructureDefinition/implementationguide-page"><valueUri value="CodeSystem-BRObmEAN.html"/></extension><reference><reference value="CodeSystem/BRObmEAN"/></reference><name value="Terminologia de Produto Medicinal Virtual (VMP) na GS1.org"/><description value="Apresenta o Produto Medicinal Virtual (VMP) e seu Número Europeu do Artigo (EAN) na GS1.org"/><groupingId value="-term-codesystem"/></resource><resource><extension url="http://hl7.org/fhir/tools/StructureDefinition/resource-sort"><valueInteger value="999999999"/></extension><extension url="http://hl7.org/fhir/StructureDefinition/implementationguide-page"><valueUri value="CodeSystem-BRObmVMP.html"/></extension><reference><reference value="CodeSystem/BRObmVMP"/></reference><name value="Terminologia de Produto Medicinal Virtual (VMP) na Ontologia Brasileira de Medicamentos (OBM)"/><description value="Apresenta o Produto Medicinal Virtual (VMP) e seu Código na Ontologia Brasileira de Medicamentos (OBM)"/><groupingId value="-term-codesystem"/></resource><resource><extension url="http://hl7.org/fhir/tools/StructureDefinition/resource-sort"><valueInteger value="999999999"/></extension><extension url="http://hl7.org/fhir/StructureDefinition/implementationguide-page"><valueUri value="CodeSystem-BRObmCATMAT.html"/></extension><reference><reference value="CodeSystem/BRObmCATMAT"/></reference><name value="Terminologia de Produto Medicinal Virtual (VMP) no Catálogo de Materiais (CATMAT)"/><description value="Apresenta o Produto Medicinal Virtual (VMP) e seu código no Catálogo de Materiais (CATMAT)"/><groupingId value="-term-codesystem"/></resource><resource><extension url="http://hl7.org/fhir/tools/StructureDefinition/resource-sort"><valueInteger value="999999999"/></extension><extension url="http://hl7.org/fhir/StructureDefinition/implementationguide-page"><valueUri value="CodeSystem-codesystem-medication-dispense-type.html"/></extension><reference><reference value="CodeSystem/codesystem-medication-dispense-type"/></reference><name value="Tipo de Dispensação Realizada"/><description value="Indica o tipo de dispensação que foi realizada"/><groupingId value="-term-codesystem"/></resource><resource><extension url="http://hl7.org/fhir/tools/StructureDefinition/resource-sort"><valueInteger value="999999999"/></extension><extension url="http://hl7.org/fhir/StructureDefinition/implementationguide-page"><valueUri value="CodeSystem-BRTipoDocumento.html"/></extension><reference><reference value="CodeSystem/BRTipoDocumento"/></reference><name value="Tipo de Documento"/><description value="Classificação dos tipos de documentos compartilhados no Brasil."/><groupingId value="-term-codesystem"/></resource><resource><extension url="http://hl7.org/fhir/tools/StructureDefinition/resource-sort"><valueInteger value="999999999"/></extension><extension url="http://hl7.org/fhir/StructureDefinition/implementationguide-page"><valueUri value="CodeSystem-BRUnidadeMedida.html"/></extension><reference><reference value="CodeSystem/BRUnidadeMedida"/></reference><name value="Unidade de Medida"/><description value="CodeSystem utilizado para definir a unidade de medida de um medicamento prescrito, para consumo ou especificação do fabricante."/><groupingId value="-term-codesystem"/></resource><resource><extension url="http://hl7.org/fhir/tools/StructureDefinition/resource-sort"><valueInteger value="999999999"/></extension><extension url="http://hl7.org/fhir/StructureDefinition/implementationguide-page"><valueUri value="CodeSystem-BRViaAdministracao.html"/></extension><reference><reference value="CodeSystem/BRViaAdministracao"/></reference><name value="Via de Administração"/><description value="Classifica a via na qual foi administrada uma substância em um indivíduo."/><groupingId value="-term-codesystem"/></resource><resource><extension url="http://hl7.org/fhir/tools/StructureDefinition/resource-sort"><valueInteger value="999999999"/></extension><extension url="http://hl7.org/fhir/StructureDefinition/implementationguide-page"><valueUri value="Bundle-Example-REDFM-1.html"/></extension><reference><reference value="Bundle/Example-REDFM-1"/></reference><name value="Bundle de exemplo do REDFM (1)"/><description value="Bundle de exemplo do Registro Eletrônico de Dispensação ou Fornecimento de Medicamento     (REDFM)"/><exampleCanonical value="http://www.saude.gov.br/fhir/r4/StructureDefinition/RNDSRegistroEletronicoDispensacaoFornecimentoMedicamento"/><groupingId value="-ex-example"/></resource><resource><extension url="http://hl7.org/fhir/tools/StructureDefinition/resource-sort"><valueInteger value="999999999"/></extension><extension url="http://hl7.org/fhir/StructureDefinition/implementationguide-page"><valueUri value="Bundle-Example-REDFM-2.html"/></extension><reference><reference value="Bundle/Example-REDFM-2"/></reference><name value="Bundle de exemplo do REDFM (2)"/><description value="Bundle de exemplo do Registro Eletrônico de Dispensação ou Fornecimento de Medicamento     (REDFM)"/><exampleCanonical value="http://www.saude.gov.br/fhir/r4/StructureDefinition/RNDSRegistroEletronicoDispensacaoFornecimentoMedicamento"/><groupingId value="-ex-example"/></resource><resource><extension url="http://hl7.org/fhir/tools/StructureDefinition/resource-sort"><valueInteger value="999999999"/></extension><extension url="http://hl7.org/fhir/StructureDefinition/implementationguide-page"><valueUri value="Bundle-Example-REDFM-3.html"/></extension><reference><reference value="Bundle/Example-REDFM-3"/></reference><name value="Bundle de exemplo do REDFM (3)"/><description value="Bundle de exemplo do Registro Eletrônico de Dispensação ou Fornecimento de Medicamento     (REDFM)"/><exampleCanonical value="http://www.saude.gov.br/fhir/r4/StructureDefinition/RNDSRegistroEletronicoDispensacaoFornecimentoMedicamento"/><groupingId value="-ex-example"/></resource><resource><extension url="http://hl7.org/fhir/tools/StructureDefinition/resource-sort"><valueInteger value="999999999"/></extension><extension url="http://hl7.org/fhir/StructureDefinition/implementationguide-page"><valueUri value="Bundle-Example-REDFM-4.html"/></extension><reference><reference value="Bundle/Example-REDFM-4"/></reference><name value="Bundle de exemplo do REDFM (4)"/><description value="Bundle de exemplo do Registro Eletrônico de Dispensação ou Fornecimento de Medicamento     (REDFM)"/><exampleCanonical value="http://www.saude.gov.br/fhir/r4/StructureDefinition/RNDSRegistroEletronicoDispensacaoFornecimentoMedicamento"/><groupingId value="-ex-example"/></resource><page><extension url="http://hl7.org/fhir/StructureDefinition/structuredefinition-standards-status"><valueCode value="informative"/></extension><extension url="http://hl7.org/fhir/tools/StructureDefinition/ig-page-name"><valueUrl value="toc.html"/></extension><nameUrl value="toc.html"/><title value="Índice"/><generation value="html"/><page><extension url="http://hl7.org/fhir/StructureDefinition/structuredefinition-standards-status"><valueCode value="informative"/></extension><extension url="http://hl7.org/fhir/tools/StructureDefinition/ig-page-name"><valueUrl value="index.html"/></extension><nameUrl value="index.html"/><title value="Principal"/><generation value="html"/></page><page><extension url="http://hl7.org/fhir/StructureDefinition/structuredefinition-standards-status"><valueCode value="informative"/></extension><extension url="http://hl7.org/fhir/tools/StructureDefinition/ig-page-name"><valueUrl value="abstract.html"/></extension><nameUrl value="abstract.html"/><title value="Abstract"/><generation value="html"/></page><page><extension url="http://hl7.org/fhir/StructureDefinition/structuredefinition-standards-status"><valueCode value="informative"/></extension><extension url="http://hl7.org/fhir/tools/StructureDefinition/ig-page-name"><valueUrl value="seguranca.html"/></extension><nameUrl value="seguranca.html"/><title value="Segurança"/><generation value="html"/></page><page><extension url="http://hl7.org/fhir/StructureDefinition/structuredefinition-standards-status"><valueCode value="informative"/></extension><extension url="http://hl7.org/fhir/tools/StructureDefinition/ig-page-name"><valueUrl value="integracao.html"/></extension><nameUrl value="integracao.html"/><title value="Integração"/><generation value="html"/></page><page><extension url="http://hl7.org/fhir/StructureDefinition/structuredefinition-standards-status"><valueCode value="informative"/></extension><extension url="http://hl7.org/fhir/tools/StructureDefinition/ig-page-name"><valueUrl value="credenciamento.html"/></extension><nameUrl value="credenciamento.html"/><title value="Credenciamento"/><generation value="html"/></page><page><extension url="http://hl7.org/fhir/StructureDefinition/structuredefinition-standards-status"><valueCode value="informative"/></extension><extension url="http://hl7.org/fhir/tools/StructureDefinition/ig-page-name"><valueUrl value="mc.html"/></extension><nameUrl value="mc.html"/><title value="Modelo Computacional"/><generation value="html"/></page><page><extension url="http://hl7.org/fhir/StructureDefinition/structuredefinition-standards-status"><valueCode value="informative"/></extension><extension url="http://hl7.org/fhir/tools/StructureDefinition/ig-page-name"><valueUrl value="mi.html"/></extension><nameUrl value="mi.html"/><title value="Modelo de Informação"/><generation value="html"/></page><page><extension url="http://hl7.org/fhir/StructureDefinition/structuredefinition-standards-status"><valueCode value="informative"/></extension><extension url="http://hl7.org/fhir/tools/StructureDefinition/ig-page-name"><valueUrl value="exemplos.html"/></extension><nameUrl value="exemplos.html"/><title value="Exemplos"/><generation value="html"/></page><page><extension url="http://hl7.org/fhir/StructureDefinition/structuredefinition-standards-status"><valueCode value="informative"/></extension><extension url="http://hl7.org/fhir/tools/StructureDefinition/ig-page-name"><valueUrl value="downloads.html"/></extension><nameUrl value="downloads.html"/><title value="Downloads"/><generation value="html"/></page><page><extension url="http://hl7.org/fhir/StructureDefinition/structuredefinition-standards-status"><valueCode value="informative"/></extension><extension url="http://hl7.org/fhir/tools/StructureDefinition/ig-page-name"><valueUrl value="changes.html"/></extension><nameUrl value="changes.html"/><title value="Histórico de mudanças"/><generation value="html"/></page><page><extension url="http://hl7.org/fhir/tools/StructureDefinition/ig-page-name"><valueUrl value="artifacts.html"/></extension><nameUrl value="artifacts.html"/><title value="Artifacts Summary"/><generation value="html"/><page><extension url="http://hl7.org/fhir/tools/StructureDefinition/ig-page-name"><valueUrl value="StructureDefinition-br-core-composition.html"/></extension><nameUrl value="StructureDefinition-br-core-composition.html"/><title value="BR Core Composition"/><generation value="generated"/></page><page><extension url="http://hl7.org/fhir/tools/StructureDefinition/ig-page-name"><valueUrl value="StructureDefinition-br-core-medication.html"/></extension><nameUrl value="StructureDefinition-br-core-medication.html"/><title value="BR Core Medication"/><generation value="generated"/></page><page><extension url="http://hl7.org/fhir/tools/StructureDefinition/ig-page-name"><valueUrl value="StructureDefinition-br-core-organization.html"/></extension><nameUrl value="StructureDefinition-br-core-organization.html"/><title value="BR Core Organization"/><generation value="generated"/></page><page><extension url="http://hl7.org/fhir/tools/StructureDefinition/ig-page-name"><valueUrl value="StructureDefinition-br-core-practitioner.html"/></extension><nameUrl value="StructureDefinition-br-core-practitioner.html"/><title value="BR Core Practitioner"/><generation value="generated"/></page><page><extension url="http://hl7.org/fhir/tools/StructureDefinition/ig-page-name"><valueUrl value="StructureDefinition-br-core-practitionerrole.html"/></extension><nameUrl value="StructureDefinition-br-core-practitionerrole.html"/><title value="BR Core PractitionerRole"/><generation value="generated"/></page><page><extension url="http://hl7.org/fhir/tools/StructureDefinition/ig-page-name"><valueUrl value="StructureDefinition-RNDSLotacaoProfissional.html"/></extension><nameUrl value="StructureDefinition-RNDSLotacaoProfissional.html"/><title value="Lotação Profissional"/><generation value="generated"/></page><page><extension url="http://hl7.org/fhir/tools/StructureDefinition/ig-page-name"><valueUrl value="StructureDefinition-RNDSMedicamento.html"/></extension><nameUrl value="StructureDefinition-RNDSMedicamento.html"/><title value="Medicamento"/><generation value="generated"/></page><page><extension url="http://hl7.org/fhir/tools/StructureDefinition/ig-page-name"><valueUrl value="StructureDefinition-RNDSMedicamentoDispensado.html"/></extension><nameUrl value="StructureDefinition-RNDSMedicamentoDispensado.html"/><title value="Medicamento Dispensado"/><generation value="generated"/></page><page><extension url="http://hl7.org/fhir/tools/StructureDefinition/ig-page-name"><valueUrl value="StructureDefinition-RNDSMedicamentoDispensadoFornecido.html"/></extension><nameUrl value="StructureDefinition-RNDSMedicamentoDispensadoFornecido.html"/><title value="Dispensação ou Fornecimento Eletrônico de Medicamento"/><generation value="generated"/></page><page><extension url="http://hl7.org/fhir/tools/StructureDefinition/ig-page-name"><valueUrl value="StructureDefinition-RNDSPrescricaoMedicamentoDispensado.html"/></extension><nameUrl value="StructureDefinition-RNDSPrescricaoMedicamentoDispensado.html"/><title value="Prescrição Eletrônica de Medicamento (Contida na Dispensação)"/><generation value="generated"/></page><page><extension url="http://hl7.org/fhir/tools/StructureDefinition/ig-page-name"><valueUrl value="StructureDefinition-RNDSProfissional.html"/></extension><nameUrl value="StructureDefinition-RNDSProfissional.html"/><title value="Profissional"/><generation value="generated"/></page><page><extension url="http://hl7.org/fhir/tools/StructureDefinition/ig-page-name"><valueUrl value="StructureDefinition-RNDSRegistroEletronicoDispensacaoFornecimentoMedicamento.html"/></extension><nameUrl value="StructureDefinition-RNDSRegistroEletronicoDispensacaoFornecimentoMedicamento.html"/><title value="Registro Eletrônico de Dispensação ou Fornecimento de Medicamento (REDFM)"/><generation value="generated"/></page><page><extension url="http://hl7.org/fhir/tools/StructureDefinition/ig-page-name"><valueUrl value="ValueSet-BRCOREN.html"/></extension><nameUrl value="ValueSet-BRCOREN.html"/><title value="Conselhos regionais de Enfermagem do Brasil"/><generation value="generated"/></page><page><extension url="http://hl7.org/fhir/tools/StructureDefinition/ig-page-name"><valueUrl value="ValueSet-BRCRF.html"/></extension><nameUrl value="ValueSet-BRCRF.html"/><title value="Conselhos regionais de Farmácia do Brasil"/><generation value="generated"/></page><page><extension url="http://hl7.org/fhir/tools/StructureDefinition/ig-page-name"><valueUrl value="ValueSet-BRCRM.html"/></extension><nameUrl value="ValueSet-BRCRM.html"/><title value="Conselhos regionais de Medicina do Brasil"/><generation value="generated"/></page><page><extension url="http://hl7.org/fhir/tools/StructureDefinition/ig-page-name"><valueUrl value="ValueSet-BRCRO.html"/></extension><nameUrl value="ValueSet-BRCRO.html"/><title value="Conselhos regionais de Odontologia do Brasil"/><generation value="generated"/></page><page><extension url="http://hl7.org/fhir/tools/StructureDefinition/ig-page-name"><valueUrl value="ValueSet-BROcupacao-1.0.html"/></extension><nameUrl value="ValueSet-BROcupacao-1.0.html"/><title value="Classificação Brasileira de Ocupações (CBO)"/><generation value="generated"/></page><page><extension url="http://hl7.org/fhir/tools/StructureDefinition/ig-page-name"><valueUrl value="ValueSet-BROutrosProfissionais.html"/></extension><nameUrl value="ValueSet-BROutrosProfissionais.html"/><title value="Conselhos regionais de outros profissionais da saúde do Brasil"/><generation value="generated"/></page><page><extension url="http://hl7.org/fhir/tools/StructureDefinition/ig-page-name"><valueUrl value="ValueSet-BRProblemaDiagnostico.html"/></extension><nameUrl value="ValueSet-BRProblemaDiagnostico.html"/><title value="Classificação Internacional de Doenças (Atenção Primária)"/><generation value="generated"/></page><page><extension url="http://hl7.org/fhir/tools/StructureDefinition/ig-page-name"><valueUrl value="ValueSet-BRTerminologiaMedicamento.html"/></extension><nameUrl value="ValueSet-BRTerminologiaMedicamento.html"/><title value="Terminologia dos medicamentos"/><generation value="generated"/></page><page><extension url="http://hl7.org/fhir/tools/StructureDefinition/ig-page-name"><valueUrl value="ValueSet-valueset-brtipodispensacaorealizada.html"/></extension><nameUrl value="ValueSet-valueset-brtipodispensacaorealizada.html"/><title value="Tipo de Dispensação Realizada"/><generation value="generated"/></page><page><extension url="http://hl7.org/fhir/tools/StructureDefinition/ig-page-name"><valueUrl value="ValueSet-BRTipoDocumento-1.0.html"/></extension><nameUrl value="ValueSet-BRTipoDocumento-1.0.html"/><title value="Tipo de Documento"/><generation value="generated"/></page><page><extension url="http://hl7.org/fhir/tools/StructureDefinition/ig-page-name"><valueUrl value="ValueSet-BRUnidadeMedidaMedicamento.html"/></extension><nameUrl value="ValueSet-BRUnidadeMedidaMedicamento.html"/><title value="Unidade de Medida de Medicamento"/><generation value="generated"/></page><page><extension url="http://hl7.org/fhir/tools/StructureDefinition/ig-page-name"><valueUrl value="ValueSet-BRViaAdministracao-1.0.html"/></extension><nameUrl value="ValueSet-BRViaAdministracao-1.0.html"/><title value="Via de Administração"/><generation value="generated"/></page><page><extension url="http://hl7.org/fhir/tools/StructureDefinition/ig-page-name"><valueUrl value="CodeSystem-BRCBO.html"/></extension><nameUrl value="CodeSystem-BRCBO.html"/><title value="Classificação Brasileira de Ocupações (CBO)"/><generation value="generated"/></page><page><extension url="http://hl7.org/fhir/tools/StructureDefinition/ig-page-name"><valueUrl value="CodeSystem-BRCIAP2.html"/></extension><nameUrl value="CodeSystem-BRCIAP2.html"/><title value="Classificação Internacional de Atenção Primária - Segunda Edição (CIAP2)"/><generation value="generated"/></page><page><extension url="http://hl7.org/fhir/tools/StructureDefinition/ig-page-name"><valueUrl value="CodeSystem-BRCID10.html"/></extension><nameUrl value="CodeSystem-BRCID10.html"/><title value="Classificação Internacional de Doenças - Décima Revisão (CID-10)"/><generation value="generated"/></page><page><extension url="http://hl7.org/fhir/tools/StructureDefinition/ig-page-name"><valueUrl value="CodeSystem-BRConselhoProfissional.html"/></extension><nameUrl value="CodeSystem-BRConselhoProfissional.html"/><title value="Conselhos profissionais de saúde do Brasil"/><generation value="generated"/></page><page><extension url="http://hl7.org/fhir/tools/StructureDefinition/ig-page-name"><valueUrl value="CodeSystem-BRObmAMPP.html"/></extension><nameUrl value="CodeSystem-BRObmAMPP.html"/><title value="Terminologia de Produto Medicinal Comercial com Apresentação (AMPP) na Ontologia Brasileira de Medicamentos (OBM)"/><generation value="generated"/></page><page><extension url="http://hl7.org/fhir/tools/StructureDefinition/ig-page-name"><valueUrl value="CodeSystem-BRObmANVISA.html"/></extension><nameUrl value="CodeSystem-BRObmANVISA.html"/><title value="Terminologia de Produto Medicinal Comercial com Apresentação (AMPP) na Agência Nacional de Vigilância Sanitária (Anvisa)"/><generation value="generated"/></page><page><extension url="http://hl7.org/fhir/tools/StructureDefinition/ig-page-name"><valueUrl value="CodeSystem-BRObmCATMAT.html"/></extension><nameUrl value="CodeSystem-BRObmCATMAT.html"/><title value="Terminologia de Produto Medicinal Virtual (VMP) no Catálogo de Materiais (CATMAT)"/><generation value="generated"/></page><page><extension url="http://hl7.org/fhir/tools/StructureDefinition/ig-page-name"><valueUrl value="CodeSystem-BRObmEAN.html"/></extension><nameUrl value="CodeSystem-BRObmEAN.html"/><title value="Terminologia de Produto Medicinal Virtual (VMP) na GS1.org"/><generation value="generated"/></page><page><extension url="http://hl7.org/fhir/tools/StructureDefinition/ig-page-name"><valueUrl value="CodeSystem-BRObmVMP.html"/></extension><nameUrl value="CodeSystem-BRObmVMP.html"/><title value="Terminologia de Produto Medicinal Virtual (VMP) na Ontologia Brasileira de Medicamentos (OBM)"/><generation value="generated"/></page><page><extension url="http://hl7.org/fhir/tools/StructureDefinition/ig-page-name"><valueUrl value="CodeSystem-codesystem-medication-dispense-type.html"/></extension><nameUrl value="CodeSystem-codesystem-medication-dispense-type.html"/><title value="Tipo de Dispensação Realizada"/><generation value="generated"/></page><page><extension url="http://hl7.org/fhir/tools/StructureDefinition/ig-page-name"><valueUrl value="CodeSystem-BRTipoDocumento.html"/></extension><nameUrl value="CodeSystem-BRTipoDocumento.html"/><title value="Tipo de Documento"/><generation value="generated"/></page><page><extension url="http://hl7.org/fhir/tools/StructureDefinition/ig-page-name"><valueUrl value="CodeSystem-BRUnidadeMedida.html"/></extension><nameUrl value="CodeSystem-BRUnidadeMedida.html"/><title value="Unidade de Medida"/><generation value="generated"/></page><page><extension url="http://hl7.org/fhir/tools/StructureDefinition/ig-page-name"><valueUrl value="CodeSystem-BRViaAdministracao.html"/></extension><nameUrl value="CodeSystem-BRViaAdministracao.html"/><title value="Via de Administração"/><generation value="generated"/></page><page><extension url="http://hl7.org/fhir/tools/StructureDefinition/ig-page-name"><valueUrl value="Bundle-Example-REDFM-1.html"/></extension><nameUrl value="Bundle-Example-REDFM-1.html"/><title value="Bundle de exemplo do REDFM (1)"/><generation value="generated"/></page><page><extension url="http://hl7.org/fhir/tools/StructureDefinition/ig-page-name"><valueUrl value="Bundle-Example-REDFM-2.html"/></extension><nameUrl value="Bundle-Example-REDFM-2.html"/><title value="Bundle de exemplo do REDFM (2)"/><generation value="generated"/></page><page><extension url="http://hl7.org/fhir/tools/StructureDefinition/ig-page-name"><valueUrl value="Bundle-Example-REDFM-3.html"/></extension><nameUrl value="Bundle-Example-REDFM-3.html"/><title value="Bundle de exemplo do REDFM (3)"/><generation value="generated"/></page><page><extension url="http://hl7.org/fhir/tools/StructureDefinition/ig-page-name"><valueUrl value="Bundle-Example-REDFM-4.html"/></extension><nameUrl value="Bundle-Example-REDFM-4.html"/><title value="Bundle de exemplo do REDFM (4)"/><generation value="generated"/></page></page></page><parameter><code value="path-resource"/><value value="input/capabilities"/></parameter><parameter><code value="path-resource"/><value value="input/examples"/></parameter><parameter><code value="path-resource"/><value value="input/extensions"/></parameter><parameter><code value="path-resource"/><value value="input/models"/></parameter><parameter><code value="path-resource"/><value value="input/operations"/></parameter><parameter><code value="path-resource"/><value value="input/profiles"/></parameter><parameter><code value="path-resource"/><value value="input/resources"/></parameter><parameter><code value="path-resource"/><value value="input/vocabulary"/></parameter><parameter><code value="path-resource"/><value value="input/maps"/></parameter><parameter><code value="path-resource"/><value value="input/testing"/></parameter><parameter><code value="path-resource"/><value value="input/history"/></parameter><parameter><code value="path-resource"/><value value="fsh-generated/resources"/></parameter><parameter><code value="path-pages"/><value value="template/config"/></parameter><parameter><code value="path-pages"/><value value="input/images"/></parameter><parameter><code value="path-tx-cache"/><value value="input-cache/txcache"/></parameter></definition></ImplementationGuide>