<?xml version="1.0" encoding="UTF-8"?><ValueSet xmlns="http://hl7.org/fhir"><id value="BRCRO"/><meta><profile value="http://hl7.org/fhir/StructureDefinition/shareablevalueset"/></meta><language value="pt-BR"/><text><status value="extensions"/><div xmlns="http://www.w3.org/1999/xhtml"><p class="res-header-id"><b>Generated Narrative: ValueSet BRCRO</b></p><a name="BRCRO"/><a name="hcBRCRO"/><a name="BRCRO-pt-BR"/><ul><li>Include these codes as defined in <a href="CodeSystem-BRConselhoProfissional.html"><code>https://terminologia.saude.gov.br/fhir/CodeSystem/BRConselhoProfissional</code></a><table class="none"><tr><td style="white-space:nowrap"><b>Code</b></td><td><b>Display</b></td><td><b>Definition</b></td></tr><tr><td><a href="CodeSystem-BRConselhoProfissional.html#BRConselhoProfissional-https.58.47.47saude.46gov.46br.47sid.47cro-ac">https://saude.gov.br/sid/cro-ac</a></td><td>CRO-AC</td><td>CONSELHO REGIONAL DE ODONTOLOGIA</td></tr><tr><td><a href="CodeSystem-BRConselhoProfissional.html#BRConselhoProfissional-https.58.47.47saude.46gov.46br.47sid.47cro-al">https://saude.gov.br/sid/cro-al</a></td><td>CRO-AL</td><td>CONSELHO REGIONAL DE ODONTOLOGIA</td></tr><tr><td><a href="CodeSystem-BRConselhoProfissional.html#BRConselhoProfissional-https.58.47.47saude.46gov.46br.47sid.47cro-am">https://saude.gov.br/sid/cro-am</a></td><td>CRO-AM</td><td>CONSELHO REGIONAL DE ODONTOLOGIA</td></tr><tr><td><a href="CodeSystem-BRConselhoProfissional.html#BRConselhoProfissional-https.58.47.47saude.46gov.46br.47sid.47cro-ap">https://saude.gov.br/sid/cro-ap</a></td><td>CRO-AP</td><td>CONSELHO REGIONAL DE ODONTOLOGIA</td></tr><tr><td><a href="CodeSystem-BRConselhoProfissional.html#BRConselhoProfissional-https.58.47.47saude.46gov.46br.47sid.47cro-ba">https://saude.gov.br/sid/cro-ba</a></td><td>CRO-BA</td><td>CONSELHO REGIONAL DE ODONTOLOGIA</td></tr><tr><td><a href="CodeSystem-BRConselhoProfissional.html#BRConselhoProfissional-https.58.47.47saude.46gov.46br.47sid.47cro-ce">https://saude.gov.br/sid/cro-ce</a></td><td>CRO-CE</td><td>CONSELHO REGIONAL DE ODONTOLOGIA</td></tr><tr><td><a href="CodeSystem-BRConselhoProfissional.html#BRConselhoProfissional-https.58.47.47saude.46gov.46br.47sid.47cro-df">https://saude.gov.br/sid/cro-df</a></td><td>CRO-DF</td><td>CONSELHO REGIONAL DE ODONTOLOGIA</td></tr><tr><td><a href="CodeSystem-BRConselhoProfissional.html#BRConselhoProfissional-https.58.47.47saude.46gov.46br.47sid.47cro-es">https://saude.gov.br/sid/cro-es</a></td><td>CRO-ES</td><td>CONSELHO REGIONAL DE ODONTOLOGIA</td></tr><tr><td><a href="CodeSystem-BRConselhoProfissional.html#BRConselhoProfissional-https.58.47.47saude.46gov.46br.47sid.47cro-go">https://saude.gov.br/sid/cro-go</a></td><td>CRO-GO</td><td>CONSELHO REGIONAL DE ODONTOLOGIA</td></tr><tr><td><a href="CodeSystem-BRConselhoProfissional.html#BRConselhoProfissional-https.58.47.47saude.46gov.46br.47sid.47cro-ma">https://saude.gov.br/sid/cro-ma</a></td><td>CRO-MA</td><td>CONSELHO REGIONAL DE ODONTOLOGIA</td></tr><tr><td><a href="CodeSystem-BRConselhoProfissional.html#BRConselhoProfissional-https.58.47.47saude.46gov.46br.47sid.47cro-mg">https://saude.gov.br/sid/cro-mg</a></td><td>CRO-MG</td><td>CONSELHO REGIONAL DE ODONTOLOGIA</td></tr><tr><td><a href="CodeSystem-BRConselhoProfissional.html#BRConselhoProfissional-https.58.47.47saude.46gov.46br.47sid.47cro-ms">https://saude.gov.br/sid/cro-ms</a></td><td>CRO-MS</td><td>CONSELHO REGIONAL DE ODONTOLOGIA</td></tr><tr><td><a href="CodeSystem-BRConselhoProfissional.html#BRConselhoProfissional-https.58.47.47saude.46gov.46br.47sid.47cro-mt">https://saude.gov.br/sid/cro-mt</a></td><td>CRO-MT</td><td>CONSELHO REGIONAL DE ODONTOLOGIA</td></tr><tr><td><a href="CodeSystem-BRConselhoProfissional.html#BRConselhoProfissional-https.58.47.47saude.46gov.46br.47sid.47cro-pa">https://saude.gov.br/sid/cro-pa</a></td><td>CRO-PA</td><td>CONSELHO REGIONAL DE ODONTOLOGIA</td></tr><tr><td><a href="CodeSystem-BRConselhoProfissional.html#BRConselhoProfissional-https.58.47.47saude.46gov.46br.47sid.47cro-pb">https://saude.gov.br/sid/cro-pb</a></td><td>CRO-PB</td><td>CONSELHO REGIONAL DE ODONTOLOGIA</td></tr><tr><td><a href="CodeSystem-BRConselhoProfissional.html#BRConselhoProfissional-https.58.47.47saude.46gov.46br.47sid.47cro-pe">https://saude.gov.br/sid/cro-pe</a></td><td>CRO-PE</td><td>CONSELHO REGIONAL DE ODONTOLOGIA</td></tr><tr><td><a href="CodeSystem-BRConselhoProfissional.html#BRConselhoProfissional-https.58.47.47saude.46gov.46br.47sid.47cro-pi">https://saude.gov.br/sid/cro-pi</a></td><td>CRO-PI</td><td>CONSELHO REGIONAL DE ODONTOLOGIA</td></tr><tr><td><a href="CodeSystem-BRConselhoProfissional.html#BRConselhoProfissional-https.58.47.47saude.46gov.46br.47sid.47cro-pr">https://saude.gov.br/sid/cro-pr</a></td><td>CRO-PR</td><td>CONSELHO REGIONAL DE ODONTOLOGIA</td></tr><tr><td><a href="CodeSystem-BRConselhoProfissional.html#BRConselhoProfissional-https.58.47.47saude.46gov.46br.47sid.47cro-rj">https://saude.gov.br/sid/cro-rj</a></td><td>CRO-RJ</td><td>CONSELHO REGIONAL DE ODONTOLOGIA</td></tr><tr><td><a href="CodeSystem-BRConselhoProfissional.html#BRConselhoProfissional-https.58.47.47saude.46gov.46br.47sid.47cro-rn">https://saude.gov.br/sid/cro-rn</a></td><td>CRO-RN</td><td>CONSELHO REGIONAL DE ODONTOLOGIA</td></tr><tr><td><a href="CodeSystem-BRConselhoProfissional.html#BRConselhoProfissional-https.58.47.47saude.46gov.46br.47sid.47cro-ro">https://saude.gov.br/sid/cro-ro</a></td><td>CRO-RO</td><td>CONSELHO REGIONAL DE ODONTOLOGIA</td></tr><tr><td><a href="CodeSystem-BRConselhoProfissional.html#BRConselhoProfissional-https.58.47.47saude.46gov.46br.47sid.47cro-rr">https://saude.gov.br/sid/cro-rr</a></td><td>CRO-RR</td><td>CONSELHO REGIONAL DE ODONTOLOGIA</td></tr><tr><td><a href="CodeSystem-BRConselhoProfissional.html#BRConselhoProfissional-https.58.47.47saude.46gov.46br.47sid.47cro-rs">https://saude.gov.br/sid/cro-rs</a></td><td>CRO-RS</td><td>CONSELHO REGIONAL DE ODONTOLOGIA</td></tr><tr><td><a href="CodeSystem-BRConselhoProfissional.html#BRConselhoProfissional-https.58.47.47saude.46gov.46br.47sid.47cro-sc">https://saude.gov.br/sid/cro-sc</a></td><td>CRO-SC</td><td>CONSELHO REGIONAL DE ODONTOLOGIA</td></tr><tr><td><a href="CodeSystem-BRConselhoProfissional.html#BRConselhoProfissional-https.58.47.47saude.46gov.46br.47sid.47cro-se">https://saude.gov.br/sid/cro-se</a></td><td>CRO-SE</td><td>CONSELHO REGIONAL DE ODONTOLOGIA</td></tr><tr><td><a href="CodeSystem-BRConselhoProfissional.html#BRConselhoProfissional-https.58.47.47saude.46gov.46br.47sid.47cro-sp">https://saude.gov.br/sid/cro-sp</a></td><td>CRO-SP</td><td>CONSELHO REGIONAL DE ODONTOLOGIA</td></tr><tr><td><a href="CodeSystem-BRConselhoProfissional.html#BRConselhoProfissional-https.58.47.47saude.46gov.46br.47sid.47cro-to">https://saude.gov.br/sid/cro-to</a></td><td>CRO-TO</td><td>CONSELHO REGIONAL DE ODONTOLOGIA</td></tr></table></li></ul></div></text><extension url="http://hl7.org/fhir/StructureDefinition/structuredefinition-standards-status"><valueCode value="informative"><extension url="http://hl7.org/fhir/StructureDefinition/structuredefinition-conformance-derivedFrom"><valueCanonical value="http://www.saude.gov.br/fhir/r4/ImplementationGuide/br.gov.saude.redfm.fhir"/></extension></valueCode></extension><url value="https://terminologia.saude.gov.br/fhir/ValueSet/BRCRO"/><identifier><system value="https://saude.gov.br/sid/valueset"/><value value="BRCRO"/></identifier><version value="1.0.0"/><name value="BRCRO"/><title value="Conselhos regionais de Odontologia do Brasil"/><status value="draft"/><experimental value="true"/><date value="2023-07-18T13:52:24+00:00"/><publisher value="Ministério da Saúde do Brasil"/><contact><name value="Ministério da Saúde do Brasil"/><telecom><system value="url"/><value value="http://www.saude.gov.br"/></telecom></contact><description value="Conjunto de todos os conselhos regionais de farmácia do Brasil"/><jurisdiction><coding><system value="urn:iso:std:iso:3166"/><code value="BR"/></coding></jurisdiction><purpose value="O propósito deste conjunto é agrupar todos os conselhos regionais de farmácia para fins de validação do identificador profissional do odontólogo"/><copyright value="CC-1.0"/><compose><include><system value="https://terminologia.saude.gov.br/fhir/CodeSystem/BRConselhoProfissional"/><concept><code value="https://saude.gov.br/sid/cro-ac"/><display value="CRO-AC"/></concept><concept><code value="https://saude.gov.br/sid/cro-al"/><display value="CRO-AL"/></concept><concept><code value="https://saude.gov.br/sid/cro-am"/><display value="CRO-AM"/></concept><concept><code value="https://saude.gov.br/sid/cro-ap"/><display value="CRO-AP"/></concept><concept><code value="https://saude.gov.br/sid/cro-ba"/><display value="CRO-BA"/></concept><concept><code value="https://saude.gov.br/sid/cro-ce"/><display value="CRO-CE"/></concept><concept><code value="https://saude.gov.br/sid/cro-df"/><display value="CRO-DF"/></concept><concept><code value="https://saude.gov.br/sid/cro-es"/><display value="CRO-ES"/></concept><concept><code value="https://saude.gov.br/sid/cro-go"/><display value="CRO-GO"/></concept><concept><code value="https://saude.gov.br/sid/cro-ma"/><display value="CRO-MA"/></concept><concept><code value="https://saude.gov.br/sid/cro-mg"/><display value="CRO-MG"/></concept><concept><code value="https://saude.gov.br/sid/cro-ms"/><display value="CRO-MS"/></concept><concept><code value="https://saude.gov.br/sid/cro-mt"/><display value="CRO-MT"/></concept><concept><code value="https://saude.gov.br/sid/cro-pa"/><display value="CRO-PA"/></concept><concept><code value="https://saude.gov.br/sid/cro-pb"/><display value="CRO-PB"/></concept><concept><code value="https://saude.gov.br/sid/cro-pe"/><display value="CRO-PE"/></concept><concept><code value="https://saude.gov.br/sid/cro-pi"/><display value="CRO-PI"/></concept><concept><code value="https://saude.gov.br/sid/cro-pr"/><display value="CRO-PR"/></concept><concept><code value="https://saude.gov.br/sid/cro-rj"/><display value="CRO-RJ"/></concept><concept><code value="https://saude.gov.br/sid/cro-rn"/><display value="CRO-RN"/></concept><concept><code value="https://saude.gov.br/sid/cro-ro"/><display value="CRO-RO"/></concept><concept><code value="https://saude.gov.br/sid/cro-rr"/><display value="CRO-RR"/></concept><concept><code value="https://saude.gov.br/sid/cro-rs"/><display value="CRO-RS"/></concept><concept><code value="https://saude.gov.br/sid/cro-sc"/><display value="CRO-SC"/></concept><concept><code value="https://saude.gov.br/sid/cro-se"/><display value="CRO-SE"/></concept><concept><code value="https://saude.gov.br/sid/cro-sp"/><display value="CRO-SP"/></concept><concept><code value="https://saude.gov.br/sid/cro-to"/><display value="CRO-TO"/></concept></include></compose></ValueSet>