<?xml version="1.0" encoding="UTF-8"?><ValueSet xmlns="http://hl7.org/fhir"><id value="valueset-brtipodispensacaorealizada"/><meta><profile value="http://hl7.org/fhir/StructureDefinition/shareablevalueset"/></meta><language value="pt-BR"/><text><status value="generated"/><div xmlns="http://www.w3.org/1999/xhtml" xml:lang="pt-BR" lang="pt-BR"><p class="res-header-id"><b>Narrativa gerada: ValueSet valueset-brtipodispensacaorealizada</b></p><a name="valueset-brtipodispensacaorealizada"> </a><a name="hcvalueset-brtipodispensacaorealizada"> </a><div style="display: inline-block; background-color: #d9e0e7; padding: 6px; margin: 4px; border: 1px solid #8da1b4; border-radius: 5px; line-height: 60%"><p style="margin-bottom: 0px">Língua: pt-BR</p><p style="margin-bottom: 0px">Perfil: <a href="http://hl7.org/fhir/R4/shareablevalueset.html">Shareable ValueSet</a></p></div><ul><li>Include todos os códigos definidos em <a href="CodeSystem-codesystem-medication-dispense-type.html"><code>http://www.saude.gov.br/fhir/r4/CodeSystem/BRTipoDispensacaoRealizada</code></a></li></ul></div></text><extension url="http://hl7.org/fhir/StructureDefinition/structuredefinition-fmm"><valueInteger value="1"><extension url="http://hl7.org/fhir/StructureDefinition/structuredefinition-conformance-derivedFrom"><valueCanonical value="http://www.saude.gov.br/fhir/r4/ImplementationGuide/br.gov.saude.redfm.fhir"/></extension></valueInteger></extension><extension url="http://hl7.org/fhir/StructureDefinition/structuredefinition-standards-status"><valueCode value="informative"><extension url="http://hl7.org/fhir/StructureDefinition/structuredefinition-conformance-derivedFrom"><valueCanonical value="http://www.saude.gov.br/fhir/r4/ImplementationGuide/br.gov.saude.redfm.fhir"/></extension></valueCode></extension><url value="http://www.saude.gov.br/fhir/r4/ValueSet/BRTipoDispensacaoRealizada"/><version value="1.0.0"/><name value="ValueSet-BRTipoDispensacaoRealizada"/><title value="Tipo de Dispensação Realizada"/><status value="draft"/><experimental value="false"/><date value="2024-12-10"/><publisher value="Ministério da Saúde do Brasil"/><contact><name value="Ministério da Saúde do Brasil"/><telecom><system value="url"/><value value="http://www.saude.gov.br"/></telecom></contact><description value="Indica o tipo de dispensação que foi realizada"/><jurisdiction><coding><system value="urn:iso:std:iso:3166"/><code value="BR"/></coding></jurisdiction><compose><include><system value="http://www.saude.gov.br/fhir/r4/CodeSystem/BRTipoDispensacaoRealizada"/></include></compose></ValueSet>