{
  "codeSystems" : [
    {
      "url" : "http://hl7.org/fhir/CodeSystem/medication-status",
      "version" : "4.0.1",
      "status" : "draft",
      "name" : "Medication Status Codes",
      "title" : "Medication  status  codes",
      "description" : "Medication Status Codes",
      "oids" : ["2.16.840.1.113883.4.642.4.1380"],
      "uses" : {
      },
      "http://hl7.org/fhir/R4/valueset-medication-status.html" : "Medication  status  codes"
    },
    {
      "url" : "http://hl7.org/fhir/CodeSystem/medicationrequest-intent",
      "version" : "4.0.1",
      "status" : "draft",
      "name" : "medicationRequest Intent",
      "title" : "Medication request  intent",
      "description" : "MedicationRequest Intent Codes",
      "oids" : ["2.16.840.1.113883.4.642.4.1378"],
      "uses" : {
      },
      "http://hl7.org/fhir/R4/valueset-medicationrequest-intent.html" : "Medication request  intent"
    },
    {
      "url" : "http://hl7.org/fhir/CodeSystem/medicationrequest-status",
      "version" : "4.0.1",
      "status" : "draft",
      "name" : "medicationrequest Status",
      "title" : "Medicationrequest  status",
      "description" : "MedicationRequest Status Codes",
      "oids" : ["2.16.840.1.113883.4.642.4.1377"],
      "uses" : {
      },
      "http://hl7.org/fhir/R4/valueset-medicationrequest-status.html" : "Medicationrequest  status"
    },
    {
      "url" : "http://hl7.org/fhir/administrative-gender",
      "version" : "4.0.1",
      "status" : "active",
      "name" : "AdministrativeGender",
      "title" : "AdministrativeGender",
      "description" : "The gender of a person used for administrative purposes.",
      "oids" : ["2.16.840.1.113883.4.642.4.2"],
      "uses" : {
      },
      "http://hl7.org/fhir/R4/valueset-administrative-gender.html" : "AdministrativeGender"
    },
    {
      "url" : "http://hl7.org/fhir/composition-attestation-mode",
      "version" : "4.0.1",
      "status" : "draft",
      "name" : "CompositionAttestationMode",
      "title" : "CompositionAttestationMode",
      "description" : "The way in which a person authenticated a composition.",
      "oids" : ["2.16.840.1.113883.4.642.4.239"],
      "uses" : {
      },
      "http://hl7.org/fhir/R4/valueset-composition-attestation-mode.html" : "CompositionAttestationMode"
    },
    {
      "url" : "http://hl7.org/fhir/composition-status",
      "version" : "4.0.1",
      "status" : "draft",
      "name" : "CompositionStatus",
      "title" : "CompositionStatus",
      "description" : "The workflow/clinical status of the composition.",
      "oids" : ["2.16.840.1.113883.4.642.4.242"],
      "uses" : {
      },
      "http://hl7.org/fhir/R4/valueset-composition-status.html" : "CompositionStatus"
    },
    {
      "url" : "http://hl7.org/fhir/days-of-week",
      "version" : "4.0.1",
      "status" : "active",
      "name" : "DaysOfWeek",
      "title" : "DaysOfWeek",
      "description" : "The days of the week.",
      "oids" : ["2.16.840.1.113883.4.642.4.513"],
      "uses" : {
      },
      "http://hl7.org/fhir/R4/valueset-days-of-week.html" : "DaysOfWeek"
    },
    {
      "url" : "http://hl7.org/fhir/document-relationship-type",
      "version" : "4.0.1",
      "status" : "draft",
      "name" : "DocumentRelationshipType",
      "title" : "DocumentRelationshipType",
      "description" : "The type of relationship between documents.",
      "oids" : ["2.16.840.1.113883.4.642.4.245"],
      "uses" : {
      },
      "http://hl7.org/fhir/R4/valueset-document-relationship-type.html" : "DocumentRelationshipType"
    },
    {
      "url" : "http://hl7.org/fhir/identifier-use",
      "version" : "4.0.1",
      "status" : "active",
      "name" : "IdentifierUse",
      "title" : "IdentifierUse",
      "description" : "Identifies the purpose for this identifier, if known .",
      "oids" : ["2.16.840.1.113883.4.642.4.58"],
      "uses" : {
      },
      "http://hl7.org/fhir/R4/valueset-identifier-use.html" : "IdentifierUse"
    },
    {
      "url" : "http://hl7.org/fhir/list-mode",
      "version" : "4.0.1",
      "status" : "draft",
      "name" : "ListMode",
      "title" : "ListMode",
      "description" : "The processing mode that applies to this list.",
      "oids" : ["2.16.840.1.113883.4.642.4.319"],
      "uses" : {
      },
      "http://hl7.org/fhir/R4/valueset-list-mode.html" : "ListMode"
    },
    {
      "url" : "http://hl7.org/fhir/name-use",
      "version" : "4.0.1",
      "status" : "active",
      "name" : "NameUse",
      "title" : "NameUse",
      "description" : "The use of a human name.",
      "oids" : ["2.16.840.1.113883.4.642.4.66"],
      "uses" : {
      },
      "http://hl7.org/fhir/R4/valueset-name-use.html" : "NameUse"
    },
    {
      "url" : "http://hl7.org/fhir/quantity-comparator",
      "version" : "4.0.1",
      "status" : "active",
      "name" : "QuantityComparator",
      "title" : "QuantityComparator",
      "description" : "How the Quantity should be understood and represented.",
      "oids" : ["2.16.840.1.113883.4.642.4.60"],
      "uses" : {
      },
      "http://hl7.org/fhir/R4/valueset-quantity-comparator.html" : "QuantityComparator"
    },
    {
      "url" : "http://hl7.org/fhir/request-priority",
      "version" : "4.0.1",
      "status" : "draft",
      "name" : "RequestPriority",
      "title" : "RequestPriority",
      "description" : "Identifies the level of importance to be assigned to actioning the request.",
      "oids" : ["2.16.840.1.113883.4.642.4.116"],
      "uses" : {
      },
      "http://hl7.org/fhir/R4/valueset-request-priority.html" : "Request priority"
    },
    {
      "url" : "http://hl7.org/fhir/resource-types",
      "version" : "4.0.1",
      "status" : "active",
      "name" : "ResourceType",
      "title" : "ResourceType",
      "description" : "One of the resource types defined as part of this version of FHIR.",
      "uses" : {
      },
      "http://hl7.org/fhir/R4/valueset-resource-types.html" : "ResourceType"
    },
    {
      "url" : "http://loinc.org",
      "version" : "3.1.0",
      "status" : "active",
      "name" : "LOINC",
      "title" : "Logical Observation Identifiers, Names and Codes (LOINC)",
      "description" : "LOINC provides a set of universal names and ID codes for identifying laboratory and clinical test results.1,2 LOINC facilitates the exchange and pooling of results, such as blood hemoglobin, serum potassium, or vital signs, for clinical care, outcomes management, and research. LOINC's universal identifiers (names and codes) can be used in the context of order and observation exchanges between information systems that use syntax standards such as HL73, CEN TC251, ISO TC215, ASTM4, and DICOM. Specifically, the identifier can be used as the coded value for an observation in any other standard that uses the observation/observation value paradigm, whether messages, documents, application programming interface (API), etc. For example, LOINC codes are used widely in the OBX segment Observation Identifier field (OBX-3) of an ORU HL7 (HL7 version 2.x or ASTM 1238-9410) message that may be sent between a Clinical Laboratory Information Management Systems (LIMS) and Electronic Health Record Systems (EHR).5, 6 In this way, LOINC codes provide universal identifiers that allow the exchange of clinical data between heterogeneous computing environments.",
      "oids" : ["2.16.840.1.113883.6.1"],
      "uses" : {
      },
      "http://hl7.org/fhir/R4/valueset-document-classcodes.html" : "Document Class Value Set",
      "http://hl7.org/fhir/R4/valueset-doc-section-codes.html" : "Document Section Codes",
      "http://hl7.org/fhir/R4/valueset-doc-typecodes.html" : "FHIR Document Type Codes"
    },
    {
      "url" : "http://snomed.info/sct",
      "version" : null,
      "status" : "active",
      "name" : "SNOMED_CT",
      "title" : "SNOMED CT (all versions)",
      "description" : "SNOMED CT is the most comprehensive and precise clinical health terminology product in the world, owned and distributed around the world by The International Health Terminology Standards Development Organisation (IHTSDO).",
      "oids" : ["2.16.840.1.113883.6.96"],
      "uses" : {
      },
      "http://hl7.org/fhir/R4/valueset-medication-codes.html" : "SNOMED CT Medication Codes",
      "http://hl7.org/fhir/R4/valueset-medication-as-needed-reason.html" : "SNOMED CT Medication As Needed Reason Codes",
      "http://hl7.org/fhir/R4/valueset-medication-form-codes.html" : "SNOMED CT Form Codes",
      "http://hl7.org/fhir/R4/valueset-c80-practice-codes.html" : "Practice Setting Code Value Set",
      "http://hl7.org/fhir/R4/valueset-additional-instruction-codes.html" : "SNOMED CT Additional Dosage Instructions",
      "http://hl7.org/fhir/R4/valueset-performer-role.html" : "Procedure Performer Role Codes",
      "http://hl7.org/fhir/R4/valueset-approach-site-codes.html" : "SNOMED CT Anatomical Structure for Administration Site Codes",
      "http://hl7.org/fhir/R4/valueset-administration-method-codes.html" : "SNOMED CT Administration Method Codes"
    },
    {
      "url" : "http://terminology.hl7.org/CodeSystem/common-tags",
      "version" : "1.0.1",
      "status" : "active",
      "name" : "CommonTags",
      "title" : "Common Tags",
      "description" : "Common Tag Codes defined by FHIR project",
      "oids" : ["2.16.840.1.113883.4.642.1.1067"],
      "uses" : {
      },
      "http://hl7.org/fhir/R4/valueset-common-tags.html" : "Common Tags"
    },
    {
      "url" : "http://terminology.hl7.org/CodeSystem/contactentity-type",
      "version" : "1.0.0",
      "status" : "draft",
      "name" : "ContactEntityType",
      "title" : "Contact entity type",
      "description" : "This example value set defines a set of codes that can be used to indicate the purpose for which you would contact a contact party.",
      "oids" : ["2.16.840.1.113883.4.642.1.1129"],
      "uses" : {
      },
      "http://hl7.org/fhir/R4/valueset-contactentity-type.html" : "Contact entity type"
    },
    {
      "url" : "http://terminology.hl7.org/CodeSystem/dose-rate-type",
      "version" : "1.0.0",
      "status" : "draft",
      "name" : "DoseAndRateType",
      "title" : "DoseAndRateType",
      "description" : "The kind of dose or rate specified.",
      "oids" : ["2.16.840.1.113883.4.642.1.1069"],
      "uses" : {
      },
      "http://hl7.org/fhir/R4/valueset-dose-rate-type.html" : "DoseAndRateType"
    },
    {
      "url" : "http://terminology.hl7.org/CodeSystem/list-empty-reason",
      "version" : "1.0.1",
      "status" : "active",
      "name" : "ListEmptyReasons",
      "title" : "List Empty Reasons",
      "description" : "General reasons for a list to be empty. Reasons are either related to a summary list (i.e. problem or medication list) or to a workflow related list (i.e. consultation list).",
      "oids" : ["2.16.840.1.113883.4.642.1.1106"],
      "uses" : {
      },
      "http://hl7.org/fhir/R4/valueset-list-empty-reason.html" : "List Empty Reasons"
    },
    {
      "url" : "http://terminology.hl7.org/CodeSystem/medicationdispense-performer-function",
      "version" : "1.0.1",
      "status" : "active",
      "name" : "MedicationDispensePerformerFunctionCodes",
      "title" : "MedicationDispense Performer Function Codes",
      "description" : "MedicationDispense Performer Function Codes",
      "oids" : ["2.16.840.1.113883.4.642.1.1319"],
      "uses" : {
      },
      "http://hl7.org/fhir/R4/valueset-medicationdispense-performer-function.html" : "Medication dispense  performer  function  codes"
    },
    {
      "url" : "http://terminology.hl7.org/CodeSystem/medicationdispense-status",
      "version" : "4.0.1",
      "status" : "draft",
      "name" : "MedicationDispense Status Codes",
      "title" : "Medication dispense  status  codes",
      "description" : "MedicationDispense Status Codes",
      "oids" : ["2.16.840.1.113883.4.642.4.1313"],
      "uses" : {
      },
      "http://hl7.org/fhir/R4/valueset-medicationdispense-status.html" : "Medication dispense  status  codes"
    },
    {
      "url" : "http://terminology.hl7.org/CodeSystem/medicationrequest-category",
      "version" : "1.0.0",
      "status" : "draft",
      "name" : "MedicationRequestCategoryCodes",
      "title" : "MedicationRequest Category Codes",
      "description" : "MedicationRequest Category Codes",
      "oids" : ["2.16.840.1.113883.4.642.1.1323"],
      "uses" : {
      },
      "http://hl7.org/fhir/R4/valueset-medicationrequest-category.html" : "Medication request  category  codes"
    },
    {
      "url" : "http://terminology.hl7.org/CodeSystem/medicationrequest-course-of-therapy",
      "version" : "1.0.1",
      "status" : "active",
      "name" : "MedicationRequestCourseOfTherapyCodes",
      "title" : "MedicationRequest Course of Therapy Codes",
      "description" : "MedicationRequest Course of Therapy Codes",
      "oids" : ["2.16.840.1.113883.4.642.1.1327"],
      "uses" : {
      },
      "http://hl7.org/fhir/R4/valueset-medicationrequest-course-of-therapy.html" : "Medication request  course of  therapy  codes"
    },
    {
      "url" : "http://terminology.hl7.org/CodeSystem/medicationrequest-status-reason",
      "version" : "1.0.1",
      "status" : "active",
      "name" : "MedicationRequestStatusReasonCodes",
      "title" : "MedicationRequest Status Reason Codes",
      "description" : "MedicationRequest Status Reason Codes",
      "oids" : ["2.16.840.1.113883.4.642.1.1325"],
      "uses" : {
      },
      "http://hl7.org/fhir/R4/valueset-medicationrequest-status-reason.html" : "Medication request  status  reason  codes"
    },
    {
      "url" : "http://terminology.hl7.org/CodeSystem/organization-type",
      "version" : "2.0.1",
      "status" : "active",
      "name" : "OrganizationType",
      "title" : "Organization type",
      "description" : "This example value set defines a set of codes that can be used to indicate a type of organization.",
      "oids" : ["2.16.840.1.113883.4.642.1.1128"],
      "uses" : {
      },
      "http://hl7.org/fhir/R4/valueset-organization-type.html" : "Organization type"
    },
    {
      "url" : "http://terminology.hl7.org/CodeSystem/v2-0203",
      "version" : "4.0.0",
      "status" : "active",
      "name" : "IdentifierType",
      "title" : "identifierType",
      "description" : "HL7-defined code system of concepts specifying type of identifier. Used in HL7 Version 2.x messaging data types CX, PLN, PPN, XCN and XON.",
      "oids" : ["2.16.840.1.113883.18.108"],
      "uses" : {
      },
      "http://terminology.hl7.org/6.4.0/ValueSet-v2-0203.html" : "hl7VS-identifierType",
      "http://hl7.org/fhir/R4/valueset-identifier-type.html" : "IdentifierType"
    },
    {
      "url" : "http://terminology.hl7.org/CodeSystem/v3-ActCode",
      "version" : "9.0.0",
      "status" : "active",
      "name" : "ActCode",
      "title" : "ActCode",
      "description" : "A code specifying the particular kind of Act that the Act-instance represents within its class.\r\n\r\n*Constraints:* The kind of Act (e.g. physical examination, serum potassium, inpatient encounter, charge financial transaction, etc.) is specified with a code from one of several, typically external, coding systems. The coding system will depend on the class of Act, such as LOINC for observations, etc.\r\n\r\nConceptually, the Act.code must be a specialization of the Act.classCode. This is why the structure of ActClass domain should be reflected in the superstructure of the ActCode domain and then individual codes or externally referenced vocabularies subordinated under these domains that reflect the ActClass structure.\r\n\r\nAct.classCode and Act.code are not modifiers of each other but the Act.code concept should really imply the Act.classCode concept. For a negative example, it is not appropriate to use an Act.code \"potassium\" together with and Act.classCode for \"laboratory observation\" to somehow mean \"potassium laboratory observation\" and then use the same Act.code for \"potassium\" together with Act.classCode for \"medication\" to mean \"substitution of potassium\". This mutually modifying use of Act.code and Act.classCode is not permitted.",
      "oids" : ["2.16.840.1.113883.5.4"],
      "uses" : {
      },
      "http://terminology.hl7.org/6.4.0/ValueSet-v3-ActCode.html" : "v3 Code System ActCode"
    },
    {
      "url" : "http://terminology.hl7.org/CodeSystem/v3-ActReason",
      "version" : "3.1.0",
      "status" : "active",
      "name" : "ActReason",
      "title" : "ActReason",
      "description" : "A set of codes specifying the motivation, cause, or rationale of an Act, when such rationale is not reasonably represented as an ActRelationship of type \"has reason\" linking to another Act.\r\n\r\n*Examples:* Example reasons that might qualify for being coded in this field might be: \"routine requirement\", \"infectious disease reporting requirement\", \"on patient request\", \"required by law\".",
      "oids" : ["2.16.840.1.113883.5.8"],
      "uses" : {
      },
      "http://terminology.hl7.org/6.4.0/ValueSet-v3-SubstanceAdminSubstitutionReason.html" : "SubstanceAdminSubstitutionReason"
    },
    {
      "url" : "http://terminology.hl7.org/CodeSystem/v3-Confidentiality",
      "version" : "3.0.0",
      "status" : "active",
      "name" : "Confidentiality",
      "title" : "Confidentiality",
      "description" : "A set of codes specifying the security classification of acts and roles in accordance with the definition for concept domain \"Confidentiality\".",
      "oids" : ["2.16.840.1.113883.5.25"],
      "uses" : {
      },
      "http://hl7.org/fhir/R4/v3/ConfidentialityClassification/vs.html" : "V3 Value SetConfidentialityClassification"
    },
    {
      "url" : "http://terminology.hl7.org/CodeSystem/v3-substanceAdminSubstitution",
      "version" : "3.0.0",
      "status" : "active",
      "name" : "SubstanceAdminSubstitution",
      "title" : "Substance Admin Substitution",
      "description" : "Identifies what sort of change is permitted or has occurred between the therapy that was ordered and the therapy that was/will be provided.",
      "oids" : ["2.16.840.1.113883.5.1070"],
      "uses" : {
      },
      "http://terminology.hl7.org/6.4.0/ValueSet-v3-ActSubstanceAdminSubstitutionCode.html" : "ActSubstanceAdminSubstitutionCode"
    },
    {
      "url" : "http://terminology.hl7.org/fhir/CodeSystem/medicationdispense-category",
      "version" : "4.0.1",
      "status" : "draft",
      "name" : "MedicationDispense Category Codes",
      "title" : "Medication dispense  category  codes",
      "description" : "MedicationDispense Category Codes",
      "oids" : ["2.16.840.1.113883.4.642.4.1315"],
      "uses" : {
      },
      "http://hl7.org/fhir/R4/valueset-medicationdispense-category.html" : "Medication dispense  category  codes"
    },
    {
      "url" : "http://terminology.hl7.org/fhir/CodeSystem/medicationdispense-status-reason",
      "version" : "4.0.1",
      "status" : "draft",
      "name" : "MedicationDispense Status Reason Codes",
      "title" : "Medication dispense  status  reason  codes",
      "description" : "MedicationDispense Status Codes",
      "oids" : ["2.16.840.1.113883.4.642.4.1317"],
      "uses" : {
      },
      "http://hl7.org/fhir/R4/valueset-medicationdispense-status-reason.html" : "Medication dispense  status  reason  codes"
    },
    {
      "url" : "http://www.saude.gov.br/fhir/r4/CodeSystem/BRCBO",
      "version" : "1.0.0",
      "status" : "active",
      "name" : "BRCBO",
      "title" : "Classificação Brasileira de Ocupações (CBO)",
      "description" : "Classifica as profissões do mercado de trabalho brasileiro.",
      "uses" : {
      },
      "ValueSet-BROcupacao-1.0.html" : "Classificação Brasileira de Ocupações (CBO)"
    },
    {
      "url" : "http://www.saude.gov.br/fhir/r4/CodeSystem/BRCIAP2",
      "version" : "1.0.0",
      "status" : "draft",
      "name" : "BRCIAP2",
      "title" : "Classificação Internacional de Atenção Primária - Segunda Edição (CIAP2)",
      "description" : "Classifica os problemas identificados no contato assistencial pelos profissionais de saúde, os motivos da contato assistencial e as respostas propostas pela equipe seguindo a sistematização SOAP.",
      "uses" : {
      },
      "ValueSet-BRProblemaDiagnostico.html" : "Classificação Internacional de Doenças (Atenção Primária)"
    },
    {
      "url" : "http://www.saude.gov.br/fhir/r4/CodeSystem/BRCID10",
      "version" : "1.0.0",
      "status" : "active",
      "name" : "BRCID10",
      "title" : "Classificação Internacional de Doenças - Décima Revisão (CID-10)",
      "description" : "Classifica as doenças e outros problemas em saúde registrados em diversos tipos de documentos clínicos.",
      "uses" : {
      },
      "ValueSet-BRProblemaDiagnostico.html" : "Classificação Internacional de Doenças (Atenção Primária)"
    },
    {
      "url" : "http://www.saude.gov.br/fhir/r4/CodeSystem/BRObmAMPP",
      "version" : "1.0.0",
      "status" : "draft",
      "name" : "BRObmAMPP",
      "title" : "Terminologia de Produto Medicinal Comercial com Apresentação (AMPP) na Ontologia Brasileira de Medicamentos (OBM)",
      "description" : "Apresenta o Terminologia de Produto Medicinal Comercial com Apresentação (AMPP) e seu Código na Ontologia Brasileira de Medicamentos (OBM)",
      "uses" : {
      },
      "ValueSet-BRTerminologiaMedicamento.html" : "Terminologia dos medicamentos"
    },
    {
      "url" : "http://www.saude.gov.br/fhir/r4/CodeSystem/BRObmANVISA",
      "version" : "1.0.0",
      "status" : "draft",
      "name" : "BRObmANVISA",
      "title" : "Terminologia de Produto Medicinal Comercial com Apresentação (AMPP) na Agência Nacional de Vigilância Sanitária (Anvisa)",
      "description" : "Apresenta o Produto Medicinal Comercial com Apresentação (AMPP) e seu Código de Registro na Agência Nacional de Vigilância Sanitária (Anvisa)",
      "uses" : {
      },
      "ValueSet-BRTerminologiaMedicamento.html" : "Terminologia dos medicamentos"
    },
    {
      "url" : "http://www.saude.gov.br/fhir/r4/CodeSystem/BRObmCATMAT",
      "version" : "1.0.0",
      "status" : "draft",
      "name" : "BRObmCATMAT",
      "title" : "Terminologia de Produto Medicinal Virtual (VMP) no Catálogo de Materiais (CATMAT)",
      "description" : "Apresenta o Produto Medicinal Virtual (VMP) e seu código no Catálogo de Materiais (CATMAT)",
      "uses" : {
      },
      "ValueSet-BRTerminologiaMedicamento.html" : "Terminologia dos medicamentos"
    },
    {
      "url" : "http://www.saude.gov.br/fhir/r4/CodeSystem/BRObmEAN",
      "version" : "1.0.0",
      "status" : "draft",
      "name" : "BRObmEAN",
      "title" : "Terminologia de Produto Medicinal Virtual (VMP) na GS1.org",
      "description" : "Apresenta o Produto Medicinal Virtual (VMP) e seu Número Europeu do Artigo (EAN) na GS1.org",
      "uses" : {
      },
      "ValueSet-BRTerminologiaMedicamento.html" : "Terminologia dos medicamentos"
    },
    {
      "url" : "http://www.saude.gov.br/fhir/r4/CodeSystem/BRObmVMP",
      "version" : "1.0.0",
      "status" : "draft",
      "name" : "BRObmVMP",
      "title" : "Terminologia de Produto Medicinal Virtual (VMP) na Ontologia Brasileira de Medicamentos (OBM)",
      "description" : "Apresenta o Produto Medicinal Virtual (VMP) e seu Código na Ontologia Brasileira de Medicamentos (OBM)",
      "uses" : {
      },
      "ValueSet-BRTerminologiaMedicamento.html" : "Terminologia dos medicamentos"
    },
    {
      "url" : "http://www.saude.gov.br/fhir/r4/CodeSystem/BRTipoDispensacaoRealizada",
      "version" : "1.0.0",
      "status" : "draft",
      "name" : "CodeSystem-BRTipoDispensacaoRealizada",
      "title" : "Tipo de Dispensação Realizada",
      "description" : "Indica o tipo de dispensação que foi realizada",
      "uses" : {
      },
      "ValueSet-valueset-brtipodispensacaorealizada.html" : "Tipo de Dispensação Realizada"
    },
    {
      "url" : "http://www.saude.gov.br/fhir/r4/CodeSystem/BRTipoDocumento",
      "version" : "1.0.0",
      "status" : "active",
      "name" : "BRTipoDocumento",
      "title" : "Tipo de Documento",
      "description" : "Classificação dos tipos de documentos compartilhados no Brasil.",
      "uses" : {
      },
      "ValueSet-BRTipoDocumento-1.0.html" : "Tipo de Documento"
    },
    {
      "url" : "http://www.saude.gov.br/fhir/r4/CodeSystem/BRUnidadeMedida",
      "version" : "1.0.0",
      "status" : "active",
      "name" : "BRUnidadeMedida",
      "title" : "Unidade de Medida",
      "description" : "CodeSystem utilizado para definir a unidade de medida de um medicamento prescrito, para consumo ou especificação do fabricante.",
      "uses" : {
      },
      "ValueSet-BRUnidadeMedidaMedicamento.html" : "Unidade de Medida de Medicamento"
    },
    {
      "url" : "http://www.saude.gov.br/fhir/r4/CodeSystem/BRViaAdministracao",
      "version" : "1.0.0",
      "status" : "active",
      "name" : "BRViaAdministracao",
      "title" : "Via de Administração",
      "description" : "Classifica a via na qual foi administrada uma substância em um indivíduo.",
      "uses" : {
      },
      "ValueSet-BRViaAdministracao-1.0.html" : "Via de Administração"
    },
    {
      "url" : "https://terminologia.saude.gov.br/fhir/CodeSystem/BRConselhoProfissional",
      "version" : "1.0.0",
      "status" : "draft",
      "name" : "BRConselhoProfissional",
      "title" : "Conselhos profissionais de saúde do Brasil",
      "description" : "Esse CodeSystem inclui os conselhos profissionais de saúde do Brasil, conforme a Resolução CNS 251/1997.",
      "uses" : {
      },
      "ValueSet-BROutrosProfissionais.html" : "Conselhos regionais de outros profissionais da saúde do Brasil",
      "ValueSet-BRCRF.html" : "Conselhos regionais de Farmácia do Brasil",
      "ValueSet-BRCOREN.html" : "Conselhos regionais de Enfermagem do Brasil",
      "ValueSet-BRCRO.html" : "Conselhos regionais de Odontologia do Brasil",
      "ValueSet-BRCRM.html" : "Conselhos regionais de Medicina do Brasil"
    },
    {
      "url" : "urn:ietf:bcp:47",
      "version" : "2.0.1",
      "status" : "active",
      "name" : "Ietf3066",
      "title" : "Tags for the Identification of Languages",
      "description" : "Older value from OID registry.  Superceded; see recommendations in BCP-47.",
      "oids" : ["2.16.840.1.113883.6.121"],
      "uses" : {
      },
      "http://hl7.org/fhir/R4/valueset-languages.html" : "Common Languages"
    }
  ]
}
