{
  "resourceType" : "CodeSystem",
  "id" : "BRConselhoProfissional",
  "meta" : {
    "profile" : ["http://hl7.org/fhir/StructureDefinition/shareablecodesystem"]
  },
  "language" : "pt-BR",
  "text" : {
    "status" : "generated",
    "div" : "<div xmlns=\"http://www.w3.org/1999/xhtml\"><p class=\"res-header-id\"><b>Generated Narrative: CodeSystem BRConselhoProfissional</b></p><a name=\"BRConselhoProfissional\"/><a name=\"hcBRConselhoProfissional\"/><a name=\"BRConselhoProfissional-pt-BR\"/><p>This case-sensitive code system <code>https://terminologia.saude.gov.br/fhir/CodeSystem/BRConselhoProfissional</code> defines the following codes:</p><table class=\"codes\"><tr><td style=\"white-space:nowrap\"><b>Code</b></td><td><b>Display</b></td><td><b>Definition</b></td></tr><tr><td style=\"white-space:nowrap\">https://saude.gov.br/sid/crf-ac<a name=\"BRConselhoProfissional-https.58.47.47saude.46gov.46br.47sid.47crf-ac\"/></td><td>CRF-AC</td><td>CONSELHO REGIONAL DE FARMÁCIA</td></tr><tr><td style=\"white-space:nowrap\">https://saude.gov.br/sid/crf-al<a name=\"BRConselhoProfissional-https.58.47.47saude.46gov.46br.47sid.47crf-al\"/></td><td>CRF-AL</td><td>CONSELHO REGIONAL DE FARMÁCIA</td></tr><tr><td style=\"white-space:nowrap\">https://saude.gov.br/sid/crf-am<a name=\"BRConselhoProfissional-https.58.47.47saude.46gov.46br.47sid.47crf-am\"/></td><td>CRF-AM</td><td>CONSELHO REGIONAL DE FARMÁCIA</td></tr><tr><td style=\"white-space:nowrap\">https://saude.gov.br/sid/crf-ap<a name=\"BRConselhoProfissional-https.58.47.47saude.46gov.46br.47sid.47crf-ap\"/></td><td>CRF-AP</td><td>CONSELHO REGIONAL DE FARMÁCIA</td></tr><tr><td style=\"white-space:nowrap\">https://saude.gov.br/sid/crf-ba<a name=\"BRConselhoProfissional-https.58.47.47saude.46gov.46br.47sid.47crf-ba\"/></td><td>CRF-BA</td><td>CONSELHO REGIONAL DE FARMÁCIA</td></tr><tr><td style=\"white-space:nowrap\">https://saude.gov.br/sid/crf-ce<a name=\"BRConselhoProfissional-https.58.47.47saude.46gov.46br.47sid.47crf-ce\"/></td><td>CRF-CE</td><td>CONSELHO REGIONAL DE FARMÁCIA</td></tr><tr><td style=\"white-space:nowrap\">https://saude.gov.br/sid/crf-df<a name=\"BRConselhoProfissional-https.58.47.47saude.46gov.46br.47sid.47crf-df\"/></td><td>CRF-DF</td><td>CONSELHO REGIONAL DE FARMÁCIA</td></tr><tr><td style=\"white-space:nowrap\">https://saude.gov.br/sid/crf-es<a name=\"BRConselhoProfissional-https.58.47.47saude.46gov.46br.47sid.47crf-es\"/></td><td>CRF-ES</td><td>CONSELHO REGIONAL DE FARMÁCIA</td></tr><tr><td style=\"white-space:nowrap\">https://saude.gov.br/sid/crf-go<a name=\"BRConselhoProfissional-https.58.47.47saude.46gov.46br.47sid.47crf-go\"/></td><td>CRF-GO</td><td>CONSELHO REGIONAL DE FARMÁCIA</td></tr><tr><td style=\"white-space:nowrap\">https://saude.gov.br/sid/crf-ma<a name=\"BRConselhoProfissional-https.58.47.47saude.46gov.46br.47sid.47crf-ma\"/></td><td>CRF-MA</td><td>CONSELHO REGIONAL DE FARMÁCIA</td></tr><tr><td style=\"white-space:nowrap\">https://saude.gov.br/sid/crf-mg<a name=\"BRConselhoProfissional-https.58.47.47saude.46gov.46br.47sid.47crf-mg\"/></td><td>CRF-MG</td><td>CONSELHO REGIONAL DE FARMÁCIA</td></tr><tr><td style=\"white-space:nowrap\">https://saude.gov.br/sid/crf-ms<a name=\"BRConselhoProfissional-https.58.47.47saude.46gov.46br.47sid.47crf-ms\"/></td><td>CRF-MS</td><td>CONSELHO REGIONAL DE FARMÁCIA</td></tr><tr><td style=\"white-space:nowrap\">https://saude.gov.br/sid/crf-mt<a name=\"BRConselhoProfissional-https.58.47.47saude.46gov.46br.47sid.47crf-mt\"/></td><td>CRF-MT</td><td>CONSELHO REGIONAL DE FARMÁCIA</td></tr><tr><td style=\"white-space:nowrap\">https://saude.gov.br/sid/crf-pa<a name=\"BRConselhoProfissional-https.58.47.47saude.46gov.46br.47sid.47crf-pa\"/></td><td>CRF-PA</td><td>CONSELHO REGIONAL DE FARMÁCIA</td></tr><tr><td style=\"white-space:nowrap\">https://saude.gov.br/sid/crf-pb<a name=\"BRConselhoProfissional-https.58.47.47saude.46gov.46br.47sid.47crf-pb\"/></td><td>CRF-PB</td><td>CONSELHO REGIONAL DE FARMÁCIA</td></tr><tr><td style=\"white-space:nowrap\">https://saude.gov.br/sid/crf-pe<a name=\"BRConselhoProfissional-https.58.47.47saude.46gov.46br.47sid.47crf-pe\"/></td><td>CRF-PE</td><td>CONSELHO REGIONAL DE FARMÁCIA</td></tr><tr><td style=\"white-space:nowrap\">https://saude.gov.br/sid/crf-pi<a name=\"BRConselhoProfissional-https.58.47.47saude.46gov.46br.47sid.47crf-pi\"/></td><td>CRF-PI</td><td>CONSELHO REGIONAL DE FARMÁCIA</td></tr><tr><td style=\"white-space:nowrap\">https://saude.gov.br/sid/crf-pr<a name=\"BRConselhoProfissional-https.58.47.47saude.46gov.46br.47sid.47crf-pr\"/></td><td>CRF-PR</td><td>CONSELHO REGIONAL DE FARMÁCIA</td></tr><tr><td style=\"white-space:nowrap\">https://saude.gov.br/sid/crf-rj<a name=\"BRConselhoProfissional-https.58.47.47saude.46gov.46br.47sid.47crf-rj\"/></td><td>CRF-RJ</td><td>CONSELHO REGIONAL DE FARMÁCIA</td></tr><tr><td style=\"white-space:nowrap\">https://saude.gov.br/sid/crf-rn<a name=\"BRConselhoProfissional-https.58.47.47saude.46gov.46br.47sid.47crf-rn\"/></td><td>CRF-RN</td><td>CONSELHO REGIONAL DE FARMÁCIA</td></tr><tr><td style=\"white-space:nowrap\">https://saude.gov.br/sid/crf-ro<a name=\"BRConselhoProfissional-https.58.47.47saude.46gov.46br.47sid.47crf-ro\"/></td><td>CRF-RO</td><td>CONSELHO REGIONAL DE FARMÁCIA</td></tr><tr><td style=\"white-space:nowrap\">https://saude.gov.br/sid/crf-rr<a name=\"BRConselhoProfissional-https.58.47.47saude.46gov.46br.47sid.47crf-rr\"/></td><td>CRF-RR</td><td>CONSELHO REGIONAL DE FARMÁCIA</td></tr><tr><td style=\"white-space:nowrap\">https://saude.gov.br/sid/crf-rs<a name=\"BRConselhoProfissional-https.58.47.47saude.46gov.46br.47sid.47crf-rs\"/></td><td>CRF-RS</td><td>CONSELHO REGIONAL DE FARMÁCIA</td></tr><tr><td style=\"white-space:nowrap\">https://saude.gov.br/sid/crf-sc<a name=\"BRConselhoProfissional-https.58.47.47saude.46gov.46br.47sid.47crf-sc\"/></td><td>CRF-SC</td><td>CONSELHO REGIONAL DE FARMÁCIA</td></tr><tr><td style=\"white-space:nowrap\">https://saude.gov.br/sid/crf-se<a name=\"BRConselhoProfissional-https.58.47.47saude.46gov.46br.47sid.47crf-se\"/></td><td>CRF-SE</td><td>CONSELHO REGIONAL DE FARMÁCIA</td></tr><tr><td style=\"white-space:nowrap\">https://saude.gov.br/sid/crf-sp<a name=\"BRConselhoProfissional-https.58.47.47saude.46gov.46br.47sid.47crf-sp\"/></td><td>CRF-SP</td><td>CONSELHO REGIONAL DE FARMÁCIA</td></tr><tr><td style=\"white-space:nowrap\">https://saude.gov.br/sid/crf-to<a name=\"BRConselhoProfissional-https.58.47.47saude.46gov.46br.47sid.47crf-to\"/></td><td>CRF-TO</td><td>CONSELHO REGIONAL DE FARMÁCIA</td></tr><tr><td style=\"white-space:nowrap\">https://saude.gov.br/sid/cro-ac<a name=\"BRConselhoProfissional-https.58.47.47saude.46gov.46br.47sid.47cro-ac\"/></td><td>CRO-AC</td><td>CONSELHO REGIONAL DE ODONTOLOGIA</td></tr><tr><td style=\"white-space:nowrap\">https://saude.gov.br/sid/cro-al<a name=\"BRConselhoProfissional-https.58.47.47saude.46gov.46br.47sid.47cro-al\"/></td><td>CRO-AL</td><td>CONSELHO REGIONAL DE ODONTOLOGIA</td></tr><tr><td style=\"white-space:nowrap\">https://saude.gov.br/sid/cro-am<a name=\"BRConselhoProfissional-https.58.47.47saude.46gov.46br.47sid.47cro-am\"/></td><td>CRO-AM</td><td>CONSELHO REGIONAL DE ODONTOLOGIA</td></tr><tr><td style=\"white-space:nowrap\">https://saude.gov.br/sid/cro-ap<a name=\"BRConselhoProfissional-https.58.47.47saude.46gov.46br.47sid.47cro-ap\"/></td><td>CRO-AP</td><td>CONSELHO REGIONAL DE ODONTOLOGIA</td></tr><tr><td style=\"white-space:nowrap\">https://saude.gov.br/sid/cro-ba<a name=\"BRConselhoProfissional-https.58.47.47saude.46gov.46br.47sid.47cro-ba\"/></td><td>CRO-BA</td><td>CONSELHO REGIONAL DE ODONTOLOGIA</td></tr><tr><td style=\"white-space:nowrap\">https://saude.gov.br/sid/cro-ce<a name=\"BRConselhoProfissional-https.58.47.47saude.46gov.46br.47sid.47cro-ce\"/></td><td>CRO-CE</td><td>CONSELHO REGIONAL DE ODONTOLOGIA</td></tr><tr><td style=\"white-space:nowrap\">https://saude.gov.br/sid/cro-df<a name=\"BRConselhoProfissional-https.58.47.47saude.46gov.46br.47sid.47cro-df\"/></td><td>CRO-DF</td><td>CONSELHO REGIONAL DE ODONTOLOGIA</td></tr><tr><td style=\"white-space:nowrap\">https://saude.gov.br/sid/cro-es<a name=\"BRConselhoProfissional-https.58.47.47saude.46gov.46br.47sid.47cro-es\"/></td><td>CRO-ES</td><td>CONSELHO REGIONAL DE ODONTOLOGIA</td></tr><tr><td style=\"white-space:nowrap\">https://saude.gov.br/sid/cro-go<a name=\"BRConselhoProfissional-https.58.47.47saude.46gov.46br.47sid.47cro-go\"/></td><td>CRO-GO</td><td>CONSELHO REGIONAL DE ODONTOLOGIA</td></tr><tr><td style=\"white-space:nowrap\">https://saude.gov.br/sid/cro-ma<a name=\"BRConselhoProfissional-https.58.47.47saude.46gov.46br.47sid.47cro-ma\"/></td><td>CRO-MA</td><td>CONSELHO REGIONAL DE ODONTOLOGIA</td></tr><tr><td style=\"white-space:nowrap\">https://saude.gov.br/sid/cro-mg<a name=\"BRConselhoProfissional-https.58.47.47saude.46gov.46br.47sid.47cro-mg\"/></td><td>CRO-MG</td><td>CONSELHO REGIONAL DE ODONTOLOGIA</td></tr><tr><td style=\"white-space:nowrap\">https://saude.gov.br/sid/cro-ms<a name=\"BRConselhoProfissional-https.58.47.47saude.46gov.46br.47sid.47cro-ms\"/></td><td>CRO-MS</td><td>CONSELHO REGIONAL DE ODONTOLOGIA</td></tr><tr><td style=\"white-space:nowrap\">https://saude.gov.br/sid/cro-mt<a name=\"BRConselhoProfissional-https.58.47.47saude.46gov.46br.47sid.47cro-mt\"/></td><td>CRO-MT</td><td>CONSELHO REGIONAL DE ODONTOLOGIA</td></tr><tr><td style=\"white-space:nowrap\">https://saude.gov.br/sid/cro-pa<a name=\"BRConselhoProfissional-https.58.47.47saude.46gov.46br.47sid.47cro-pa\"/></td><td>CRO-PA</td><td>CONSELHO REGIONAL DE ODONTOLOGIA</td></tr><tr><td style=\"white-space:nowrap\">https://saude.gov.br/sid/cro-pb<a name=\"BRConselhoProfissional-https.58.47.47saude.46gov.46br.47sid.47cro-pb\"/></td><td>CRO-PB</td><td>CONSELHO REGIONAL DE ODONTOLOGIA</td></tr><tr><td style=\"white-space:nowrap\">https://saude.gov.br/sid/cro-pe<a name=\"BRConselhoProfissional-https.58.47.47saude.46gov.46br.47sid.47cro-pe\"/></td><td>CRO-PE</td><td>CONSELHO REGIONAL DE ODONTOLOGIA</td></tr><tr><td style=\"white-space:nowrap\">https://saude.gov.br/sid/cro-pi<a name=\"BRConselhoProfissional-https.58.47.47saude.46gov.46br.47sid.47cro-pi\"/></td><td>CRO-PI</td><td>CONSELHO REGIONAL DE ODONTOLOGIA</td></tr><tr><td style=\"white-space:nowrap\">https://saude.gov.br/sid/cro-pr<a name=\"BRConselhoProfissional-https.58.47.47saude.46gov.46br.47sid.47cro-pr\"/></td><td>CRO-PR</td><td>CONSELHO REGIONAL DE ODONTOLOGIA</td></tr><tr><td style=\"white-space:nowrap\">https://saude.gov.br/sid/cro-rj<a name=\"BRConselhoProfissional-https.58.47.47saude.46gov.46br.47sid.47cro-rj\"/></td><td>CRO-RJ</td><td>CONSELHO REGIONAL DE ODONTOLOGIA</td></tr><tr><td style=\"white-space:nowrap\">https://saude.gov.br/sid/cro-rn<a name=\"BRConselhoProfissional-https.58.47.47saude.46gov.46br.47sid.47cro-rn\"/></td><td>CRO-RN</td><td>CONSELHO REGIONAL DE ODONTOLOGIA</td></tr><tr><td style=\"white-space:nowrap\">https://saude.gov.br/sid/cro-ro<a name=\"BRConselhoProfissional-https.58.47.47saude.46gov.46br.47sid.47cro-ro\"/></td><td>CRO-RO</td><td>CONSELHO REGIONAL DE ODONTOLOGIA</td></tr><tr><td style=\"white-space:nowrap\">https://saude.gov.br/sid/cro-rr<a name=\"BRConselhoProfissional-https.58.47.47saude.46gov.46br.47sid.47cro-rr\"/></td><td>CRO-RR</td><td>CONSELHO REGIONAL DE ODONTOLOGIA</td></tr><tr><td style=\"white-space:nowrap\">https://saude.gov.br/sid/cro-rs<a name=\"BRConselhoProfissional-https.58.47.47saude.46gov.46br.47sid.47cro-rs\"/></td><td>CRO-RS</td><td>CONSELHO REGIONAL DE ODONTOLOGIA</td></tr><tr><td style=\"white-space:nowrap\">https://saude.gov.br/sid/cro-sc<a name=\"BRConselhoProfissional-https.58.47.47saude.46gov.46br.47sid.47cro-sc\"/></td><td>CRO-SC</td><td>CONSELHO REGIONAL DE ODONTOLOGIA</td></tr><tr><td style=\"white-space:nowrap\">https://saude.gov.br/sid/cro-se<a name=\"BRConselhoProfissional-https.58.47.47saude.46gov.46br.47sid.47cro-se\"/></td><td>CRO-SE</td><td>CONSELHO REGIONAL DE ODONTOLOGIA</td></tr><tr><td style=\"white-space:nowrap\">https://saude.gov.br/sid/cro-sp<a name=\"BRConselhoProfissional-https.58.47.47saude.46gov.46br.47sid.47cro-sp\"/></td><td>CRO-SP</td><td>CONSELHO REGIONAL DE ODONTOLOGIA</td></tr><tr><td style=\"white-space:nowrap\">https://saude.gov.br/sid/cro-to<a name=\"BRConselhoProfissional-https.58.47.47saude.46gov.46br.47sid.47cro-to\"/></td><td>CRO-TO</td><td>CONSELHO REGIONAL DE ODONTOLOGIA</td></tr><tr><td style=\"white-space:nowrap\">https://saude.gov.br/sid/coren-ac<a name=\"BRConselhoProfissional-https.58.47.47saude.46gov.46br.47sid.47coren-ac\"/></td><td>COREN-AC</td><td>CONSELHO REGIONAL DE ENFERMAGEM</td></tr><tr><td style=\"white-space:nowrap\">https://saude.gov.br/sid/coren-al<a name=\"BRConselhoProfissional-https.58.47.47saude.46gov.46br.47sid.47coren-al\"/></td><td>COREN-AL</td><td>CONSELHO REGIONAL DE ENFERMAGEM</td></tr><tr><td style=\"white-space:nowrap\">https://saude.gov.br/sid/coren-am<a name=\"BRConselhoProfissional-https.58.47.47saude.46gov.46br.47sid.47coren-am\"/></td><td>COREN-AM</td><td>CONSELHO REGIONAL DE ENFERMAGEM</td></tr><tr><td style=\"white-space:nowrap\">https://saude.gov.br/sid/coren-ap<a name=\"BRConselhoProfissional-https.58.47.47saude.46gov.46br.47sid.47coren-ap\"/></td><td>COREN-AP</td><td>CONSELHO REGIONAL DE ENFERMAGEM</td></tr><tr><td style=\"white-space:nowrap\">https://saude.gov.br/sid/coren-ba<a name=\"BRConselhoProfissional-https.58.47.47saude.46gov.46br.47sid.47coren-ba\"/></td><td>COREN-BA</td><td>CONSELHO REGIONAL DE ENFERMAGEM</td></tr><tr><td style=\"white-space:nowrap\">https://saude.gov.br/sid/coren-ce<a name=\"BRConselhoProfissional-https.58.47.47saude.46gov.46br.47sid.47coren-ce\"/></td><td>COREN-CE</td><td>CONSELHO REGIONAL DE ENFERMAGEM</td></tr><tr><td style=\"white-space:nowrap\">https://saude.gov.br/sid/coren-df<a name=\"BRConselhoProfissional-https.58.47.47saude.46gov.46br.47sid.47coren-df\"/></td><td>COREN-DF</td><td>CONSELHO REGIONAL DE ENFERMAGEM</td></tr><tr><td style=\"white-space:nowrap\">https://saude.gov.br/sid/coren-es<a name=\"BRConselhoProfissional-https.58.47.47saude.46gov.46br.47sid.47coren-es\"/></td><td>COREN-ES</td><td>CONSELHO REGIONAL DE ENFERMAGEM</td></tr><tr><td style=\"white-space:nowrap\">https://saude.gov.br/sid/coren-go<a name=\"BRConselhoProfissional-https.58.47.47saude.46gov.46br.47sid.47coren-go\"/></td><td>COREN-GO</td><td>CONSELHO REGIONAL DE ENFERMAGEM</td></tr><tr><td style=\"white-space:nowrap\">https://saude.gov.br/sid/coren-ma<a name=\"BRConselhoProfissional-https.58.47.47saude.46gov.46br.47sid.47coren-ma\"/></td><td>COREN-MA</td><td>CONSELHO REGIONAL DE ENFERMAGEM</td></tr><tr><td style=\"white-space:nowrap\">https://saude.gov.br/sid/coren-mg<a name=\"BRConselhoProfissional-https.58.47.47saude.46gov.46br.47sid.47coren-mg\"/></td><td>COREN-MG</td><td>CONSELHO REGIONAL DE ENFERMAGEM</td></tr><tr><td style=\"white-space:nowrap\">https://saude.gov.br/sid/coren-ms<a name=\"BRConselhoProfissional-https.58.47.47saude.46gov.46br.47sid.47coren-ms\"/></td><td>COREN-MS</td><td>CONSELHO REGIONAL DE ENFERMAGEM</td></tr><tr><td style=\"white-space:nowrap\">https://saude.gov.br/sid/coren-mt<a name=\"BRConselhoProfissional-https.58.47.47saude.46gov.46br.47sid.47coren-mt\"/></td><td>COREN-MT</td><td>CONSELHO REGIONAL DE ENFERMAGEM</td></tr><tr><td style=\"white-space:nowrap\">https://saude.gov.br/sid/coren-pa<a name=\"BRConselhoProfissional-https.58.47.47saude.46gov.46br.47sid.47coren-pa\"/></td><td>COREN-PA</td><td>CONSELHO REGIONAL DE ENFERMAGEM</td></tr><tr><td style=\"white-space:nowrap\">https://saude.gov.br/sid/coren-pb<a name=\"BRConselhoProfissional-https.58.47.47saude.46gov.46br.47sid.47coren-pb\"/></td><td>COREN-PB</td><td>CONSELHO REGIONAL DE ENFERMAGEM</td></tr><tr><td style=\"white-space:nowrap\">https://saude.gov.br/sid/coren-pe<a name=\"BRConselhoProfissional-https.58.47.47saude.46gov.46br.47sid.47coren-pe\"/></td><td>COREN-PE</td><td>CONSELHO REGIONAL DE ENFERMAGEM</td></tr><tr><td style=\"white-space:nowrap\">https://saude.gov.br/sid/coren-pi<a name=\"BRConselhoProfissional-https.58.47.47saude.46gov.46br.47sid.47coren-pi\"/></td><td>COREN-PI</td><td>CONSELHO REGIONAL DE ENFERMAGEM</td></tr><tr><td style=\"white-space:nowrap\">https://saude.gov.br/sid/coren-pr<a name=\"BRConselhoProfissional-https.58.47.47saude.46gov.46br.47sid.47coren-pr\"/></td><td>COREN-PR</td><td>CONSELHO REGIONAL DE ENFERMAGEM</td></tr><tr><td style=\"white-space:nowrap\">https://saude.gov.br/sid/coren-rj<a name=\"BRConselhoProfissional-https.58.47.47saude.46gov.46br.47sid.47coren-rj\"/></td><td>COREN-RJ</td><td>CONSELHO REGIONAL DE ENFERMAGEM</td></tr><tr><td style=\"white-space:nowrap\">https://saude.gov.br/sid/coren-rn<a name=\"BRConselhoProfissional-https.58.47.47saude.46gov.46br.47sid.47coren-rn\"/></td><td>COREN-RN</td><td>CONSELHO REGIONAL DE ENFERMAGEM</td></tr><tr><td style=\"white-space:nowrap\">https://saude.gov.br/sid/coren-ro<a name=\"BRConselhoProfissional-https.58.47.47saude.46gov.46br.47sid.47coren-ro\"/></td><td>COREN-RO</td><td>CONSELHO REGIONAL DE ENFERMAGEM</td></tr><tr><td style=\"white-space:nowrap\">https://saude.gov.br/sid/coren-rr<a name=\"BRConselhoProfissional-https.58.47.47saude.46gov.46br.47sid.47coren-rr\"/></td><td>COREN-RR</td><td>CONSELHO REGIONAL DE ENFERMAGEM</td></tr><tr><td style=\"white-space:nowrap\">https://saude.gov.br/sid/coren-rs<a name=\"BRConselhoProfissional-https.58.47.47saude.46gov.46br.47sid.47coren-rs\"/></td><td>COREN-RS</td><td>CONSELHO REGIONAL DE ENFERMAGEM</td></tr><tr><td style=\"white-space:nowrap\">https://saude.gov.br/sid/coren-sc<a name=\"BRConselhoProfissional-https.58.47.47saude.46gov.46br.47sid.47coren-sc\"/></td><td>COREN-SC</td><td>CONSELHO REGIONAL DE ENFERMAGEM</td></tr><tr><td style=\"white-space:nowrap\">https://saude.gov.br/sid/coren-se<a name=\"BRConselhoProfissional-https.58.47.47saude.46gov.46br.47sid.47coren-se\"/></td><td>COREN-SE</td><td>CONSELHO REGIONAL DE ENFERMAGEM</td></tr><tr><td style=\"white-space:nowrap\">https://saude.gov.br/sid/coren-sp<a name=\"BRConselhoProfissional-https.58.47.47saude.46gov.46br.47sid.47coren-sp\"/></td><td>COREN-SP</td><td>CONSELHO REGIONAL DE ENFERMAGEM</td></tr><tr><td style=\"white-space:nowrap\">https://saude.gov.br/sid/coren-to<a name=\"BRConselhoProfissional-https.58.47.47saude.46gov.46br.47sid.47coren-to\"/></td><td>COREN-TO</td><td>CONSELHO REGIONAL DE ENFERMAGEM</td></tr><tr><td style=\"white-space:nowrap\">https://saude.gov.br/sid/crm-ac<a name=\"BRConselhoProfissional-https.58.47.47saude.46gov.46br.47sid.47crm-ac\"/></td><td>CRM-AC</td><td>CONSELHO REGIONAL DE MEDICINA</td></tr><tr><td style=\"white-space:nowrap\">https://saude.gov.br/sid/crm-al<a name=\"BRConselhoProfissional-https.58.47.47saude.46gov.46br.47sid.47crm-al\"/></td><td>CRM-AL</td><td>CONSELHO REGIONAL DE MEDICINA</td></tr><tr><td style=\"white-space:nowrap\">https://saude.gov.br/sid/crm-am<a name=\"BRConselhoProfissional-https.58.47.47saude.46gov.46br.47sid.47crm-am\"/></td><td>CRM-AM</td><td>CONSELHO REGIONAL DE MEDICINA</td></tr><tr><td style=\"white-space:nowrap\">https://saude.gov.br/sid/crm-ap<a name=\"BRConselhoProfissional-https.58.47.47saude.46gov.46br.47sid.47crm-ap\"/></td><td>CRM-AP</td><td>CONSELHO REGIONAL DE MEDICINA</td></tr><tr><td style=\"white-space:nowrap\">https://saude.gov.br/sid/crm-ba<a name=\"BRConselhoProfissional-https.58.47.47saude.46gov.46br.47sid.47crm-ba\"/></td><td>CRM-BA</td><td>CONSELHO REGIONAL DE MEDICINA</td></tr><tr><td style=\"white-space:nowrap\">https://saude.gov.br/sid/crm-ce<a name=\"BRConselhoProfissional-https.58.47.47saude.46gov.46br.47sid.47crm-ce\"/></td><td>CRM-CE</td><td>CONSELHO REGIONAL DE MEDICINA</td></tr><tr><td style=\"white-space:nowrap\">https://saude.gov.br/sid/crm-df<a name=\"BRConselhoProfissional-https.58.47.47saude.46gov.46br.47sid.47crm-df\"/></td><td>CRM-DF</td><td>CONSELHO REGIONAL DE MEDICINA</td></tr><tr><td style=\"white-space:nowrap\">https://saude.gov.br/sid/crm-es<a name=\"BRConselhoProfissional-https.58.47.47saude.46gov.46br.47sid.47crm-es\"/></td><td>CRM-ES</td><td>CONSELHO REGIONAL DE MEDICINA</td></tr><tr><td style=\"white-space:nowrap\">https://saude.gov.br/sid/crm-go<a name=\"BRConselhoProfissional-https.58.47.47saude.46gov.46br.47sid.47crm-go\"/></td><td>CRM-GO</td><td>CONSELHO REGIONAL DE MEDICINA</td></tr><tr><td style=\"white-space:nowrap\">https://saude.gov.br/sid/crm-ma<a name=\"BRConselhoProfissional-https.58.47.47saude.46gov.46br.47sid.47crm-ma\"/></td><td>CRM-MA</td><td>CONSELHO REGIONAL DE MEDICINA</td></tr><tr><td style=\"white-space:nowrap\">https://saude.gov.br/sid/crm-mg<a name=\"BRConselhoProfissional-https.58.47.47saude.46gov.46br.47sid.47crm-mg\"/></td><td>CRM-MG</td><td>CONSELHO REGIONAL DE MEDICINA</td></tr><tr><td style=\"white-space:nowrap\">https://saude.gov.br/sid/crm-ms<a name=\"BRConselhoProfissional-https.58.47.47saude.46gov.46br.47sid.47crm-ms\"/></td><td>CRM-MS</td><td>CONSELHO REGIONAL DE MEDICINA</td></tr><tr><td style=\"white-space:nowrap\">https://saude.gov.br/sid/crm-mt<a name=\"BRConselhoProfissional-https.58.47.47saude.46gov.46br.47sid.47crm-mt\"/></td><td>CRM-MT</td><td>CONSELHO REGIONAL DE MEDICINA</td></tr><tr><td style=\"white-space:nowrap\">https://saude.gov.br/sid/crm-pa<a name=\"BRConselhoProfissional-https.58.47.47saude.46gov.46br.47sid.47crm-pa\"/></td><td>CRM-PA</td><td>CONSELHO REGIONAL DE MEDICINA</td></tr><tr><td style=\"white-space:nowrap\">https://saude.gov.br/sid/crm-pb<a name=\"BRConselhoProfissional-https.58.47.47saude.46gov.46br.47sid.47crm-pb\"/></td><td>CRM-PB</td><td>CONSELHO REGIONAL DE MEDICINA</td></tr><tr><td style=\"white-space:nowrap\">https://saude.gov.br/sid/crm-pe<a name=\"BRConselhoProfissional-https.58.47.47saude.46gov.46br.47sid.47crm-pe\"/></td><td>CRM-PE</td><td>CONSELHO REGIONAL DE MEDICINA</td></tr><tr><td style=\"white-space:nowrap\">https://saude.gov.br/sid/crm-pi<a name=\"BRConselhoProfissional-https.58.47.47saude.46gov.46br.47sid.47crm-pi\"/></td><td>CRM-PI</td><td>CONSELHO REGIONAL DE MEDICINA</td></tr><tr><td style=\"white-space:nowrap\">https://saude.gov.br/sid/crm-pr<a name=\"BRConselhoProfissional-https.58.47.47saude.46gov.46br.47sid.47crm-pr\"/></td><td>CRM-PR</td><td>CONSELHO REGIONAL DE MEDICINA</td></tr><tr><td style=\"white-space:nowrap\">https://saude.gov.br/sid/crm-rj<a name=\"BRConselhoProfissional-https.58.47.47saude.46gov.46br.47sid.47crm-rj\"/></td><td>CRM-RJ</td><td>CONSELHO REGIONAL DE MEDICINA</td></tr><tr><td style=\"white-space:nowrap\">https://saude.gov.br/sid/crm-rn<a name=\"BRConselhoProfissional-https.58.47.47saude.46gov.46br.47sid.47crm-rn\"/></td><td>CRM-RN</td><td>CONSELHO REGIONAL DE MEDICINA</td></tr><tr><td style=\"white-space:nowrap\">https://saude.gov.br/sid/crm-ro<a name=\"BRConselhoProfissional-https.58.47.47saude.46gov.46br.47sid.47crm-ro\"/></td><td>CRM-RO</td><td>CONSELHO REGIONAL DE MEDICINA</td></tr><tr><td style=\"white-space:nowrap\">https://saude.gov.br/sid/crm-rr<a name=\"BRConselhoProfissional-https.58.47.47saude.46gov.46br.47sid.47crm-rr\"/></td><td>CRM-RR</td><td>CONSELHO REGIONAL DE MEDICINA</td></tr><tr><td style=\"white-space:nowrap\">https://saude.gov.br/sid/crm-rs<a name=\"BRConselhoProfissional-https.58.47.47saude.46gov.46br.47sid.47crm-rs\"/></td><td>CRM-RS</td><td>CONSELHO REGIONAL DE MEDICINA</td></tr><tr><td style=\"white-space:nowrap\">https://saude.gov.br/sid/crm-sc<a name=\"BRConselhoProfissional-https.58.47.47saude.46gov.46br.47sid.47crm-sc\"/></td><td>CRM-SC</td><td>CONSELHO REGIONAL DE MEDICINA</td></tr><tr><td style=\"white-space:nowrap\">https://saude.gov.br/sid/crm-se<a name=\"BRConselhoProfissional-https.58.47.47saude.46gov.46br.47sid.47crm-se\"/></td><td>CRM-SE</td><td>CONSELHO REGIONAL DE MEDICINA</td></tr><tr><td style=\"white-space:nowrap\">https://saude.gov.br/sid/crm-sp<a name=\"BRConselhoProfissional-https.58.47.47saude.46gov.46br.47sid.47crm-sp\"/></td><td>CRM-SP</td><td>CONSELHO REGIONAL DE MEDICINA</td></tr><tr><td style=\"white-space:nowrap\">https://saude.gov.br/sid/crm-to<a name=\"BRConselhoProfissional-https.58.47.47saude.46gov.46br.47sid.47crm-to\"/></td><td>CRM-TO</td><td>CONSELHO REGIONAL DE MEDICINA</td></tr><tr><td style=\"white-space:nowrap\">https://saude.gov.br/sid/crp-ac-ro<a name=\"BRConselhoProfissional-https.58.47.47saude.46gov.46br.47sid.47crp-ac-ro\"/></td><td>CRP-AC-RO</td><td>CONSELHO REGIONAL DE PSICOLOGIA</td></tr><tr><td style=\"white-space:nowrap\">https://saude.gov.br/sid/crp-al<a name=\"BRConselhoProfissional-https.58.47.47saude.46gov.46br.47sid.47crp-al\"/></td><td>CRP-AL</td><td>CONSELHO REGIONAL DE PSICOLOGIA</td></tr><tr><td style=\"white-space:nowrap\">https://saude.gov.br/sid/crp-am-rr<a name=\"BRConselhoProfissional-https.58.47.47saude.46gov.46br.47sid.47crp-am-rr\"/></td><td>CRP-AM-RR</td><td>CONSELHO REGIONAL DE PSICOLOGIA</td></tr><tr><td style=\"white-space:nowrap\">https://saude.gov.br/sid/crp-ba<a name=\"BRConselhoProfissional-https.58.47.47saude.46gov.46br.47sid.47crp-ba\"/></td><td>CRP-BA</td><td>CONSELHO REGIONAL DE PSICOLOGIA</td></tr><tr><td style=\"white-space:nowrap\">https://saude.gov.br/sid/crp-ce<a name=\"BRConselhoProfissional-https.58.47.47saude.46gov.46br.47sid.47crp-ce\"/></td><td>CRP-CE</td><td>CONSELHO REGIONAL DE PSICOLOGIA</td></tr><tr><td style=\"white-space:nowrap\">https://saude.gov.br/sid/crp-df<a name=\"BRConselhoProfissional-https.58.47.47saude.46gov.46br.47sid.47crp-df\"/></td><td>CRP-DF</td><td>CONSELHO REGIONAL DE PSICOLOGIA</td></tr><tr><td style=\"white-space:nowrap\">https://saude.gov.br/sid/crp-es<a name=\"BRConselhoProfissional-https.58.47.47saude.46gov.46br.47sid.47crp-es\"/></td><td>CRP-ES</td><td>CONSELHO REGIONAL DE PSICOLOGIA</td></tr><tr><td style=\"white-space:nowrap\">https://saude.gov.br/sid/crp-go<a name=\"BRConselhoProfissional-https.58.47.47saude.46gov.46br.47sid.47crp-go\"/></td><td>CRP-GO</td><td>CONSELHO REGIONAL DE PSICOLOGIA</td></tr><tr><td style=\"white-space:nowrap\">https://saude.gov.br/sid/crp-ma<a name=\"BRConselhoProfissional-https.58.47.47saude.46gov.46br.47sid.47crp-ma\"/></td><td>CRP-MA</td><td>CONSELHO REGIONAL DE PSICOLOGIA</td></tr><tr><td style=\"white-space:nowrap\">https://saude.gov.br/sid/crp-mg<a name=\"BRConselhoProfissional-https.58.47.47saude.46gov.46br.47sid.47crp-mg\"/></td><td>CRP-MG</td><td>CONSELHO REGIONAL DE PSICOLOGIA</td></tr><tr><td style=\"white-space:nowrap\">https://saude.gov.br/sid/crp-ms<a name=\"BRConselhoProfissional-https.58.47.47saude.46gov.46br.47sid.47crp-ms\"/></td><td>CRP-MS</td><td>CONSELHO REGIONAL DE PSICOLOGIA</td></tr><tr><td style=\"white-space:nowrap\">https://saude.gov.br/sid/crp-mt<a name=\"BRConselhoProfissional-https.58.47.47saude.46gov.46br.47sid.47crp-mt\"/></td><td>CRP-MT</td><td>CONSELHO REGIONAL DE PSICOLOGIA</td></tr><tr><td style=\"white-space:nowrap\">https://saude.gov.br/sid/crp-pa-ap<a name=\"BRConselhoProfissional-https.58.47.47saude.46gov.46br.47sid.47crp-pa-ap\"/></td><td>CRP-PA-AP</td><td>CONSELHO REGIONAL DE PSICOLOGIA</td></tr><tr><td style=\"white-space:nowrap\">https://saude.gov.br/sid/crp-pb<a name=\"BRConselhoProfissional-https.58.47.47saude.46gov.46br.47sid.47crp-pb\"/></td><td>CRP-PB</td><td>CONSELHO REGIONAL DE PSICOLOGIA</td></tr><tr><td style=\"white-space:nowrap\">https://saude.gov.br/sid/crp-pe<a name=\"BRConselhoProfissional-https.58.47.47saude.46gov.46br.47sid.47crp-pe\"/></td><td>CRP-PE</td><td>CONSELHO REGIONAL DE PSICOLOGIA</td></tr><tr><td style=\"white-space:nowrap\">https://saude.gov.br/sid/crp-pi<a name=\"BRConselhoProfissional-https.58.47.47saude.46gov.46br.47sid.47crp-pi\"/></td><td>CRP-PI</td><td>CONSELHO REGIONAL DE PSICOLOGIA</td></tr><tr><td style=\"white-space:nowrap\">https://saude.gov.br/sid/crp-pr<a name=\"BRConselhoProfissional-https.58.47.47saude.46gov.46br.47sid.47crp-pr\"/></td><td>CRP-PR</td><td>CONSELHO REGIONAL DE PSICOLOGIA</td></tr><tr><td style=\"white-space:nowrap\">https://saude.gov.br/sid/crp-rj<a name=\"BRConselhoProfissional-https.58.47.47saude.46gov.46br.47sid.47crp-rj\"/></td><td>CRP-RJ</td><td>CONSELHO REGIONAL DE PSICOLOGIA</td></tr><tr><td style=\"white-space:nowrap\">https://saude.gov.br/sid/crp-rn<a name=\"BRConselhoProfissional-https.58.47.47saude.46gov.46br.47sid.47crp-rn\"/></td><td>CRP-RN</td><td>CONSELHO REGIONAL DE PSICOLOGIA</td></tr><tr><td style=\"white-space:nowrap\">https://saude.gov.br/sid/crp-rs<a name=\"BRConselhoProfissional-https.58.47.47saude.46gov.46br.47sid.47crp-rs\"/></td><td>CRP-RS</td><td>CONSELHO REGIONAL DE PSICOLOGIA</td></tr><tr><td style=\"white-space:nowrap\">https://saude.gov.br/sid/crp-sc<a name=\"BRConselhoProfissional-https.58.47.47saude.46gov.46br.47sid.47crp-sc\"/></td><td>CRP-SC</td><td>CONSELHO REGIONAL DE PSICOLOGIA</td></tr><tr><td style=\"white-space:nowrap\">https://saude.gov.br/sid/crp-se<a name=\"BRConselhoProfissional-https.58.47.47saude.46gov.46br.47sid.47crp-se\"/></td><td>CRP-SE</td><td>CONSELHO REGIONAL DE PSICOLOGIA</td></tr><tr><td style=\"white-space:nowrap\">https://saude.gov.br/sid/crp-sp<a name=\"BRConselhoProfissional-https.58.47.47saude.46gov.46br.47sid.47crp-sp\"/></td><td>CRP-SP</td><td>CONSELHO REGIONAL DE PSICOLOGIA</td></tr><tr><td style=\"white-space:nowrap\">https://saude.gov.br/sid/crp-to<a name=\"BRConselhoProfissional-https.58.47.47saude.46gov.46br.47sid.47crp-to\"/></td><td>CRP-TO</td><td>CONSELHO REGIONAL DE PSICOLOGIA</td></tr><tr><td style=\"white-space:nowrap\">https://saude.gov.br/sid/crefito-ba<a name=\"BRConselhoProfissional-https.58.47.47saude.46gov.46br.47sid.47crefito-ba\"/></td><td>CREFITO-BA</td><td>CONSELHO REGIONAS DE FISIOTERAPIA E TERAPIA OCUPACIONAL</td></tr><tr><td style=\"white-space:nowrap\">https://saude.gov.br/sid/crefito-ce<a name=\"BRConselhoProfissional-https.58.47.47saude.46gov.46br.47sid.47crefito-ce\"/></td><td>CREFITO-CE</td><td>CONSELHO REGIONAS DE FISIOTERAPIA E TERAPIA OCUPACIONAL</td></tr><tr><td style=\"white-space:nowrap\">https://saude.gov.br/sid/crefito-es<a name=\"BRConselhoProfissional-https.58.47.47saude.46gov.46br.47sid.47crefito-es\"/></td><td>CREFITO-ES</td><td>CONSELHO REGIONAS DE FISIOTERAPIA E TERAPIA OCUPACIONAL</td></tr><tr><td style=\"white-space:nowrap\">https://saude.gov.br/sid/crefito-go-df<a name=\"BRConselhoProfissional-https.58.47.47saude.46gov.46br.47sid.47crefito-go-df\"/></td><td>CREFITO-GO-DF</td><td>CONSELHO REGIONAS DE FISIOTERAPIA E TERAPIA OCUPACIONAL</td></tr><tr><td style=\"white-space:nowrap\">https://saude.gov.br/sid/crefito-ma<a name=\"BRConselhoProfissional-https.58.47.47saude.46gov.46br.47sid.47crefito-ma\"/></td><td>CREFITO-MA</td><td>CONSELHO REGIONAS DE FISIOTERAPIA E TERAPIA OCUPACIONAL</td></tr><tr><td style=\"white-space:nowrap\">https://saude.gov.br/sid/crefito-mg<a name=\"BRConselhoProfissional-https.58.47.47saude.46gov.46br.47sid.47crefito-mg\"/></td><td>CREFITO-MG</td><td>CONSELHO REGIONAS DE FISIOTERAPIA E TERAPIA OCUPACIONAL</td></tr><tr><td style=\"white-space:nowrap\">https://saude.gov.br/sid/crefito-ms<a name=\"BRConselhoProfissional-https.58.47.47saude.46gov.46br.47sid.47crefito-ms\"/></td><td>CREFITO-MS</td><td>CONSELHO REGIONAS DE FISIOTERAPIA E TERAPIA OCUPACIONAL</td></tr><tr><td style=\"white-space:nowrap\">https://saude.gov.br/sid/crefito-mt<a name=\"BRConselhoProfissional-https.58.47.47saude.46gov.46br.47sid.47crefito-mt\"/></td><td>CREFITO-MT</td><td>CONSELHO REGIONAS DE FISIOTERAPIA E TERAPIA OCUPACIONAL</td></tr><tr><td style=\"white-space:nowrap\">https://saude.gov.br/sid/crefito-pa-am-to-rr-ap<a name=\"BRConselhoProfissional-https.58.47.47saude.46gov.46br.47sid.47crefito-pa-am-to-rr-ap\"/></td><td>CREFITO-PA-AM-TO-RR-AP</td><td>CONSELHO REGIONAS DE FISIOTERAPIA E TERAPIA OCUPACIONAL</td></tr><tr><td style=\"white-space:nowrap\">https://saude.gov.br/sid/crefito-pe-pb-al-rn<a name=\"BRConselhoProfissional-https.58.47.47saude.46gov.46br.47sid.47crefito-pe-pb-al-rn\"/></td><td>CREFITO-PE-PB-AL-RN</td><td>CONSELHO REGIONAS DE FISIOTERAPIA E TERAPIA OCUPACIONAL</td></tr><tr><td style=\"white-space:nowrap\">https://saude.gov.br/sid/crefito-pi<a name=\"BRConselhoProfissional-https.58.47.47saude.46gov.46br.47sid.47crefito-pi\"/></td><td>CREFITO-PI</td><td>CONSELHO REGIONAS DE FISIOTERAPIA E TERAPIA OCUPACIONAL</td></tr><tr><td style=\"white-space:nowrap\">https://saude.gov.br/sid/crefito-pr<a name=\"BRConselhoProfissional-https.58.47.47saude.46gov.46br.47sid.47crefito-pr\"/></td><td>CREFITO-PR</td><td>CONSELHO REGIONAS DE FISIOTERAPIA E TERAPIA OCUPACIONAL</td></tr><tr><td style=\"white-space:nowrap\">https://saude.gov.br/sid/crefito-rj<a name=\"BRConselhoProfissional-https.58.47.47saude.46gov.46br.47sid.47crefito-rj\"/></td><td>CREFITO-RJ</td><td>CONSELHO REGIONAS DE FISIOTERAPIA E TERAPIA OCUPACIONAL</td></tr><tr><td style=\"white-space:nowrap\">https://saude.gov.br/sid/crefito-ro-ac<a name=\"BRConselhoProfissional-https.58.47.47saude.46gov.46br.47sid.47crefito-ro-ac\"/></td><td>CREFITO-RO-AC</td><td>CONSELHO REGIONAS DE FISIOTERAPIA E TERAPIA OCUPACIONAL</td></tr><tr><td style=\"white-space:nowrap\">https://saude.gov.br/sid/crefito-rs<a name=\"BRConselhoProfissional-https.58.47.47saude.46gov.46br.47sid.47crefito-rs\"/></td><td>CREFITO-RS</td><td>CONSELHO REGIONAS DE FISIOTERAPIA E TERAPIA OCUPACIONAL</td></tr><tr><td style=\"white-space:nowrap\">https://saude.gov.br/sid/crefito-sc<a name=\"BRConselhoProfissional-https.58.47.47saude.46gov.46br.47sid.47crefito-sc\"/></td><td>CREFITO-SC</td><td>CONSELHO REGIONAS DE FISIOTERAPIA E TERAPIA OCUPACIONAL</td></tr><tr><td style=\"white-space:nowrap\">https://saude.gov.br/sid/crefito-se<a name=\"BRConselhoProfissional-https.58.47.47saude.46gov.46br.47sid.47crefito-se\"/></td><td>CREFITO-SE</td><td>CONSELHO REGIONAS DE FISIOTERAPIA E TERAPIA OCUPACIONAL</td></tr><tr><td style=\"white-space:nowrap\">https://saude.gov.br/sid/crefito-sp<a name=\"BRConselhoProfissional-https.58.47.47saude.46gov.46br.47sid.47crefito-sp\"/></td><td>CREFITO-SP</td><td>CONSELHO REGIONAS DE FISIOTERAPIA E TERAPIA OCUPACIONAL</td></tr><tr><td style=\"white-space:nowrap\">https://saude.gov.br/sid/crn-al<a name=\"BRConselhoProfissional-https.58.47.47saude.46gov.46br.47sid.47crn-al\"/></td><td>CRN-AL</td><td>CONSELHO REGIONAL DE NUTRICIONISTA</td></tr><tr><td style=\"white-space:nowrap\">https://saude.gov.br/sid/crn-ba-se<a name=\"BRConselhoProfissional-https.58.47.47saude.46gov.46br.47sid.47crn-ba-se\"/></td><td>CRN-BA-SE</td><td>CONSELHO REGIONAL DE NUTRICIONISTA</td></tr><tr><td style=\"white-space:nowrap\">https://saude.gov.br/sid/crn-ce-ma-pi<a name=\"BRConselhoProfissional-https.58.47.47saude.46gov.46br.47sid.47crn-ce-ma-pi\"/></td><td>CRN-CE-MA_PI</td><td>CONSELHO REGIONAL DE NUTRICIONISTA</td></tr><tr><td style=\"white-space:nowrap\">https://saude.gov.br/sid/crn-df-go-mt-to<a name=\"BRConselhoProfissional-https.58.47.47saude.46gov.46br.47sid.47crn-df-go-mt-to\"/></td><td>CRN-DF-GO-MT-TO</td><td>CONSELHO REGIONAL DE NUTRICIONISTA</td></tr><tr><td style=\"white-space:nowrap\">https://saude.gov.br/sid/crn-pa-ac-am-ap-ro-rr<a name=\"BRConselhoProfissional-https.58.47.47saude.46gov.46br.47sid.47crn-pa-ac-am-ap-ro-rr\"/></td><td>CRN-PA-AC-AM-AP-RO-RR</td><td>CONSELHO REGIONAL DE NUTRICIONISTA</td></tr><tr><td style=\"white-space:nowrap\">https://saude.gov.br/sid/crn-pe-al-pb-rn<a name=\"BRConselhoProfissional-https.58.47.47saude.46gov.46br.47sid.47crn-pe-al-pb-rn\"/></td><td>CRN-PE-AL-PB-RN</td><td>CONSELHO REGIONAL DE NUTRICIONISTA</td></tr><tr><td style=\"white-space:nowrap\">https://saude.gov.br/sid/crn-pr<a name=\"BRConselhoProfissional-https.58.47.47saude.46gov.46br.47sid.47crn-pr\"/></td><td>CRN-PR</td><td>CONSELHO REGIONAL DE NUTRICIONISTA</td></tr><tr><td style=\"white-space:nowrap\">https://saude.gov.br/sid/crn-rj-es<a name=\"BRConselhoProfissional-https.58.47.47saude.46gov.46br.47sid.47crn-rj-es\"/></td><td>CRN-RJ-ES</td><td>CONSELHO REGIONAL DE NUTRICIONISTA</td></tr><tr><td style=\"white-space:nowrap\">https://saude.gov.br/sid/crn-rs<a name=\"BRConselhoProfissional-https.58.47.47saude.46gov.46br.47sid.47crn-rs\"/></td><td>CRN-RS</td><td>CONSELHO REGIONAL DE NUTRICIONISTA</td></tr><tr><td style=\"white-space:nowrap\">https://saude.gov.br/sid/crn-sc<a name=\"BRConselhoProfissional-https.58.47.47saude.46gov.46br.47sid.47crn-sc\"/></td><td>CRN-SC</td><td>CONSELHO REGIONAL DE NUTRICIONISTA</td></tr><tr><td style=\"white-space:nowrap\">https://saude.gov.br/sid/crn-sp-ms<a name=\"BRConselhoProfissional-https.58.47.47saude.46gov.46br.47sid.47crn-sp-ms\"/></td><td>CRN-SP-MS</td><td>CONSELHO REGIONAL DE NUTRICIONISTA</td></tr><tr><td style=\"white-space:nowrap\">https://saude.gov.br/sid/crefono-am-ac-ap-pa-ro-rr<a name=\"BRConselhoProfissional-https.58.47.47saude.46gov.46br.47sid.47crefono-am-ac-ap-pa-ro-rr\"/></td><td>CREFONO-AM-AC-AP-PA-RO-RR</td><td>CONSELHO REGIONAL DE FONOAUDIOLOGIA</td></tr><tr><td style=\"white-space:nowrap\">https://saude.gov.br/sid/crefono-ce-ma-pi-rn<a name=\"BRConselhoProfissional-https.58.47.47saude.46gov.46br.47sid.47crefono-ce-ma-pi-rn\"/></td><td>CREFONO-CE-MA-PI-RN</td><td>CONSELHO REGIONAL DE FONOAUDIOLOGIA</td></tr><tr><td style=\"white-space:nowrap\">https://saude.gov.br/sid/crefono-go-df-ms-mt-to<a name=\"BRConselhoProfissional-https.58.47.47saude.46gov.46br.47sid.47crefono-go-df-ms-mt-to\"/></td><td>CREFONO-GO-DF-MS-MT-TO</td><td>CONSELHO REGIONAL DE FONOAUDIOLOGIA</td></tr><tr><td style=\"white-space:nowrap\">https://saude.gov.br/sid/crefono-mg-es<a name=\"BRConselhoProfissional-https.58.47.47saude.46gov.46br.47sid.47crefono-mg-es\"/></td><td>CREFONO-MG-ES</td><td>CONSELHO REGIONAL DE FONOAUDIOLOGIA</td></tr><tr><td style=\"white-space:nowrap\">https://saude.gov.br/sid/crefono-pe-al-ba-pb-se<a name=\"BRConselhoProfissional-https.58.47.47saude.46gov.46br.47sid.47crefono-pe-al-ba-pb-se\"/></td><td>CREFONO-PE-AL-BA-PB-SE</td><td>CONSELHO REGIONAL DE FONOAUDIOLOGIA</td></tr><tr><td style=\"white-space:nowrap\">https://saude.gov.br/sid/crefono-pr-sc<a name=\"BRConselhoProfissional-https.58.47.47saude.46gov.46br.47sid.47crefono-pr-sc\"/></td><td>CREFONO-PR-SC</td><td>CONSELHO REGIONAL DE FONOAUDIOLOGIA</td></tr><tr><td style=\"white-space:nowrap\">https://saude.gov.br/sid/crefono-rj<a name=\"BRConselhoProfissional-https.58.47.47saude.46gov.46br.47sid.47crefono-rj\"/></td><td>CREFONO-RJ</td><td>CONSELHO REGIONAL DE FONOAUDIOLOGIA</td></tr><tr><td style=\"white-space:nowrap\">https://saude.gov.br/sid/crefono-rs<a name=\"BRConselhoProfissional-https.58.47.47saude.46gov.46br.47sid.47crefono-rs\"/></td><td>CREFONO-RS</td><td>CONSELHO REGIONAL DE FONOAUDIOLOGIA</td></tr><tr><td style=\"white-space:nowrap\">https://saude.gov.br/sid/crefono-sp<a name=\"BRConselhoProfissional-https.58.47.47saude.46gov.46br.47sid.47crefono-sp\"/></td><td>CREFONO-SP</td><td>CONSELHO REGIONAL DE FONOAUDIOLOGIA</td></tr></table></div>"
  },
  "url" : "https://terminologia.saude.gov.br/fhir/CodeSystem/BRConselhoProfissional",
  "identifier" : [{
    "system" : "https://saude.gov.br/sid/codesystem",
    "value" : "BRConselhoProfissional"
  }],
  "version" : "1.0.0",
  "name" : "BRConselhoProfissional",
  "title" : "Conselhos profissionais de saúde do Brasil",
  "status" : "draft",
  "experimental" : true,
  "date" : "2023-07-18T13:05:57+00:00",
  "publisher" : "Ministério da Saúde do Brasil",
  "contact" : [{
    "name" : "Ministério da Saúde do Brasil",
    "telecom" : [{
      "system" : "url",
      "value" : "http://www.saude.gov.br"
    }]
  }],
  "description" : "Esse CodeSystem inclui os conselhos profissionais de saúde do Brasil, conforme a Resolução CNS 251/1997.",
  "jurisdiction" : [{
    "coding" : [{
      "system" : "urn:iso:std:iso:3166",
      "code" : "BR"
    }]
  }],
  "caseSensitive" : true,
  "content" : "complete",
  "count" : 170,
  "concept" : [{
    "code" : "https://saude.gov.br/sid/crf-ac",
    "display" : "CRF-AC",
    "definition" : "CONSELHO REGIONAL DE FARMÁCIA"
  },
  {
    "code" : "https://saude.gov.br/sid/crf-al",
    "display" : "CRF-AL",
    "definition" : "CONSELHO REGIONAL DE FARMÁCIA"
  },
  {
    "code" : "https://saude.gov.br/sid/crf-am",
    "display" : "CRF-AM",
    "definition" : "CONSELHO REGIONAL DE FARMÁCIA"
  },
  {
    "code" : "https://saude.gov.br/sid/crf-ap",
    "display" : "CRF-AP",
    "definition" : "CONSELHO REGIONAL DE FARMÁCIA"
  },
  {
    "code" : "https://saude.gov.br/sid/crf-ba",
    "display" : "CRF-BA",
    "definition" : "CONSELHO REGIONAL DE FARMÁCIA"
  },
  {
    "code" : "https://saude.gov.br/sid/crf-ce",
    "display" : "CRF-CE",
    "definition" : "CONSELHO REGIONAL DE FARMÁCIA"
  },
  {
    "code" : "https://saude.gov.br/sid/crf-df",
    "display" : "CRF-DF",
    "definition" : "CONSELHO REGIONAL DE FARMÁCIA"
  },
  {
    "code" : "https://saude.gov.br/sid/crf-es",
    "display" : "CRF-ES",
    "definition" : "CONSELHO REGIONAL DE FARMÁCIA"
  },
  {
    "code" : "https://saude.gov.br/sid/crf-go",
    "display" : "CRF-GO",
    "definition" : "CONSELHO REGIONAL DE FARMÁCIA"
  },
  {
    "code" : "https://saude.gov.br/sid/crf-ma",
    "display" : "CRF-MA",
    "definition" : "CONSELHO REGIONAL DE FARMÁCIA"
  },
  {
    "code" : "https://saude.gov.br/sid/crf-mg",
    "display" : "CRF-MG",
    "definition" : "CONSELHO REGIONAL DE FARMÁCIA"
  },
  {
    "code" : "https://saude.gov.br/sid/crf-ms",
    "display" : "CRF-MS",
    "definition" : "CONSELHO REGIONAL DE FARMÁCIA"
  },
  {
    "code" : "https://saude.gov.br/sid/crf-mt",
    "display" : "CRF-MT",
    "definition" : "CONSELHO REGIONAL DE FARMÁCIA"
  },
  {
    "code" : "https://saude.gov.br/sid/crf-pa",
    "display" : "CRF-PA",
    "definition" : "CONSELHO REGIONAL DE FARMÁCIA"
  },
  {
    "code" : "https://saude.gov.br/sid/crf-pb",
    "display" : "CRF-PB",
    "definition" : "CONSELHO REGIONAL DE FARMÁCIA"
  },
  {
    "code" : "https://saude.gov.br/sid/crf-pe",
    "display" : "CRF-PE",
    "definition" : "CONSELHO REGIONAL DE FARMÁCIA"
  },
  {
    "code" : "https://saude.gov.br/sid/crf-pi",
    "display" : "CRF-PI",
    "definition" : "CONSELHO REGIONAL DE FARMÁCIA"
  },
  {
    "code" : "https://saude.gov.br/sid/crf-pr",
    "display" : "CRF-PR",
    "definition" : "CONSELHO REGIONAL DE FARMÁCIA"
  },
  {
    "code" : "https://saude.gov.br/sid/crf-rj",
    "display" : "CRF-RJ",
    "definition" : "CONSELHO REGIONAL DE FARMÁCIA"
  },
  {
    "code" : "https://saude.gov.br/sid/crf-rn",
    "display" : "CRF-RN",
    "definition" : "CONSELHO REGIONAL DE FARMÁCIA"
  },
  {
    "code" : "https://saude.gov.br/sid/crf-ro",
    "display" : "CRF-RO",
    "definition" : "CONSELHO REGIONAL DE FARMÁCIA"
  },
  {
    "code" : "https://saude.gov.br/sid/crf-rr",
    "display" : "CRF-RR",
    "definition" : "CONSELHO REGIONAL DE FARMÁCIA"
  },
  {
    "code" : "https://saude.gov.br/sid/crf-rs",
    "display" : "CRF-RS",
    "definition" : "CONSELHO REGIONAL DE FARMÁCIA"
  },
  {
    "code" : "https://saude.gov.br/sid/crf-sc",
    "display" : "CRF-SC",
    "definition" : "CONSELHO REGIONAL DE FARMÁCIA"
  },
  {
    "code" : "https://saude.gov.br/sid/crf-se",
    "display" : "CRF-SE",
    "definition" : "CONSELHO REGIONAL DE FARMÁCIA"
  },
  {
    "code" : "https://saude.gov.br/sid/crf-sp",
    "display" : "CRF-SP",
    "definition" : "CONSELHO REGIONAL DE FARMÁCIA"
  },
  {
    "code" : "https://saude.gov.br/sid/crf-to",
    "display" : "CRF-TO",
    "definition" : "CONSELHO REGIONAL DE FARMÁCIA"
  },
  {
    "code" : "https://saude.gov.br/sid/cro-ac",
    "display" : "CRO-AC",
    "definition" : "CONSELHO REGIONAL DE ODONTOLOGIA"
  },
  {
    "code" : "https://saude.gov.br/sid/cro-al",
    "display" : "CRO-AL",
    "definition" : "CONSELHO REGIONAL DE ODONTOLOGIA"
  },
  {
    "code" : "https://saude.gov.br/sid/cro-am",
    "display" : "CRO-AM",
    "definition" : "CONSELHO REGIONAL DE ODONTOLOGIA"
  },
  {
    "code" : "https://saude.gov.br/sid/cro-ap",
    "display" : "CRO-AP",
    "definition" : "CONSELHO REGIONAL DE ODONTOLOGIA"
  },
  {
    "code" : "https://saude.gov.br/sid/cro-ba",
    "display" : "CRO-BA",
    "definition" : "CONSELHO REGIONAL DE ODONTOLOGIA"
  },
  {
    "code" : "https://saude.gov.br/sid/cro-ce",
    "display" : "CRO-CE",
    "definition" : "CONSELHO REGIONAL DE ODONTOLOGIA"
  },
  {
    "code" : "https://saude.gov.br/sid/cro-df",
    "display" : "CRO-DF",
    "definition" : "CONSELHO REGIONAL DE ODONTOLOGIA"
  },
  {
    "code" : "https://saude.gov.br/sid/cro-es",
    "display" : "CRO-ES",
    "definition" : "CONSELHO REGIONAL DE ODONTOLOGIA"
  },
  {
    "code" : "https://saude.gov.br/sid/cro-go",
    "display" : "CRO-GO",
    "definition" : "CONSELHO REGIONAL DE ODONTOLOGIA"
  },
  {
    "code" : "https://saude.gov.br/sid/cro-ma",
    "display" : "CRO-MA",
    "definition" : "CONSELHO REGIONAL DE ODONTOLOGIA"
  },
  {
    "code" : "https://saude.gov.br/sid/cro-mg",
    "display" : "CRO-MG",
    "definition" : "CONSELHO REGIONAL DE ODONTOLOGIA"
  },
  {
    "code" : "https://saude.gov.br/sid/cro-ms",
    "display" : "CRO-MS",
    "definition" : "CONSELHO REGIONAL DE ODONTOLOGIA"
  },
  {
    "code" : "https://saude.gov.br/sid/cro-mt",
    "display" : "CRO-MT",
    "definition" : "CONSELHO REGIONAL DE ODONTOLOGIA"
  },
  {
    "code" : "https://saude.gov.br/sid/cro-pa",
    "display" : "CRO-PA",
    "definition" : "CONSELHO REGIONAL DE ODONTOLOGIA"
  },
  {
    "code" : "https://saude.gov.br/sid/cro-pb",
    "display" : "CRO-PB",
    "definition" : "CONSELHO REGIONAL DE ODONTOLOGIA"
  },
  {
    "code" : "https://saude.gov.br/sid/cro-pe",
    "display" : "CRO-PE",
    "definition" : "CONSELHO REGIONAL DE ODONTOLOGIA"
  },
  {
    "code" : "https://saude.gov.br/sid/cro-pi",
    "display" : "CRO-PI",
    "definition" : "CONSELHO REGIONAL DE ODONTOLOGIA"
  },
  {
    "code" : "https://saude.gov.br/sid/cro-pr",
    "display" : "CRO-PR",
    "definition" : "CONSELHO REGIONAL DE ODONTOLOGIA"
  },
  {
    "code" : "https://saude.gov.br/sid/cro-rj",
    "display" : "CRO-RJ",
    "definition" : "CONSELHO REGIONAL DE ODONTOLOGIA"
  },
  {
    "code" : "https://saude.gov.br/sid/cro-rn",
    "display" : "CRO-RN",
    "definition" : "CONSELHO REGIONAL DE ODONTOLOGIA"
  },
  {
    "code" : "https://saude.gov.br/sid/cro-ro",
    "display" : "CRO-RO",
    "definition" : "CONSELHO REGIONAL DE ODONTOLOGIA"
  },
  {
    "code" : "https://saude.gov.br/sid/cro-rr",
    "display" : "CRO-RR",
    "definition" : "CONSELHO REGIONAL DE ODONTOLOGIA"
  },
  {
    "code" : "https://saude.gov.br/sid/cro-rs",
    "display" : "CRO-RS",
    "definition" : "CONSELHO REGIONAL DE ODONTOLOGIA"
  },
  {
    "code" : "https://saude.gov.br/sid/cro-sc",
    "display" : "CRO-SC",
    "definition" : "CONSELHO REGIONAL DE ODONTOLOGIA"
  },
  {
    "code" : "https://saude.gov.br/sid/cro-se",
    "display" : "CRO-SE",
    "definition" : "CONSELHO REGIONAL DE ODONTOLOGIA"
  },
  {
    "code" : "https://saude.gov.br/sid/cro-sp",
    "display" : "CRO-SP",
    "definition" : "CONSELHO REGIONAL DE ODONTOLOGIA"
  },
  {
    "code" : "https://saude.gov.br/sid/cro-to",
    "display" : "CRO-TO",
    "definition" : "CONSELHO REGIONAL DE ODONTOLOGIA"
  },
  {
    "code" : "https://saude.gov.br/sid/coren-ac",
    "display" : "COREN-AC",
    "definition" : "CONSELHO REGIONAL DE ENFERMAGEM"
  },
  {
    "code" : "https://saude.gov.br/sid/coren-al",
    "display" : "COREN-AL",
    "definition" : "CONSELHO REGIONAL DE ENFERMAGEM"
  },
  {
    "code" : "https://saude.gov.br/sid/coren-am",
    "display" : "COREN-AM",
    "definition" : "CONSELHO REGIONAL DE ENFERMAGEM"
  },
  {
    "code" : "https://saude.gov.br/sid/coren-ap",
    "display" : "COREN-AP",
    "definition" : "CONSELHO REGIONAL DE ENFERMAGEM"
  },
  {
    "code" : "https://saude.gov.br/sid/coren-ba",
    "display" : "COREN-BA",
    "definition" : "CONSELHO REGIONAL DE ENFERMAGEM"
  },
  {
    "code" : "https://saude.gov.br/sid/coren-ce",
    "display" : "COREN-CE",
    "definition" : "CONSELHO REGIONAL DE ENFERMAGEM"
  },
  {
    "code" : "https://saude.gov.br/sid/coren-df",
    "display" : "COREN-DF",
    "definition" : "CONSELHO REGIONAL DE ENFERMAGEM"
  },
  {
    "code" : "https://saude.gov.br/sid/coren-es",
    "display" : "COREN-ES",
    "definition" : "CONSELHO REGIONAL DE ENFERMAGEM"
  },
  {
    "code" : "https://saude.gov.br/sid/coren-go",
    "display" : "COREN-GO",
    "definition" : "CONSELHO REGIONAL DE ENFERMAGEM"
  },
  {
    "code" : "https://saude.gov.br/sid/coren-ma",
    "display" : "COREN-MA",
    "definition" : "CONSELHO REGIONAL DE ENFERMAGEM"
  },
  {
    "code" : "https://saude.gov.br/sid/coren-mg",
    "display" : "COREN-MG",
    "definition" : "CONSELHO REGIONAL DE ENFERMAGEM"
  },
  {
    "code" : "https://saude.gov.br/sid/coren-ms",
    "display" : "COREN-MS",
    "definition" : "CONSELHO REGIONAL DE ENFERMAGEM"
  },
  {
    "code" : "https://saude.gov.br/sid/coren-mt",
    "display" : "COREN-MT",
    "definition" : "CONSELHO REGIONAL DE ENFERMAGEM"
  },
  {
    "code" : "https://saude.gov.br/sid/coren-pa",
    "display" : "COREN-PA",
    "definition" : "CONSELHO REGIONAL DE ENFERMAGEM"
  },
  {
    "code" : "https://saude.gov.br/sid/coren-pb",
    "display" : "COREN-PB",
    "definition" : "CONSELHO REGIONAL DE ENFERMAGEM"
  },
  {
    "code" : "https://saude.gov.br/sid/coren-pe",
    "display" : "COREN-PE",
    "definition" : "CONSELHO REGIONAL DE ENFERMAGEM"
  },
  {
    "code" : "https://saude.gov.br/sid/coren-pi",
    "display" : "COREN-PI",
    "definition" : "CONSELHO REGIONAL DE ENFERMAGEM"
  },
  {
    "code" : "https://saude.gov.br/sid/coren-pr",
    "display" : "COREN-PR",
    "definition" : "CONSELHO REGIONAL DE ENFERMAGEM"
  },
  {
    "code" : "https://saude.gov.br/sid/coren-rj",
    "display" : "COREN-RJ",
    "definition" : "CONSELHO REGIONAL DE ENFERMAGEM"
  },
  {
    "code" : "https://saude.gov.br/sid/coren-rn",
    "display" : "COREN-RN",
    "definition" : "CONSELHO REGIONAL DE ENFERMAGEM"
  },
  {
    "code" : "https://saude.gov.br/sid/coren-ro",
    "display" : "COREN-RO",
    "definition" : "CONSELHO REGIONAL DE ENFERMAGEM"
  },
  {
    "code" : "https://saude.gov.br/sid/coren-rr",
    "display" : "COREN-RR",
    "definition" : "CONSELHO REGIONAL DE ENFERMAGEM"
  },
  {
    "code" : "https://saude.gov.br/sid/coren-rs",
    "display" : "COREN-RS",
    "definition" : "CONSELHO REGIONAL DE ENFERMAGEM"
  },
  {
    "code" : "https://saude.gov.br/sid/coren-sc",
    "display" : "COREN-SC",
    "definition" : "CONSELHO REGIONAL DE ENFERMAGEM"
  },
  {
    "code" : "https://saude.gov.br/sid/coren-se",
    "display" : "COREN-SE",
    "definition" : "CONSELHO REGIONAL DE ENFERMAGEM"
  },
  {
    "code" : "https://saude.gov.br/sid/coren-sp",
    "display" : "COREN-SP",
    "definition" : "CONSELHO REGIONAL DE ENFERMAGEM"
  },
  {
    "code" : "https://saude.gov.br/sid/coren-to",
    "display" : "COREN-TO",
    "definition" : "CONSELHO REGIONAL DE ENFERMAGEM"
  },
  {
    "code" : "https://saude.gov.br/sid/crm-ac",
    "display" : "CRM-AC",
    "definition" : "CONSELHO REGIONAL DE MEDICINA"
  },
  {
    "code" : "https://saude.gov.br/sid/crm-al",
    "display" : "CRM-AL",
    "definition" : "CONSELHO REGIONAL DE MEDICINA"
  },
  {
    "code" : "https://saude.gov.br/sid/crm-am",
    "display" : "CRM-AM",
    "definition" : "CONSELHO REGIONAL DE MEDICINA"
  },
  {
    "code" : "https://saude.gov.br/sid/crm-ap",
    "display" : "CRM-AP",
    "definition" : "CONSELHO REGIONAL DE MEDICINA"
  },
  {
    "code" : "https://saude.gov.br/sid/crm-ba",
    "display" : "CRM-BA",
    "definition" : "CONSELHO REGIONAL DE MEDICINA"
  },
  {
    "code" : "https://saude.gov.br/sid/crm-ce",
    "display" : "CRM-CE",
    "definition" : "CONSELHO REGIONAL DE MEDICINA"
  },
  {
    "code" : "https://saude.gov.br/sid/crm-df",
    "display" : "CRM-DF",
    "definition" : "CONSELHO REGIONAL DE MEDICINA"
  },
  {
    "code" : "https://saude.gov.br/sid/crm-es",
    "display" : "CRM-ES",
    "definition" : "CONSELHO REGIONAL DE MEDICINA"
  },
  {
    "code" : "https://saude.gov.br/sid/crm-go",
    "display" : "CRM-GO",
    "definition" : "CONSELHO REGIONAL DE MEDICINA"
  },
  {
    "code" : "https://saude.gov.br/sid/crm-ma",
    "display" : "CRM-MA",
    "definition" : "CONSELHO REGIONAL DE MEDICINA"
  },
  {
    "code" : "https://saude.gov.br/sid/crm-mg",
    "display" : "CRM-MG",
    "definition" : "CONSELHO REGIONAL DE MEDICINA"
  },
  {
    "code" : "https://saude.gov.br/sid/crm-ms",
    "display" : "CRM-MS",
    "definition" : "CONSELHO REGIONAL DE MEDICINA"
  },
  {
    "code" : "https://saude.gov.br/sid/crm-mt",
    "display" : "CRM-MT",
    "definition" : "CONSELHO REGIONAL DE MEDICINA"
  },
  {
    "code" : "https://saude.gov.br/sid/crm-pa",
    "display" : "CRM-PA",
    "definition" : "CONSELHO REGIONAL DE MEDICINA"
  },
  {
    "code" : "https://saude.gov.br/sid/crm-pb",
    "display" : "CRM-PB",
    "definition" : "CONSELHO REGIONAL DE MEDICINA"
  },
  {
    "code" : "https://saude.gov.br/sid/crm-pe",
    "display" : "CRM-PE",
    "definition" : "CONSELHO REGIONAL DE MEDICINA"
  },
  {
    "code" : "https://saude.gov.br/sid/crm-pi",
    "display" : "CRM-PI",
    "definition" : "CONSELHO REGIONAL DE MEDICINA"
  },
  {
    "code" : "https://saude.gov.br/sid/crm-pr",
    "display" : "CRM-PR",
    "definition" : "CONSELHO REGIONAL DE MEDICINA"
  },
  {
    "code" : "https://saude.gov.br/sid/crm-rj",
    "display" : "CRM-RJ",
    "definition" : "CONSELHO REGIONAL DE MEDICINA"
  },
  {
    "code" : "https://saude.gov.br/sid/crm-rn",
    "display" : "CRM-RN",
    "definition" : "CONSELHO REGIONAL DE MEDICINA"
  },
  {
    "code" : "https://saude.gov.br/sid/crm-ro",
    "display" : "CRM-RO",
    "definition" : "CONSELHO REGIONAL DE MEDICINA"
  },
  {
    "code" : "https://saude.gov.br/sid/crm-rr",
    "display" : "CRM-RR",
    "definition" : "CONSELHO REGIONAL DE MEDICINA"
  },
  {
    "code" : "https://saude.gov.br/sid/crm-rs",
    "display" : "CRM-RS",
    "definition" : "CONSELHO REGIONAL DE MEDICINA"
  },
  {
    "code" : "https://saude.gov.br/sid/crm-sc",
    "display" : "CRM-SC",
    "definition" : "CONSELHO REGIONAL DE MEDICINA"
  },
  {
    "code" : "https://saude.gov.br/sid/crm-se",
    "display" : "CRM-SE",
    "definition" : "CONSELHO REGIONAL DE MEDICINA"
  },
  {
    "code" : "https://saude.gov.br/sid/crm-sp",
    "display" : "CRM-SP",
    "definition" : "CONSELHO REGIONAL DE MEDICINA"
  },
  {
    "code" : "https://saude.gov.br/sid/crm-to",
    "display" : "CRM-TO",
    "definition" : "CONSELHO REGIONAL DE MEDICINA"
  },
  {
    "code" : "https://saude.gov.br/sid/crp-ac-ro",
    "display" : "CRP-AC-RO",
    "definition" : "CONSELHO REGIONAL DE PSICOLOGIA"
  },
  {
    "code" : "https://saude.gov.br/sid/crp-al",
    "display" : "CRP-AL",
    "definition" : "CONSELHO REGIONAL DE PSICOLOGIA"
  },
  {
    "code" : "https://saude.gov.br/sid/crp-am-rr",
    "display" : "CRP-AM-RR",
    "definition" : "CONSELHO REGIONAL DE PSICOLOGIA"
  },
  {
    "code" : "https://saude.gov.br/sid/crp-ba",
    "display" : "CRP-BA",
    "definition" : "CONSELHO REGIONAL DE PSICOLOGIA"
  },
  {
    "code" : "https://saude.gov.br/sid/crp-ce",
    "display" : "CRP-CE",
    "definition" : "CONSELHO REGIONAL DE PSICOLOGIA"
  },
  {
    "code" : "https://saude.gov.br/sid/crp-df",
    "display" : "CRP-DF",
    "definition" : "CONSELHO REGIONAL DE PSICOLOGIA"
  },
  {
    "code" : "https://saude.gov.br/sid/crp-es",
    "display" : "CRP-ES",
    "definition" : "CONSELHO REGIONAL DE PSICOLOGIA"
  },
  {
    "code" : "https://saude.gov.br/sid/crp-go",
    "display" : "CRP-GO",
    "definition" : "CONSELHO REGIONAL DE PSICOLOGIA"
  },
  {
    "code" : "https://saude.gov.br/sid/crp-ma",
    "display" : "CRP-MA",
    "definition" : "CONSELHO REGIONAL DE PSICOLOGIA"
  },
  {
    "code" : "https://saude.gov.br/sid/crp-mg",
    "display" : "CRP-MG",
    "definition" : "CONSELHO REGIONAL DE PSICOLOGIA"
  },
  {
    "code" : "https://saude.gov.br/sid/crp-ms",
    "display" : "CRP-MS",
    "definition" : "CONSELHO REGIONAL DE PSICOLOGIA"
  },
  {
    "code" : "https://saude.gov.br/sid/crp-mt",
    "display" : "CRP-MT",
    "definition" : "CONSELHO REGIONAL DE PSICOLOGIA"
  },
  {
    "code" : "https://saude.gov.br/sid/crp-pa-ap",
    "display" : "CRP-PA-AP",
    "definition" : "CONSELHO REGIONAL DE PSICOLOGIA"
  },
  {
    "code" : "https://saude.gov.br/sid/crp-pb",
    "display" : "CRP-PB",
    "definition" : "CONSELHO REGIONAL DE PSICOLOGIA"
  },
  {
    "code" : "https://saude.gov.br/sid/crp-pe",
    "display" : "CRP-PE",
    "definition" : "CONSELHO REGIONAL DE PSICOLOGIA"
  },
  {
    "code" : "https://saude.gov.br/sid/crp-pi",
    "display" : "CRP-PI",
    "definition" : "CONSELHO REGIONAL DE PSICOLOGIA"
  },
  {
    "code" : "https://saude.gov.br/sid/crp-pr",
    "display" : "CRP-PR",
    "definition" : "CONSELHO REGIONAL DE PSICOLOGIA"
  },
  {
    "code" : "https://saude.gov.br/sid/crp-rj",
    "display" : "CRP-RJ",
    "definition" : "CONSELHO REGIONAL DE PSICOLOGIA"
  },
  {
    "code" : "https://saude.gov.br/sid/crp-rn",
    "display" : "CRP-RN",
    "definition" : "CONSELHO REGIONAL DE PSICOLOGIA"
  },
  {
    "code" : "https://saude.gov.br/sid/crp-rs",
    "display" : "CRP-RS",
    "definition" : "CONSELHO REGIONAL DE PSICOLOGIA"
  },
  {
    "code" : "https://saude.gov.br/sid/crp-sc",
    "display" : "CRP-SC",
    "definition" : "CONSELHO REGIONAL DE PSICOLOGIA"
  },
  {
    "code" : "https://saude.gov.br/sid/crp-se",
    "display" : "CRP-SE",
    "definition" : "CONSELHO REGIONAL DE PSICOLOGIA"
  },
  {
    "code" : "https://saude.gov.br/sid/crp-sp",
    "display" : "CRP-SP",
    "definition" : "CONSELHO REGIONAL DE PSICOLOGIA"
  },
  {
    "code" : "https://saude.gov.br/sid/crp-to",
    "display" : "CRP-TO",
    "definition" : "CONSELHO REGIONAL DE PSICOLOGIA"
  },
  {
    "code" : "https://saude.gov.br/sid/crefito-ba",
    "display" : "CREFITO-BA",
    "definition" : "CONSELHO REGIONAS DE FISIOTERAPIA E TERAPIA OCUPACIONAL"
  },
  {
    "code" : "https://saude.gov.br/sid/crefito-ce",
    "display" : "CREFITO-CE",
    "definition" : "CONSELHO REGIONAS DE FISIOTERAPIA E TERAPIA OCUPACIONAL"
  },
  {
    "code" : "https://saude.gov.br/sid/crefito-es",
    "display" : "CREFITO-ES",
    "definition" : "CONSELHO REGIONAS DE FISIOTERAPIA E TERAPIA OCUPACIONAL"
  },
  {
    "code" : "https://saude.gov.br/sid/crefito-go-df",
    "display" : "CREFITO-GO-DF",
    "definition" : "CONSELHO REGIONAS DE FISIOTERAPIA E TERAPIA OCUPACIONAL"
  },
  {
    "code" : "https://saude.gov.br/sid/crefito-ma",
    "display" : "CREFITO-MA",
    "definition" : "CONSELHO REGIONAS DE FISIOTERAPIA E TERAPIA OCUPACIONAL"
  },
  {
    "code" : "https://saude.gov.br/sid/crefito-mg",
    "display" : "CREFITO-MG",
    "definition" : "CONSELHO REGIONAS DE FISIOTERAPIA E TERAPIA OCUPACIONAL"
  },
  {
    "code" : "https://saude.gov.br/sid/crefito-ms",
    "display" : "CREFITO-MS",
    "definition" : "CONSELHO REGIONAS DE FISIOTERAPIA E TERAPIA OCUPACIONAL"
  },
  {
    "code" : "https://saude.gov.br/sid/crefito-mt",
    "display" : "CREFITO-MT",
    "definition" : "CONSELHO REGIONAS DE FISIOTERAPIA E TERAPIA OCUPACIONAL"
  },
  {
    "code" : "https://saude.gov.br/sid/crefito-pa-am-to-rr-ap",
    "display" : "CREFITO-PA-AM-TO-RR-AP",
    "definition" : "CONSELHO REGIONAS DE FISIOTERAPIA E TERAPIA OCUPACIONAL"
  },
  {
    "code" : "https://saude.gov.br/sid/crefito-pe-pb-al-rn",
    "display" : "CREFITO-PE-PB-AL-RN",
    "definition" : "CONSELHO REGIONAS DE FISIOTERAPIA E TERAPIA OCUPACIONAL"
  },
  {
    "code" : "https://saude.gov.br/sid/crefito-pi",
    "display" : "CREFITO-PI",
    "definition" : "CONSELHO REGIONAS DE FISIOTERAPIA E TERAPIA OCUPACIONAL"
  },
  {
    "code" : "https://saude.gov.br/sid/crefito-pr",
    "display" : "CREFITO-PR",
    "definition" : "CONSELHO REGIONAS DE FISIOTERAPIA E TERAPIA OCUPACIONAL"
  },
  {
    "code" : "https://saude.gov.br/sid/crefito-rj",
    "display" : "CREFITO-RJ",
    "definition" : "CONSELHO REGIONAS DE FISIOTERAPIA E TERAPIA OCUPACIONAL"
  },
  {
    "code" : "https://saude.gov.br/sid/crefito-ro-ac",
    "display" : "CREFITO-RO-AC",
    "definition" : "CONSELHO REGIONAS DE FISIOTERAPIA E TERAPIA OCUPACIONAL"
  },
  {
    "code" : "https://saude.gov.br/sid/crefito-rs",
    "display" : "CREFITO-RS",
    "definition" : "CONSELHO REGIONAS DE FISIOTERAPIA E TERAPIA OCUPACIONAL"
  },
  {
    "code" : "https://saude.gov.br/sid/crefito-sc",
    "display" : "CREFITO-SC",
    "definition" : "CONSELHO REGIONAS DE FISIOTERAPIA E TERAPIA OCUPACIONAL"
  },
  {
    "code" : "https://saude.gov.br/sid/crefito-se",
    "display" : "CREFITO-SE",
    "definition" : "CONSELHO REGIONAS DE FISIOTERAPIA E TERAPIA OCUPACIONAL"
  },
  {
    "code" : "https://saude.gov.br/sid/crefito-sp",
    "display" : "CREFITO-SP",
    "definition" : "CONSELHO REGIONAS DE FISIOTERAPIA E TERAPIA OCUPACIONAL"
  },
  {
    "code" : "https://saude.gov.br/sid/crn-al",
    "display" : "CRN-AL",
    "definition" : "CONSELHO REGIONAL DE NUTRICIONISTA"
  },
  {
    "code" : "https://saude.gov.br/sid/crn-ba-se",
    "display" : "CRN-BA-SE",
    "definition" : "CONSELHO REGIONAL DE NUTRICIONISTA"
  },
  {
    "code" : "https://saude.gov.br/sid/crn-ce-ma-pi",
    "display" : "CRN-CE-MA_PI",
    "definition" : "CONSELHO REGIONAL DE NUTRICIONISTA"
  },
  {
    "code" : "https://saude.gov.br/sid/crn-df-go-mt-to",
    "display" : "CRN-DF-GO-MT-TO",
    "definition" : "CONSELHO REGIONAL DE NUTRICIONISTA"
  },
  {
    "code" : "https://saude.gov.br/sid/crn-pa-ac-am-ap-ro-rr",
    "display" : "CRN-PA-AC-AM-AP-RO-RR",
    "definition" : "CONSELHO REGIONAL DE NUTRICIONISTA"
  },
  {
    "code" : "https://saude.gov.br/sid/crn-pe-al-pb-rn",
    "display" : "CRN-PE-AL-PB-RN",
    "definition" : "CONSELHO REGIONAL DE NUTRICIONISTA"
  },
  {
    "code" : "https://saude.gov.br/sid/crn-pr",
    "display" : "CRN-PR",
    "definition" : "CONSELHO REGIONAL DE NUTRICIONISTA"
  },
  {
    "code" : "https://saude.gov.br/sid/crn-rj-es",
    "display" : "CRN-RJ-ES",
    "definition" : "CONSELHO REGIONAL DE NUTRICIONISTA"
  },
  {
    "code" : "https://saude.gov.br/sid/crn-rs",
    "display" : "CRN-RS",
    "definition" : "CONSELHO REGIONAL DE NUTRICIONISTA"
  },
  {
    "code" : "https://saude.gov.br/sid/crn-sc",
    "display" : "CRN-SC",
    "definition" : "CONSELHO REGIONAL DE NUTRICIONISTA"
  },
  {
    "code" : "https://saude.gov.br/sid/crn-sp-ms",
    "display" : "CRN-SP-MS",
    "definition" : "CONSELHO REGIONAL DE NUTRICIONISTA"
  },
  {
    "code" : "https://saude.gov.br/sid/crefono-am-ac-ap-pa-ro-rr",
    "display" : "CREFONO-AM-AC-AP-PA-RO-RR",
    "definition" : "CONSELHO REGIONAL DE FONOAUDIOLOGIA"
  },
  {
    "code" : "https://saude.gov.br/sid/crefono-ce-ma-pi-rn",
    "display" : "CREFONO-CE-MA-PI-RN",
    "definition" : "CONSELHO REGIONAL DE FONOAUDIOLOGIA"
  },
  {
    "code" : "https://saude.gov.br/sid/crefono-go-df-ms-mt-to",
    "display" : "CREFONO-GO-DF-MS-MT-TO",
    "definition" : "CONSELHO REGIONAL DE FONOAUDIOLOGIA"
  },
  {
    "code" : "https://saude.gov.br/sid/crefono-mg-es",
    "display" : "CREFONO-MG-ES",
    "definition" : "CONSELHO REGIONAL DE FONOAUDIOLOGIA"
  },
  {
    "code" : "https://saude.gov.br/sid/crefono-pe-al-ba-pb-se",
    "display" : "CREFONO-PE-AL-BA-PB-SE",
    "definition" : "CONSELHO REGIONAL DE FONOAUDIOLOGIA"
  },
  {
    "code" : "https://saude.gov.br/sid/crefono-pr-sc",
    "display" : "CREFONO-PR-SC",
    "definition" : "CONSELHO REGIONAL DE FONOAUDIOLOGIA"
  },
  {
    "code" : "https://saude.gov.br/sid/crefono-rj",
    "display" : "CREFONO-RJ",
    "definition" : "CONSELHO REGIONAL DE FONOAUDIOLOGIA"
  },
  {
    "code" : "https://saude.gov.br/sid/crefono-rs",
    "display" : "CREFONO-RS",
    "definition" : "CONSELHO REGIONAL DE FONOAUDIOLOGIA"
  },
  {
    "code" : "https://saude.gov.br/sid/crefono-sp",
    "display" : "CREFONO-SP",
    "definition" : "CONSELHO REGIONAL DE FONOAUDIOLOGIA"
  }]
}