<?xml version="1.0" encoding="UTF-8"?>

<CodeSystem xmlns="http://hl7.org/fhir">
  <id value="BRConselhoProfissional"/>
  <meta>
    <profile value="http://hl7.org/fhir/StructureDefinition/shareablecodesystem"/>
  </meta>
  <language value="pt-BR"/>
  <text>
    <status value="generated"/><div xmlns="http://www.w3.org/1999/xhtml"><p class="res-header-id"><b>Generated Narrative: CodeSystem BRConselhoProfissional</b></p><a name="BRConselhoProfissional"/><a name="hcBRConselhoProfissional"/><a name="BRConselhoProfissional-pt-BR"/><p>This case-sensitive code system <code>https://terminologia.saude.gov.br/fhir/CodeSystem/BRConselhoProfissional</code> defines the following codes:</p><table class="codes"><tr><td style="white-space:nowrap"><b>Code</b></td><td><b>Display</b></td><td><b>Definition</b></td></tr><tr><td style="white-space:nowrap">https://saude.gov.br/sid/crf-ac<a name="BRConselhoProfissional-https.58.47.47saude.46gov.46br.47sid.47crf-ac"/></td><td>CRF-AC</td><td>CONSELHO REGIONAL DE FARMÁCIA</td></tr><tr><td style="white-space:nowrap">https://saude.gov.br/sid/crf-al<a name="BRConselhoProfissional-https.58.47.47saude.46gov.46br.47sid.47crf-al"/></td><td>CRF-AL</td><td>CONSELHO REGIONAL DE FARMÁCIA</td></tr><tr><td style="white-space:nowrap">https://saude.gov.br/sid/crf-am<a name="BRConselhoProfissional-https.58.47.47saude.46gov.46br.47sid.47crf-am"/></td><td>CRF-AM</td><td>CONSELHO REGIONAL DE FARMÁCIA</td></tr><tr><td style="white-space:nowrap">https://saude.gov.br/sid/crf-ap<a name="BRConselhoProfissional-https.58.47.47saude.46gov.46br.47sid.47crf-ap"/></td><td>CRF-AP</td><td>CONSELHO REGIONAL DE FARMÁCIA</td></tr><tr><td style="white-space:nowrap">https://saude.gov.br/sid/crf-ba<a name="BRConselhoProfissional-https.58.47.47saude.46gov.46br.47sid.47crf-ba"/></td><td>CRF-BA</td><td>CONSELHO REGIONAL DE FARMÁCIA</td></tr><tr><td style="white-space:nowrap">https://saude.gov.br/sid/crf-ce<a name="BRConselhoProfissional-https.58.47.47saude.46gov.46br.47sid.47crf-ce"/></td><td>CRF-CE</td><td>CONSELHO REGIONAL DE FARMÁCIA</td></tr><tr><td style="white-space:nowrap">https://saude.gov.br/sid/crf-df<a name="BRConselhoProfissional-https.58.47.47saude.46gov.46br.47sid.47crf-df"/></td><td>CRF-DF</td><td>CONSELHO REGIONAL DE FARMÁCIA</td></tr><tr><td style="white-space:nowrap">https://saude.gov.br/sid/crf-es<a name="BRConselhoProfissional-https.58.47.47saude.46gov.46br.47sid.47crf-es"/></td><td>CRF-ES</td><td>CONSELHO REGIONAL DE FARMÁCIA</td></tr><tr><td style="white-space:nowrap">https://saude.gov.br/sid/crf-go<a name="BRConselhoProfissional-https.58.47.47saude.46gov.46br.47sid.47crf-go"/></td><td>CRF-GO</td><td>CONSELHO REGIONAL DE FARMÁCIA</td></tr><tr><td style="white-space:nowrap">https://saude.gov.br/sid/crf-ma<a name="BRConselhoProfissional-https.58.47.47saude.46gov.46br.47sid.47crf-ma"/></td><td>CRF-MA</td><td>CONSELHO REGIONAL DE FARMÁCIA</td></tr><tr><td style="white-space:nowrap">https://saude.gov.br/sid/crf-mg<a name="BRConselhoProfissional-https.58.47.47saude.46gov.46br.47sid.47crf-mg"/></td><td>CRF-MG</td><td>CONSELHO REGIONAL DE FARMÁCIA</td></tr><tr><td style="white-space:nowrap">https://saude.gov.br/sid/crf-ms<a name="BRConselhoProfissional-https.58.47.47saude.46gov.46br.47sid.47crf-ms"/></td><td>CRF-MS</td><td>CONSELHO REGIONAL DE FARMÁCIA</td></tr><tr><td style="white-space:nowrap">https://saude.gov.br/sid/crf-mt<a name="BRConselhoProfissional-https.58.47.47saude.46gov.46br.47sid.47crf-mt"/></td><td>CRF-MT</td><td>CONSELHO REGIONAL DE FARMÁCIA</td></tr><tr><td style="white-space:nowrap">https://saude.gov.br/sid/crf-pa<a name="BRConselhoProfissional-https.58.47.47saude.46gov.46br.47sid.47crf-pa"/></td><td>CRF-PA</td><td>CONSELHO REGIONAL DE FARMÁCIA</td></tr><tr><td style="white-space:nowrap">https://saude.gov.br/sid/crf-pb<a name="BRConselhoProfissional-https.58.47.47saude.46gov.46br.47sid.47crf-pb"/></td><td>CRF-PB</td><td>CONSELHO REGIONAL DE FARMÁCIA</td></tr><tr><td style="white-space:nowrap">https://saude.gov.br/sid/crf-pe<a name="BRConselhoProfissional-https.58.47.47saude.46gov.46br.47sid.47crf-pe"/></td><td>CRF-PE</td><td>CONSELHO REGIONAL DE FARMÁCIA</td></tr><tr><td style="white-space:nowrap">https://saude.gov.br/sid/crf-pi<a name="BRConselhoProfissional-https.58.47.47saude.46gov.46br.47sid.47crf-pi"/></td><td>CRF-PI</td><td>CONSELHO REGIONAL DE FARMÁCIA</td></tr><tr><td style="white-space:nowrap">https://saude.gov.br/sid/crf-pr<a name="BRConselhoProfissional-https.58.47.47saude.46gov.46br.47sid.47crf-pr"/></td><td>CRF-PR</td><td>CONSELHO REGIONAL DE FARMÁCIA</td></tr><tr><td style="white-space:nowrap">https://saude.gov.br/sid/crf-rj<a name="BRConselhoProfissional-https.58.47.47saude.46gov.46br.47sid.47crf-rj"/></td><td>CRF-RJ</td><td>CONSELHO REGIONAL DE FARMÁCIA</td></tr><tr><td style="white-space:nowrap">https://saude.gov.br/sid/crf-rn<a name="BRConselhoProfissional-https.58.47.47saude.46gov.46br.47sid.47crf-rn"/></td><td>CRF-RN</td><td>CONSELHO REGIONAL DE FARMÁCIA</td></tr><tr><td style="white-space:nowrap">https://saude.gov.br/sid/crf-ro<a name="BRConselhoProfissional-https.58.47.47saude.46gov.46br.47sid.47crf-ro"/></td><td>CRF-RO</td><td>CONSELHO REGIONAL DE FARMÁCIA</td></tr><tr><td style="white-space:nowrap">https://saude.gov.br/sid/crf-rr<a name="BRConselhoProfissional-https.58.47.47saude.46gov.46br.47sid.47crf-rr"/></td><td>CRF-RR</td><td>CONSELHO REGIONAL DE FARMÁCIA</td></tr><tr><td style="white-space:nowrap">https://saude.gov.br/sid/crf-rs<a name="BRConselhoProfissional-https.58.47.47saude.46gov.46br.47sid.47crf-rs"/></td><td>CRF-RS</td><td>CONSELHO REGIONAL DE FARMÁCIA</td></tr><tr><td style="white-space:nowrap">https://saude.gov.br/sid/crf-sc<a name="BRConselhoProfissional-https.58.47.47saude.46gov.46br.47sid.47crf-sc"/></td><td>CRF-SC</td><td>CONSELHO REGIONAL DE FARMÁCIA</td></tr><tr><td style="white-space:nowrap">https://saude.gov.br/sid/crf-se<a name="BRConselhoProfissional-https.58.47.47saude.46gov.46br.47sid.47crf-se"/></td><td>CRF-SE</td><td>CONSELHO REGIONAL DE FARMÁCIA</td></tr><tr><td style="white-space:nowrap">https://saude.gov.br/sid/crf-sp<a name="BRConselhoProfissional-https.58.47.47saude.46gov.46br.47sid.47crf-sp"/></td><td>CRF-SP</td><td>CONSELHO REGIONAL DE FARMÁCIA</td></tr><tr><td style="white-space:nowrap">https://saude.gov.br/sid/crf-to<a name="BRConselhoProfissional-https.58.47.47saude.46gov.46br.47sid.47crf-to"/></td><td>CRF-TO</td><td>CONSELHO REGIONAL DE FARMÁCIA</td></tr><tr><td style="white-space:nowrap">https://saude.gov.br/sid/cro-ac<a name="BRConselhoProfissional-https.58.47.47saude.46gov.46br.47sid.47cro-ac"/></td><td>CRO-AC</td><td>CONSELHO REGIONAL DE ODONTOLOGIA</td></tr><tr><td style="white-space:nowrap">https://saude.gov.br/sid/cro-al<a name="BRConselhoProfissional-https.58.47.47saude.46gov.46br.47sid.47cro-al"/></td><td>CRO-AL</td><td>CONSELHO REGIONAL DE ODONTOLOGIA</td></tr><tr><td style="white-space:nowrap">https://saude.gov.br/sid/cro-am<a name="BRConselhoProfissional-https.58.47.47saude.46gov.46br.47sid.47cro-am"/></td><td>CRO-AM</td><td>CONSELHO REGIONAL DE ODONTOLOGIA</td></tr><tr><td style="white-space:nowrap">https://saude.gov.br/sid/cro-ap<a name="BRConselhoProfissional-https.58.47.47saude.46gov.46br.47sid.47cro-ap"/></td><td>CRO-AP</td><td>CONSELHO REGIONAL DE ODONTOLOGIA</td></tr><tr><td style="white-space:nowrap">https://saude.gov.br/sid/cro-ba<a name="BRConselhoProfissional-https.58.47.47saude.46gov.46br.47sid.47cro-ba"/></td><td>CRO-BA</td><td>CONSELHO REGIONAL DE ODONTOLOGIA</td></tr><tr><td style="white-space:nowrap">https://saude.gov.br/sid/cro-ce<a name="BRConselhoProfissional-https.58.47.47saude.46gov.46br.47sid.47cro-ce"/></td><td>CRO-CE</td><td>CONSELHO REGIONAL DE ODONTOLOGIA</td></tr><tr><td style="white-space:nowrap">https://saude.gov.br/sid/cro-df<a name="BRConselhoProfissional-https.58.47.47saude.46gov.46br.47sid.47cro-df"/></td><td>CRO-DF</td><td>CONSELHO REGIONAL DE ODONTOLOGIA</td></tr><tr><td style="white-space:nowrap">https://saude.gov.br/sid/cro-es<a name="BRConselhoProfissional-https.58.47.47saude.46gov.46br.47sid.47cro-es"/></td><td>CRO-ES</td><td>CONSELHO REGIONAL DE ODONTOLOGIA</td></tr><tr><td style="white-space:nowrap">https://saude.gov.br/sid/cro-go<a name="BRConselhoProfissional-https.58.47.47saude.46gov.46br.47sid.47cro-go"/></td><td>CRO-GO</td><td>CONSELHO REGIONAL DE ODONTOLOGIA</td></tr><tr><td style="white-space:nowrap">https://saude.gov.br/sid/cro-ma<a name="BRConselhoProfissional-https.58.47.47saude.46gov.46br.47sid.47cro-ma"/></td><td>CRO-MA</td><td>CONSELHO REGIONAL DE ODONTOLOGIA</td></tr><tr><td style="white-space:nowrap">https://saude.gov.br/sid/cro-mg<a name="BRConselhoProfissional-https.58.47.47saude.46gov.46br.47sid.47cro-mg"/></td><td>CRO-MG</td><td>CONSELHO REGIONAL DE ODONTOLOGIA</td></tr><tr><td style="white-space:nowrap">https://saude.gov.br/sid/cro-ms<a name="BRConselhoProfissional-https.58.47.47saude.46gov.46br.47sid.47cro-ms"/></td><td>CRO-MS</td><td>CONSELHO REGIONAL DE ODONTOLOGIA</td></tr><tr><td style="white-space:nowrap">https://saude.gov.br/sid/cro-mt<a name="BRConselhoProfissional-https.58.47.47saude.46gov.46br.47sid.47cro-mt"/></td><td>CRO-MT</td><td>CONSELHO REGIONAL DE ODONTOLOGIA</td></tr><tr><td style="white-space:nowrap">https://saude.gov.br/sid/cro-pa<a name="BRConselhoProfissional-https.58.47.47saude.46gov.46br.47sid.47cro-pa"/></td><td>CRO-PA</td><td>CONSELHO REGIONAL DE ODONTOLOGIA</td></tr><tr><td style="white-space:nowrap">https://saude.gov.br/sid/cro-pb<a name="BRConselhoProfissional-https.58.47.47saude.46gov.46br.47sid.47cro-pb"/></td><td>CRO-PB</td><td>CONSELHO REGIONAL DE ODONTOLOGIA</td></tr><tr><td style="white-space:nowrap">https://saude.gov.br/sid/cro-pe<a name="BRConselhoProfissional-https.58.47.47saude.46gov.46br.47sid.47cro-pe"/></td><td>CRO-PE</td><td>CONSELHO REGIONAL DE ODONTOLOGIA</td></tr><tr><td style="white-space:nowrap">https://saude.gov.br/sid/cro-pi<a name="BRConselhoProfissional-https.58.47.47saude.46gov.46br.47sid.47cro-pi"/></td><td>CRO-PI</td><td>CONSELHO REGIONAL DE ODONTOLOGIA</td></tr><tr><td style="white-space:nowrap">https://saude.gov.br/sid/cro-pr<a name="BRConselhoProfissional-https.58.47.47saude.46gov.46br.47sid.47cro-pr"/></td><td>CRO-PR</td><td>CONSELHO REGIONAL DE ODONTOLOGIA</td></tr><tr><td style="white-space:nowrap">https://saude.gov.br/sid/cro-rj<a name="BRConselhoProfissional-https.58.47.47saude.46gov.46br.47sid.47cro-rj"/></td><td>CRO-RJ</td><td>CONSELHO REGIONAL DE ODONTOLOGIA</td></tr><tr><td style="white-space:nowrap">https://saude.gov.br/sid/cro-rn<a name="BRConselhoProfissional-https.58.47.47saude.46gov.46br.47sid.47cro-rn"/></td><td>CRO-RN</td><td>CONSELHO REGIONAL DE ODONTOLOGIA</td></tr><tr><td style="white-space:nowrap">https://saude.gov.br/sid/cro-ro<a name="BRConselhoProfissional-https.58.47.47saude.46gov.46br.47sid.47cro-ro"/></td><td>CRO-RO</td><td>CONSELHO REGIONAL DE ODONTOLOGIA</td></tr><tr><td style="white-space:nowrap">https://saude.gov.br/sid/cro-rr<a name="BRConselhoProfissional-https.58.47.47saude.46gov.46br.47sid.47cro-rr"/></td><td>CRO-RR</td><td>CONSELHO REGIONAL DE ODONTOLOGIA</td></tr><tr><td style="white-space:nowrap">https://saude.gov.br/sid/cro-rs<a name="BRConselhoProfissional-https.58.47.47saude.46gov.46br.47sid.47cro-rs"/></td><td>CRO-RS</td><td>CONSELHO REGIONAL DE ODONTOLOGIA</td></tr><tr><td style="white-space:nowrap">https://saude.gov.br/sid/cro-sc<a name="BRConselhoProfissional-https.58.47.47saude.46gov.46br.47sid.47cro-sc"/></td><td>CRO-SC</td><td>CONSELHO REGIONAL DE ODONTOLOGIA</td></tr><tr><td style="white-space:nowrap">https://saude.gov.br/sid/cro-se<a name="BRConselhoProfissional-https.58.47.47saude.46gov.46br.47sid.47cro-se"/></td><td>CRO-SE</td><td>CONSELHO REGIONAL DE ODONTOLOGIA</td></tr><tr><td style="white-space:nowrap">https://saude.gov.br/sid/cro-sp<a name="BRConselhoProfissional-https.58.47.47saude.46gov.46br.47sid.47cro-sp"/></td><td>CRO-SP</td><td>CONSELHO REGIONAL DE ODONTOLOGIA</td></tr><tr><td style="white-space:nowrap">https://saude.gov.br/sid/cro-to<a name="BRConselhoProfissional-https.58.47.47saude.46gov.46br.47sid.47cro-to"/></td><td>CRO-TO</td><td>CONSELHO REGIONAL DE ODONTOLOGIA</td></tr><tr><td style="white-space:nowrap">https://saude.gov.br/sid/coren-ac<a name="BRConselhoProfissional-https.58.47.47saude.46gov.46br.47sid.47coren-ac"/></td><td>COREN-AC</td><td>CONSELHO REGIONAL DE ENFERMAGEM</td></tr><tr><td style="white-space:nowrap">https://saude.gov.br/sid/coren-al<a name="BRConselhoProfissional-https.58.47.47saude.46gov.46br.47sid.47coren-al"/></td><td>COREN-AL</td><td>CONSELHO REGIONAL DE ENFERMAGEM</td></tr><tr><td style="white-space:nowrap">https://saude.gov.br/sid/coren-am<a name="BRConselhoProfissional-https.58.47.47saude.46gov.46br.47sid.47coren-am"/></td><td>COREN-AM</td><td>CONSELHO REGIONAL DE ENFERMAGEM</td></tr><tr><td style="white-space:nowrap">https://saude.gov.br/sid/coren-ap<a name="BRConselhoProfissional-https.58.47.47saude.46gov.46br.47sid.47coren-ap"/></td><td>COREN-AP</td><td>CONSELHO REGIONAL DE ENFERMAGEM</td></tr><tr><td style="white-space:nowrap">https://saude.gov.br/sid/coren-ba<a name="BRConselhoProfissional-https.58.47.47saude.46gov.46br.47sid.47coren-ba"/></td><td>COREN-BA</td><td>CONSELHO REGIONAL DE ENFERMAGEM</td></tr><tr><td style="white-space:nowrap">https://saude.gov.br/sid/coren-ce<a name="BRConselhoProfissional-https.58.47.47saude.46gov.46br.47sid.47coren-ce"/></td><td>COREN-CE</td><td>CONSELHO REGIONAL DE ENFERMAGEM</td></tr><tr><td style="white-space:nowrap">https://saude.gov.br/sid/coren-df<a name="BRConselhoProfissional-https.58.47.47saude.46gov.46br.47sid.47coren-df"/></td><td>COREN-DF</td><td>CONSELHO REGIONAL DE ENFERMAGEM</td></tr><tr><td style="white-space:nowrap">https://saude.gov.br/sid/coren-es<a name="BRConselhoProfissional-https.58.47.47saude.46gov.46br.47sid.47coren-es"/></td><td>COREN-ES</td><td>CONSELHO REGIONAL DE ENFERMAGEM</td></tr><tr><td style="white-space:nowrap">https://saude.gov.br/sid/coren-go<a name="BRConselhoProfissional-https.58.47.47saude.46gov.46br.47sid.47coren-go"/></td><td>COREN-GO</td><td>CONSELHO REGIONAL DE ENFERMAGEM</td></tr><tr><td style="white-space:nowrap">https://saude.gov.br/sid/coren-ma<a name="BRConselhoProfissional-https.58.47.47saude.46gov.46br.47sid.47coren-ma"/></td><td>COREN-MA</td><td>CONSELHO REGIONAL DE ENFERMAGEM</td></tr><tr><td style="white-space:nowrap">https://saude.gov.br/sid/coren-mg<a name="BRConselhoProfissional-https.58.47.47saude.46gov.46br.47sid.47coren-mg"/></td><td>COREN-MG</td><td>CONSELHO REGIONAL DE ENFERMAGEM</td></tr><tr><td style="white-space:nowrap">https://saude.gov.br/sid/coren-ms<a name="BRConselhoProfissional-https.58.47.47saude.46gov.46br.47sid.47coren-ms"/></td><td>COREN-MS</td><td>CONSELHO REGIONAL DE ENFERMAGEM</td></tr><tr><td style="white-space:nowrap">https://saude.gov.br/sid/coren-mt<a name="BRConselhoProfissional-https.58.47.47saude.46gov.46br.47sid.47coren-mt"/></td><td>COREN-MT</td><td>CONSELHO REGIONAL DE ENFERMAGEM</td></tr><tr><td style="white-space:nowrap">https://saude.gov.br/sid/coren-pa<a name="BRConselhoProfissional-https.58.47.47saude.46gov.46br.47sid.47coren-pa"/></td><td>COREN-PA</td><td>CONSELHO REGIONAL DE ENFERMAGEM</td></tr><tr><td style="white-space:nowrap">https://saude.gov.br/sid/coren-pb<a name="BRConselhoProfissional-https.58.47.47saude.46gov.46br.47sid.47coren-pb"/></td><td>COREN-PB</td><td>CONSELHO REGIONAL DE ENFERMAGEM</td></tr><tr><td style="white-space:nowrap">https://saude.gov.br/sid/coren-pe<a name="BRConselhoProfissional-https.58.47.47saude.46gov.46br.47sid.47coren-pe"/></td><td>COREN-PE</td><td>CONSELHO REGIONAL DE ENFERMAGEM</td></tr><tr><td style="white-space:nowrap">https://saude.gov.br/sid/coren-pi<a name="BRConselhoProfissional-https.58.47.47saude.46gov.46br.47sid.47coren-pi"/></td><td>COREN-PI</td><td>CONSELHO REGIONAL DE ENFERMAGEM</td></tr><tr><td style="white-space:nowrap">https://saude.gov.br/sid/coren-pr<a name="BRConselhoProfissional-https.58.47.47saude.46gov.46br.47sid.47coren-pr"/></td><td>COREN-PR</td><td>CONSELHO REGIONAL DE ENFERMAGEM</td></tr><tr><td style="white-space:nowrap">https://saude.gov.br/sid/coren-rj<a name="BRConselhoProfissional-https.58.47.47saude.46gov.46br.47sid.47coren-rj"/></td><td>COREN-RJ</td><td>CONSELHO REGIONAL DE ENFERMAGEM</td></tr><tr><td style="white-space:nowrap">https://saude.gov.br/sid/coren-rn<a name="BRConselhoProfissional-https.58.47.47saude.46gov.46br.47sid.47coren-rn"/></td><td>COREN-RN</td><td>CONSELHO REGIONAL DE ENFERMAGEM</td></tr><tr><td style="white-space:nowrap">https://saude.gov.br/sid/coren-ro<a name="BRConselhoProfissional-https.58.47.47saude.46gov.46br.47sid.47coren-ro"/></td><td>COREN-RO</td><td>CONSELHO REGIONAL DE ENFERMAGEM</td></tr><tr><td style="white-space:nowrap">https://saude.gov.br/sid/coren-rr<a name="BRConselhoProfissional-https.58.47.47saude.46gov.46br.47sid.47coren-rr"/></td><td>COREN-RR</td><td>CONSELHO REGIONAL DE ENFERMAGEM</td></tr><tr><td style="white-space:nowrap">https://saude.gov.br/sid/coren-rs<a name="BRConselhoProfissional-https.58.47.47saude.46gov.46br.47sid.47coren-rs"/></td><td>COREN-RS</td><td>CONSELHO REGIONAL DE ENFERMAGEM</td></tr><tr><td style="white-space:nowrap">https://saude.gov.br/sid/coren-sc<a name="BRConselhoProfissional-https.58.47.47saude.46gov.46br.47sid.47coren-sc"/></td><td>COREN-SC</td><td>CONSELHO REGIONAL DE ENFERMAGEM</td></tr><tr><td style="white-space:nowrap">https://saude.gov.br/sid/coren-se<a name="BRConselhoProfissional-https.58.47.47saude.46gov.46br.47sid.47coren-se"/></td><td>COREN-SE</td><td>CONSELHO REGIONAL DE ENFERMAGEM</td></tr><tr><td style="white-space:nowrap">https://saude.gov.br/sid/coren-sp<a name="BRConselhoProfissional-https.58.47.47saude.46gov.46br.47sid.47coren-sp"/></td><td>COREN-SP</td><td>CONSELHO REGIONAL DE ENFERMAGEM</td></tr><tr><td style="white-space:nowrap">https://saude.gov.br/sid/coren-to<a name="BRConselhoProfissional-https.58.47.47saude.46gov.46br.47sid.47coren-to"/></td><td>COREN-TO</td><td>CONSELHO REGIONAL DE ENFERMAGEM</td></tr><tr><td style="white-space:nowrap">https://saude.gov.br/sid/crm-ac<a name="BRConselhoProfissional-https.58.47.47saude.46gov.46br.47sid.47crm-ac"/></td><td>CRM-AC</td><td>CONSELHO REGIONAL DE MEDICINA</td></tr><tr><td style="white-space:nowrap">https://saude.gov.br/sid/crm-al<a name="BRConselhoProfissional-https.58.47.47saude.46gov.46br.47sid.47crm-al"/></td><td>CRM-AL</td><td>CONSELHO REGIONAL DE MEDICINA</td></tr><tr><td style="white-space:nowrap">https://saude.gov.br/sid/crm-am<a name="BRConselhoProfissional-https.58.47.47saude.46gov.46br.47sid.47crm-am"/></td><td>CRM-AM</td><td>CONSELHO REGIONAL DE MEDICINA</td></tr><tr><td style="white-space:nowrap">https://saude.gov.br/sid/crm-ap<a name="BRConselhoProfissional-https.58.47.47saude.46gov.46br.47sid.47crm-ap"/></td><td>CRM-AP</td><td>CONSELHO REGIONAL DE MEDICINA</td></tr><tr><td style="white-space:nowrap">https://saude.gov.br/sid/crm-ba<a name="BRConselhoProfissional-https.58.47.47saude.46gov.46br.47sid.47crm-ba"/></td><td>CRM-BA</td><td>CONSELHO REGIONAL DE MEDICINA</td></tr><tr><td style="white-space:nowrap">https://saude.gov.br/sid/crm-ce<a name="BRConselhoProfissional-https.58.47.47saude.46gov.46br.47sid.47crm-ce"/></td><td>CRM-CE</td><td>CONSELHO REGIONAL DE MEDICINA</td></tr><tr><td style="white-space:nowrap">https://saude.gov.br/sid/crm-df<a name="BRConselhoProfissional-https.58.47.47saude.46gov.46br.47sid.47crm-df"/></td><td>CRM-DF</td><td>CONSELHO REGIONAL DE MEDICINA</td></tr><tr><td style="white-space:nowrap">https://saude.gov.br/sid/crm-es<a name="BRConselhoProfissional-https.58.47.47saude.46gov.46br.47sid.47crm-es"/></td><td>CRM-ES</td><td>CONSELHO REGIONAL DE MEDICINA</td></tr><tr><td style="white-space:nowrap">https://saude.gov.br/sid/crm-go<a name="BRConselhoProfissional-https.58.47.47saude.46gov.46br.47sid.47crm-go"/></td><td>CRM-GO</td><td>CONSELHO REGIONAL DE MEDICINA</td></tr><tr><td style="white-space:nowrap">https://saude.gov.br/sid/crm-ma<a name="BRConselhoProfissional-https.58.47.47saude.46gov.46br.47sid.47crm-ma"/></td><td>CRM-MA</td><td>CONSELHO REGIONAL DE MEDICINA</td></tr><tr><td style="white-space:nowrap">https://saude.gov.br/sid/crm-mg<a name="BRConselhoProfissional-https.58.47.47saude.46gov.46br.47sid.47crm-mg"/></td><td>CRM-MG</td><td>CONSELHO REGIONAL DE MEDICINA</td></tr><tr><td style="white-space:nowrap">https://saude.gov.br/sid/crm-ms<a name="BRConselhoProfissional-https.58.47.47saude.46gov.46br.47sid.47crm-ms"/></td><td>CRM-MS</td><td>CONSELHO REGIONAL DE MEDICINA</td></tr><tr><td style="white-space:nowrap">https://saude.gov.br/sid/crm-mt<a name="BRConselhoProfissional-https.58.47.47saude.46gov.46br.47sid.47crm-mt"/></td><td>CRM-MT</td><td>CONSELHO REGIONAL DE MEDICINA</td></tr><tr><td style="white-space:nowrap">https://saude.gov.br/sid/crm-pa<a name="BRConselhoProfissional-https.58.47.47saude.46gov.46br.47sid.47crm-pa"/></td><td>CRM-PA</td><td>CONSELHO REGIONAL DE MEDICINA</td></tr><tr><td style="white-space:nowrap">https://saude.gov.br/sid/crm-pb<a name="BRConselhoProfissional-https.58.47.47saude.46gov.46br.47sid.47crm-pb"/></td><td>CRM-PB</td><td>CONSELHO REGIONAL DE MEDICINA</td></tr><tr><td style="white-space:nowrap">https://saude.gov.br/sid/crm-pe<a name="BRConselhoProfissional-https.58.47.47saude.46gov.46br.47sid.47crm-pe"/></td><td>CRM-PE</td><td>CONSELHO REGIONAL DE MEDICINA</td></tr><tr><td style="white-space:nowrap">https://saude.gov.br/sid/crm-pi<a name="BRConselhoProfissional-https.58.47.47saude.46gov.46br.47sid.47crm-pi"/></td><td>CRM-PI</td><td>CONSELHO REGIONAL DE MEDICINA</td></tr><tr><td style="white-space:nowrap">https://saude.gov.br/sid/crm-pr<a name="BRConselhoProfissional-https.58.47.47saude.46gov.46br.47sid.47crm-pr"/></td><td>CRM-PR</td><td>CONSELHO REGIONAL DE MEDICINA</td></tr><tr><td style="white-space:nowrap">https://saude.gov.br/sid/crm-rj<a name="BRConselhoProfissional-https.58.47.47saude.46gov.46br.47sid.47crm-rj"/></td><td>CRM-RJ</td><td>CONSELHO REGIONAL DE MEDICINA</td></tr><tr><td style="white-space:nowrap">https://saude.gov.br/sid/crm-rn<a name="BRConselhoProfissional-https.58.47.47saude.46gov.46br.47sid.47crm-rn"/></td><td>CRM-RN</td><td>CONSELHO REGIONAL DE MEDICINA</td></tr><tr><td style="white-space:nowrap">https://saude.gov.br/sid/crm-ro<a name="BRConselhoProfissional-https.58.47.47saude.46gov.46br.47sid.47crm-ro"/></td><td>CRM-RO</td><td>CONSELHO REGIONAL DE MEDICINA</td></tr><tr><td style="white-space:nowrap">https://saude.gov.br/sid/crm-rr<a name="BRConselhoProfissional-https.58.47.47saude.46gov.46br.47sid.47crm-rr"/></td><td>CRM-RR</td><td>CONSELHO REGIONAL DE MEDICINA</td></tr><tr><td style="white-space:nowrap">https://saude.gov.br/sid/crm-rs<a name="BRConselhoProfissional-https.58.47.47saude.46gov.46br.47sid.47crm-rs"/></td><td>CRM-RS</td><td>CONSELHO REGIONAL DE MEDICINA</td></tr><tr><td style="white-space:nowrap">https://saude.gov.br/sid/crm-sc<a name="BRConselhoProfissional-https.58.47.47saude.46gov.46br.47sid.47crm-sc"/></td><td>CRM-SC</td><td>CONSELHO REGIONAL DE MEDICINA</td></tr><tr><td style="white-space:nowrap">https://saude.gov.br/sid/crm-se<a name="BRConselhoProfissional-https.58.47.47saude.46gov.46br.47sid.47crm-se"/></td><td>CRM-SE</td><td>CONSELHO REGIONAL DE MEDICINA</td></tr><tr><td style="white-space:nowrap">https://saude.gov.br/sid/crm-sp<a name="BRConselhoProfissional-https.58.47.47saude.46gov.46br.47sid.47crm-sp"/></td><td>CRM-SP</td><td>CONSELHO REGIONAL DE MEDICINA</td></tr><tr><td style="white-space:nowrap">https://saude.gov.br/sid/crm-to<a name="BRConselhoProfissional-https.58.47.47saude.46gov.46br.47sid.47crm-to"/></td><td>CRM-TO</td><td>CONSELHO REGIONAL DE MEDICINA</td></tr><tr><td style="white-space:nowrap">https://saude.gov.br/sid/crp-ac-ro<a name="BRConselhoProfissional-https.58.47.47saude.46gov.46br.47sid.47crp-ac-ro"/></td><td>CRP-AC-RO</td><td>CONSELHO REGIONAL DE PSICOLOGIA</td></tr><tr><td style="white-space:nowrap">https://saude.gov.br/sid/crp-al<a name="BRConselhoProfissional-https.58.47.47saude.46gov.46br.47sid.47crp-al"/></td><td>CRP-AL</td><td>CONSELHO REGIONAL DE PSICOLOGIA</td></tr><tr><td style="white-space:nowrap">https://saude.gov.br/sid/crp-am-rr<a name="BRConselhoProfissional-https.58.47.47saude.46gov.46br.47sid.47crp-am-rr"/></td><td>CRP-AM-RR</td><td>CONSELHO REGIONAL DE PSICOLOGIA</td></tr><tr><td style="white-space:nowrap">https://saude.gov.br/sid/crp-ba<a name="BRConselhoProfissional-https.58.47.47saude.46gov.46br.47sid.47crp-ba"/></td><td>CRP-BA</td><td>CONSELHO REGIONAL DE PSICOLOGIA</td></tr><tr><td style="white-space:nowrap">https://saude.gov.br/sid/crp-ce<a name="BRConselhoProfissional-https.58.47.47saude.46gov.46br.47sid.47crp-ce"/></td><td>CRP-CE</td><td>CONSELHO REGIONAL DE PSICOLOGIA</td></tr><tr><td style="white-space:nowrap">https://saude.gov.br/sid/crp-df<a name="BRConselhoProfissional-https.58.47.47saude.46gov.46br.47sid.47crp-df"/></td><td>CRP-DF</td><td>CONSELHO REGIONAL DE PSICOLOGIA</td></tr><tr><td style="white-space:nowrap">https://saude.gov.br/sid/crp-es<a name="BRConselhoProfissional-https.58.47.47saude.46gov.46br.47sid.47crp-es"/></td><td>CRP-ES</td><td>CONSELHO REGIONAL DE PSICOLOGIA</td></tr><tr><td style="white-space:nowrap">https://saude.gov.br/sid/crp-go<a name="BRConselhoProfissional-https.58.47.47saude.46gov.46br.47sid.47crp-go"/></td><td>CRP-GO</td><td>CONSELHO REGIONAL DE PSICOLOGIA</td></tr><tr><td style="white-space:nowrap">https://saude.gov.br/sid/crp-ma<a name="BRConselhoProfissional-https.58.47.47saude.46gov.46br.47sid.47crp-ma"/></td><td>CRP-MA</td><td>CONSELHO REGIONAL DE PSICOLOGIA</td></tr><tr><td style="white-space:nowrap">https://saude.gov.br/sid/crp-mg<a name="BRConselhoProfissional-https.58.47.47saude.46gov.46br.47sid.47crp-mg"/></td><td>CRP-MG</td><td>CONSELHO REGIONAL DE PSICOLOGIA</td></tr><tr><td style="white-space:nowrap">https://saude.gov.br/sid/crp-ms<a name="BRConselhoProfissional-https.58.47.47saude.46gov.46br.47sid.47crp-ms"/></td><td>CRP-MS</td><td>CONSELHO REGIONAL DE PSICOLOGIA</td></tr><tr><td style="white-space:nowrap">https://saude.gov.br/sid/crp-mt<a name="BRConselhoProfissional-https.58.47.47saude.46gov.46br.47sid.47crp-mt"/></td><td>CRP-MT</td><td>CONSELHO REGIONAL DE PSICOLOGIA</td></tr><tr><td style="white-space:nowrap">https://saude.gov.br/sid/crp-pa-ap<a name="BRConselhoProfissional-https.58.47.47saude.46gov.46br.47sid.47crp-pa-ap"/></td><td>CRP-PA-AP</td><td>CONSELHO REGIONAL DE PSICOLOGIA</td></tr><tr><td style="white-space:nowrap">https://saude.gov.br/sid/crp-pb<a name="BRConselhoProfissional-https.58.47.47saude.46gov.46br.47sid.47crp-pb"/></td><td>CRP-PB</td><td>CONSELHO REGIONAL DE PSICOLOGIA</td></tr><tr><td style="white-space:nowrap">https://saude.gov.br/sid/crp-pe<a name="BRConselhoProfissional-https.58.47.47saude.46gov.46br.47sid.47crp-pe"/></td><td>CRP-PE</td><td>CONSELHO REGIONAL DE PSICOLOGIA</td></tr><tr><td style="white-space:nowrap">https://saude.gov.br/sid/crp-pi<a name="BRConselhoProfissional-https.58.47.47saude.46gov.46br.47sid.47crp-pi"/></td><td>CRP-PI</td><td>CONSELHO REGIONAL DE PSICOLOGIA</td></tr><tr><td style="white-space:nowrap">https://saude.gov.br/sid/crp-pr<a name="BRConselhoProfissional-https.58.47.47saude.46gov.46br.47sid.47crp-pr"/></td><td>CRP-PR</td><td>CONSELHO REGIONAL DE PSICOLOGIA</td></tr><tr><td style="white-space:nowrap">https://saude.gov.br/sid/crp-rj<a name="BRConselhoProfissional-https.58.47.47saude.46gov.46br.47sid.47crp-rj"/></td><td>CRP-RJ</td><td>CONSELHO REGIONAL DE PSICOLOGIA</td></tr><tr><td style="white-space:nowrap">https://saude.gov.br/sid/crp-rn<a name="BRConselhoProfissional-https.58.47.47saude.46gov.46br.47sid.47crp-rn"/></td><td>CRP-RN</td><td>CONSELHO REGIONAL DE PSICOLOGIA</td></tr><tr><td style="white-space:nowrap">https://saude.gov.br/sid/crp-rs<a name="BRConselhoProfissional-https.58.47.47saude.46gov.46br.47sid.47crp-rs"/></td><td>CRP-RS</td><td>CONSELHO REGIONAL DE PSICOLOGIA</td></tr><tr><td style="white-space:nowrap">https://saude.gov.br/sid/crp-sc<a name="BRConselhoProfissional-https.58.47.47saude.46gov.46br.47sid.47crp-sc"/></td><td>CRP-SC</td><td>CONSELHO REGIONAL DE PSICOLOGIA</td></tr><tr><td style="white-space:nowrap">https://saude.gov.br/sid/crp-se<a name="BRConselhoProfissional-https.58.47.47saude.46gov.46br.47sid.47crp-se"/></td><td>CRP-SE</td><td>CONSELHO REGIONAL DE PSICOLOGIA</td></tr><tr><td style="white-space:nowrap">https://saude.gov.br/sid/crp-sp<a name="BRConselhoProfissional-https.58.47.47saude.46gov.46br.47sid.47crp-sp"/></td><td>CRP-SP</td><td>CONSELHO REGIONAL DE PSICOLOGIA</td></tr><tr><td style="white-space:nowrap">https://saude.gov.br/sid/crp-to<a name="BRConselhoProfissional-https.58.47.47saude.46gov.46br.47sid.47crp-to"/></td><td>CRP-TO</td><td>CONSELHO REGIONAL DE PSICOLOGIA</td></tr><tr><td style="white-space:nowrap">https://saude.gov.br/sid/crefito-ba<a name="BRConselhoProfissional-https.58.47.47saude.46gov.46br.47sid.47crefito-ba"/></td><td>CREFITO-BA</td><td>CONSELHO REGIONAS DE FISIOTERAPIA E TERAPIA OCUPACIONAL</td></tr><tr><td style="white-space:nowrap">https://saude.gov.br/sid/crefito-ce<a name="BRConselhoProfissional-https.58.47.47saude.46gov.46br.47sid.47crefito-ce"/></td><td>CREFITO-CE</td><td>CONSELHO REGIONAS DE FISIOTERAPIA E TERAPIA OCUPACIONAL</td></tr><tr><td style="white-space:nowrap">https://saude.gov.br/sid/crefito-es<a name="BRConselhoProfissional-https.58.47.47saude.46gov.46br.47sid.47crefito-es"/></td><td>CREFITO-ES</td><td>CONSELHO REGIONAS DE FISIOTERAPIA E TERAPIA OCUPACIONAL</td></tr><tr><td style="white-space:nowrap">https://saude.gov.br/sid/crefito-go-df<a name="BRConselhoProfissional-https.58.47.47saude.46gov.46br.47sid.47crefito-go-df"/></td><td>CREFITO-GO-DF</td><td>CONSELHO REGIONAS DE FISIOTERAPIA E TERAPIA OCUPACIONAL</td></tr><tr><td style="white-space:nowrap">https://saude.gov.br/sid/crefito-ma<a name="BRConselhoProfissional-https.58.47.47saude.46gov.46br.47sid.47crefito-ma"/></td><td>CREFITO-MA</td><td>CONSELHO REGIONAS DE FISIOTERAPIA E TERAPIA OCUPACIONAL</td></tr><tr><td style="white-space:nowrap">https://saude.gov.br/sid/crefito-mg<a name="BRConselhoProfissional-https.58.47.47saude.46gov.46br.47sid.47crefito-mg"/></td><td>CREFITO-MG</td><td>CONSELHO REGIONAS DE FISIOTERAPIA E TERAPIA OCUPACIONAL</td></tr><tr><td style="white-space:nowrap">https://saude.gov.br/sid/crefito-ms<a name="BRConselhoProfissional-https.58.47.47saude.46gov.46br.47sid.47crefito-ms"/></td><td>CREFITO-MS</td><td>CONSELHO REGIONAS DE FISIOTERAPIA E TERAPIA OCUPACIONAL</td></tr><tr><td style="white-space:nowrap">https://saude.gov.br/sid/crefito-mt<a name="BRConselhoProfissional-https.58.47.47saude.46gov.46br.47sid.47crefito-mt"/></td><td>CREFITO-MT</td><td>CONSELHO REGIONAS DE FISIOTERAPIA E TERAPIA OCUPACIONAL</td></tr><tr><td style="white-space:nowrap">https://saude.gov.br/sid/crefito-pa-am-to-rr-ap<a name="BRConselhoProfissional-https.58.47.47saude.46gov.46br.47sid.47crefito-pa-am-to-rr-ap"/></td><td>CREFITO-PA-AM-TO-RR-AP</td><td>CONSELHO REGIONAS DE FISIOTERAPIA E TERAPIA OCUPACIONAL</td></tr><tr><td style="white-space:nowrap">https://saude.gov.br/sid/crefito-pe-pb-al-rn<a name="BRConselhoProfissional-https.58.47.47saude.46gov.46br.47sid.47crefito-pe-pb-al-rn"/></td><td>CREFITO-PE-PB-AL-RN</td><td>CONSELHO REGIONAS DE FISIOTERAPIA E TERAPIA OCUPACIONAL</td></tr><tr><td style="white-space:nowrap">https://saude.gov.br/sid/crefito-pi<a name="BRConselhoProfissional-https.58.47.47saude.46gov.46br.47sid.47crefito-pi"/></td><td>CREFITO-PI</td><td>CONSELHO REGIONAS DE FISIOTERAPIA E TERAPIA OCUPACIONAL</td></tr><tr><td style="white-space:nowrap">https://saude.gov.br/sid/crefito-pr<a name="BRConselhoProfissional-https.58.47.47saude.46gov.46br.47sid.47crefito-pr"/></td><td>CREFITO-PR</td><td>CONSELHO REGIONAS DE FISIOTERAPIA E TERAPIA OCUPACIONAL</td></tr><tr><td style="white-space:nowrap">https://saude.gov.br/sid/crefito-rj<a name="BRConselhoProfissional-https.58.47.47saude.46gov.46br.47sid.47crefito-rj"/></td><td>CREFITO-RJ</td><td>CONSELHO REGIONAS DE FISIOTERAPIA E TERAPIA OCUPACIONAL</td></tr><tr><td style="white-space:nowrap">https://saude.gov.br/sid/crefito-ro-ac<a name="BRConselhoProfissional-https.58.47.47saude.46gov.46br.47sid.47crefito-ro-ac"/></td><td>CREFITO-RO-AC</td><td>CONSELHO REGIONAS DE FISIOTERAPIA E TERAPIA OCUPACIONAL</td></tr><tr><td style="white-space:nowrap">https://saude.gov.br/sid/crefito-rs<a name="BRConselhoProfissional-https.58.47.47saude.46gov.46br.47sid.47crefito-rs"/></td><td>CREFITO-RS</td><td>CONSELHO REGIONAS DE FISIOTERAPIA E TERAPIA OCUPACIONAL</td></tr><tr><td style="white-space:nowrap">https://saude.gov.br/sid/crefito-sc<a name="BRConselhoProfissional-https.58.47.47saude.46gov.46br.47sid.47crefito-sc"/></td><td>CREFITO-SC</td><td>CONSELHO REGIONAS DE FISIOTERAPIA E TERAPIA OCUPACIONAL</td></tr><tr><td style="white-space:nowrap">https://saude.gov.br/sid/crefito-se<a name="BRConselhoProfissional-https.58.47.47saude.46gov.46br.47sid.47crefito-se"/></td><td>CREFITO-SE</td><td>CONSELHO REGIONAS DE FISIOTERAPIA E TERAPIA OCUPACIONAL</td></tr><tr><td style="white-space:nowrap">https://saude.gov.br/sid/crefito-sp<a name="BRConselhoProfissional-https.58.47.47saude.46gov.46br.47sid.47crefito-sp"/></td><td>CREFITO-SP</td><td>CONSELHO REGIONAS DE FISIOTERAPIA E TERAPIA OCUPACIONAL</td></tr><tr><td style="white-space:nowrap">https://saude.gov.br/sid/crn-al<a name="BRConselhoProfissional-https.58.47.47saude.46gov.46br.47sid.47crn-al"/></td><td>CRN-AL</td><td>CONSELHO REGIONAL DE NUTRICIONISTA</td></tr><tr><td style="white-space:nowrap">https://saude.gov.br/sid/crn-ba-se<a name="BRConselhoProfissional-https.58.47.47saude.46gov.46br.47sid.47crn-ba-se"/></td><td>CRN-BA-SE</td><td>CONSELHO REGIONAL DE NUTRICIONISTA</td></tr><tr><td style="white-space:nowrap">https://saude.gov.br/sid/crn-ce-ma-pi<a name="BRConselhoProfissional-https.58.47.47saude.46gov.46br.47sid.47crn-ce-ma-pi"/></td><td>CRN-CE-MA_PI</td><td>CONSELHO REGIONAL DE NUTRICIONISTA</td></tr><tr><td style="white-space:nowrap">https://saude.gov.br/sid/crn-df-go-mt-to<a name="BRConselhoProfissional-https.58.47.47saude.46gov.46br.47sid.47crn-df-go-mt-to"/></td><td>CRN-DF-GO-MT-TO</td><td>CONSELHO REGIONAL DE NUTRICIONISTA</td></tr><tr><td style="white-space:nowrap">https://saude.gov.br/sid/crn-pa-ac-am-ap-ro-rr<a name="BRConselhoProfissional-https.58.47.47saude.46gov.46br.47sid.47crn-pa-ac-am-ap-ro-rr"/></td><td>CRN-PA-AC-AM-AP-RO-RR</td><td>CONSELHO REGIONAL DE NUTRICIONISTA</td></tr><tr><td style="white-space:nowrap">https://saude.gov.br/sid/crn-pe-al-pb-rn<a name="BRConselhoProfissional-https.58.47.47saude.46gov.46br.47sid.47crn-pe-al-pb-rn"/></td><td>CRN-PE-AL-PB-RN</td><td>CONSELHO REGIONAL DE NUTRICIONISTA</td></tr><tr><td style="white-space:nowrap">https://saude.gov.br/sid/crn-pr<a name="BRConselhoProfissional-https.58.47.47saude.46gov.46br.47sid.47crn-pr"/></td><td>CRN-PR</td><td>CONSELHO REGIONAL DE NUTRICIONISTA</td></tr><tr><td style="white-space:nowrap">https://saude.gov.br/sid/crn-rj-es<a name="BRConselhoProfissional-https.58.47.47saude.46gov.46br.47sid.47crn-rj-es"/></td><td>CRN-RJ-ES</td><td>CONSELHO REGIONAL DE NUTRICIONISTA</td></tr><tr><td style="white-space:nowrap">https://saude.gov.br/sid/crn-rs<a name="BRConselhoProfissional-https.58.47.47saude.46gov.46br.47sid.47crn-rs"/></td><td>CRN-RS</td><td>CONSELHO REGIONAL DE NUTRICIONISTA</td></tr><tr><td style="white-space:nowrap">https://saude.gov.br/sid/crn-sc<a name="BRConselhoProfissional-https.58.47.47saude.46gov.46br.47sid.47crn-sc"/></td><td>CRN-SC</td><td>CONSELHO REGIONAL DE NUTRICIONISTA</td></tr><tr><td style="white-space:nowrap">https://saude.gov.br/sid/crn-sp-ms<a name="BRConselhoProfissional-https.58.47.47saude.46gov.46br.47sid.47crn-sp-ms"/></td><td>CRN-SP-MS</td><td>CONSELHO REGIONAL DE NUTRICIONISTA</td></tr><tr><td style="white-space:nowrap">https://saude.gov.br/sid/crefono-am-ac-ap-pa-ro-rr<a name="BRConselhoProfissional-https.58.47.47saude.46gov.46br.47sid.47crefono-am-ac-ap-pa-ro-rr"/></td><td>CREFONO-AM-AC-AP-PA-RO-RR</td><td>CONSELHO REGIONAL DE FONOAUDIOLOGIA</td></tr><tr><td style="white-space:nowrap">https://saude.gov.br/sid/crefono-ce-ma-pi-rn<a name="BRConselhoProfissional-https.58.47.47saude.46gov.46br.47sid.47crefono-ce-ma-pi-rn"/></td><td>CREFONO-CE-MA-PI-RN</td><td>CONSELHO REGIONAL DE FONOAUDIOLOGIA</td></tr><tr><td style="white-space:nowrap">https://saude.gov.br/sid/crefono-go-df-ms-mt-to<a name="BRConselhoProfissional-https.58.47.47saude.46gov.46br.47sid.47crefono-go-df-ms-mt-to"/></td><td>CREFONO-GO-DF-MS-MT-TO</td><td>CONSELHO REGIONAL DE FONOAUDIOLOGIA</td></tr><tr><td style="white-space:nowrap">https://saude.gov.br/sid/crefono-mg-es<a name="BRConselhoProfissional-https.58.47.47saude.46gov.46br.47sid.47crefono-mg-es"/></td><td>CREFONO-MG-ES</td><td>CONSELHO REGIONAL DE FONOAUDIOLOGIA</td></tr><tr><td style="white-space:nowrap">https://saude.gov.br/sid/crefono-pe-al-ba-pb-se<a name="BRConselhoProfissional-https.58.47.47saude.46gov.46br.47sid.47crefono-pe-al-ba-pb-se"/></td><td>CREFONO-PE-AL-BA-PB-SE</td><td>CONSELHO REGIONAL DE FONOAUDIOLOGIA</td></tr><tr><td style="white-space:nowrap">https://saude.gov.br/sid/crefono-pr-sc<a name="BRConselhoProfissional-https.58.47.47saude.46gov.46br.47sid.47crefono-pr-sc"/></td><td>CREFONO-PR-SC</td><td>CONSELHO REGIONAL DE FONOAUDIOLOGIA</td></tr><tr><td style="white-space:nowrap">https://saude.gov.br/sid/crefono-rj<a name="BRConselhoProfissional-https.58.47.47saude.46gov.46br.47sid.47crefono-rj"/></td><td>CREFONO-RJ</td><td>CONSELHO REGIONAL DE FONOAUDIOLOGIA</td></tr><tr><td style="white-space:nowrap">https://saude.gov.br/sid/crefono-rs<a name="BRConselhoProfissional-https.58.47.47saude.46gov.46br.47sid.47crefono-rs"/></td><td>CREFONO-RS</td><td>CONSELHO REGIONAL DE FONOAUDIOLOGIA</td></tr><tr><td style="white-space:nowrap">https://saude.gov.br/sid/crefono-sp<a name="BRConselhoProfissional-https.58.47.47saude.46gov.46br.47sid.47crefono-sp"/></td><td>CREFONO-SP</td><td>CONSELHO REGIONAL DE FONOAUDIOLOGIA</td></tr></table></div>
  </text>
  <url value="https://terminologia.saude.gov.br/fhir/CodeSystem/BRConselhoProfissional"/>
  <identifier>
    <system value="https://saude.gov.br/sid/codesystem"/>
    <value value="BRConselhoProfissional"/>
  </identifier>
  <version value="1.0.0"/>
  <name value="BRConselhoProfissional"/>
  <title value="Conselhos profissionais de saúde do Brasil"/>
  <status value="draft"/>
  <experimental value="true"/>
  <date value="2023-07-18T13:05:57+00:00"/>
  <publisher value="Ministério da Saúde do Brasil"/>
  <contact>
    <name value="Ministério da Saúde do Brasil"/>
    <telecom>
      <system value="url"/>
      <value value="http://www.saude.gov.br"/>
    </telecom>
  </contact>
  <description value="Esse CodeSystem inclui os conselhos profissionais de saúde do Brasil, conforme a Resolução CNS 251/1997."/>
  <jurisdiction>
    <coding>
      <system value="urn:iso:std:iso:3166"/>
      <code value="BR"/>
    </coding>
  </jurisdiction>
  <caseSensitive value="true"/>
  <content value="complete"/>
  <count value="170"/>
  <concept>
    <code value="https://saude.gov.br/sid/crf-ac"/>
    <display value="CRF-AC"/>
    <definition value="CONSELHO REGIONAL DE FARMÁCIA"/>
  </concept>
  <concept>
    <code value="https://saude.gov.br/sid/crf-al"/>
    <display value="CRF-AL"/>
    <definition value="CONSELHO REGIONAL DE FARMÁCIA"/>
  </concept>
  <concept>
    <code value="https://saude.gov.br/sid/crf-am"/>
    <display value="CRF-AM"/>
    <definition value="CONSELHO REGIONAL DE FARMÁCIA"/>
  </concept>
  <concept>
    <code value="https://saude.gov.br/sid/crf-ap"/>
    <display value="CRF-AP"/>
    <definition value="CONSELHO REGIONAL DE FARMÁCIA"/>
  </concept>
  <concept>
    <code value="https://saude.gov.br/sid/crf-ba"/>
    <display value="CRF-BA"/>
    <definition value="CONSELHO REGIONAL DE FARMÁCIA"/>
  </concept>
  <concept>
    <code value="https://saude.gov.br/sid/crf-ce"/>
    <display value="CRF-CE"/>
    <definition value="CONSELHO REGIONAL DE FARMÁCIA"/>
  </concept>
  <concept>
    <code value="https://saude.gov.br/sid/crf-df"/>
    <display value="CRF-DF"/>
    <definition value="CONSELHO REGIONAL DE FARMÁCIA"/>
  </concept>
  <concept>
    <code value="https://saude.gov.br/sid/crf-es"/>
    <display value="CRF-ES"/>
    <definition value="CONSELHO REGIONAL DE FARMÁCIA"/>
  </concept>
  <concept>
    <code value="https://saude.gov.br/sid/crf-go"/>
    <display value="CRF-GO"/>
    <definition value="CONSELHO REGIONAL DE FARMÁCIA"/>
  </concept>
  <concept>
    <code value="https://saude.gov.br/sid/crf-ma"/>
    <display value="CRF-MA"/>
    <definition value="CONSELHO REGIONAL DE FARMÁCIA"/>
  </concept>
  <concept>
    <code value="https://saude.gov.br/sid/crf-mg"/>
    <display value="CRF-MG"/>
    <definition value="CONSELHO REGIONAL DE FARMÁCIA"/>
  </concept>
  <concept>
    <code value="https://saude.gov.br/sid/crf-ms"/>
    <display value="CRF-MS"/>
    <definition value="CONSELHO REGIONAL DE FARMÁCIA"/>
  </concept>
  <concept>
    <code value="https://saude.gov.br/sid/crf-mt"/>
    <display value="CRF-MT"/>
    <definition value="CONSELHO REGIONAL DE FARMÁCIA"/>
  </concept>
  <concept>
    <code value="https://saude.gov.br/sid/crf-pa"/>
    <display value="CRF-PA"/>
    <definition value="CONSELHO REGIONAL DE FARMÁCIA"/>
  </concept>
  <concept>
    <code value="https://saude.gov.br/sid/crf-pb"/>
    <display value="CRF-PB"/>
    <definition value="CONSELHO REGIONAL DE FARMÁCIA"/>
  </concept>
  <concept>
    <code value="https://saude.gov.br/sid/crf-pe"/>
    <display value="CRF-PE"/>
    <definition value="CONSELHO REGIONAL DE FARMÁCIA"/>
  </concept>
  <concept>
    <code value="https://saude.gov.br/sid/crf-pi"/>
    <display value="CRF-PI"/>
    <definition value="CONSELHO REGIONAL DE FARMÁCIA"/>
  </concept>
  <concept>
    <code value="https://saude.gov.br/sid/crf-pr"/>
    <display value="CRF-PR"/>
    <definition value="CONSELHO REGIONAL DE FARMÁCIA"/>
  </concept>
  <concept>
    <code value="https://saude.gov.br/sid/crf-rj"/>
    <display value="CRF-RJ"/>
    <definition value="CONSELHO REGIONAL DE FARMÁCIA"/>
  </concept>
  <concept>
    <code value="https://saude.gov.br/sid/crf-rn"/>
    <display value="CRF-RN"/>
    <definition value="CONSELHO REGIONAL DE FARMÁCIA"/>
  </concept>
  <concept>
    <code value="https://saude.gov.br/sid/crf-ro"/>
    <display value="CRF-RO"/>
    <definition value="CONSELHO REGIONAL DE FARMÁCIA"/>
  </concept>
  <concept>
    <code value="https://saude.gov.br/sid/crf-rr"/>
    <display value="CRF-RR"/>
    <definition value="CONSELHO REGIONAL DE FARMÁCIA"/>
  </concept>
  <concept>
    <code value="https://saude.gov.br/sid/crf-rs"/>
    <display value="CRF-RS"/>
    <definition value="CONSELHO REGIONAL DE FARMÁCIA"/>
  </concept>
  <concept>
    <code value="https://saude.gov.br/sid/crf-sc"/>
    <display value="CRF-SC"/>
    <definition value="CONSELHO REGIONAL DE FARMÁCIA"/>
  </concept>
  <concept>
    <code value="https://saude.gov.br/sid/crf-se"/>
    <display value="CRF-SE"/>
    <definition value="CONSELHO REGIONAL DE FARMÁCIA"/>
  </concept>
  <concept>
    <code value="https://saude.gov.br/sid/crf-sp"/>
    <display value="CRF-SP"/>
    <definition value="CONSELHO REGIONAL DE FARMÁCIA"/>
  </concept>
  <concept>
    <code value="https://saude.gov.br/sid/crf-to"/>
    <display value="CRF-TO"/>
    <definition value="CONSELHO REGIONAL DE FARMÁCIA"/>
  </concept>
  <concept>
    <code value="https://saude.gov.br/sid/cro-ac"/>
    <display value="CRO-AC"/>
    <definition value="CONSELHO REGIONAL DE ODONTOLOGIA"/>
  </concept>
  <concept>
    <code value="https://saude.gov.br/sid/cro-al"/>
    <display value="CRO-AL"/>
    <definition value="CONSELHO REGIONAL DE ODONTOLOGIA"/>
  </concept>
  <concept>
    <code value="https://saude.gov.br/sid/cro-am"/>
    <display value="CRO-AM"/>
    <definition value="CONSELHO REGIONAL DE ODONTOLOGIA"/>
  </concept>
  <concept>
    <code value="https://saude.gov.br/sid/cro-ap"/>
    <display value="CRO-AP"/>
    <definition value="CONSELHO REGIONAL DE ODONTOLOGIA"/>
  </concept>
  <concept>
    <code value="https://saude.gov.br/sid/cro-ba"/>
    <display value="CRO-BA"/>
    <definition value="CONSELHO REGIONAL DE ODONTOLOGIA"/>
  </concept>
  <concept>
    <code value="https://saude.gov.br/sid/cro-ce"/>
    <display value="CRO-CE"/>
    <definition value="CONSELHO REGIONAL DE ODONTOLOGIA"/>
  </concept>
  <concept>
    <code value="https://saude.gov.br/sid/cro-df"/>
    <display value="CRO-DF"/>
    <definition value="CONSELHO REGIONAL DE ODONTOLOGIA"/>
  </concept>
  <concept>
    <code value="https://saude.gov.br/sid/cro-es"/>
    <display value="CRO-ES"/>
    <definition value="CONSELHO REGIONAL DE ODONTOLOGIA"/>
  </concept>
  <concept>
    <code value="https://saude.gov.br/sid/cro-go"/>
    <display value="CRO-GO"/>
    <definition value="CONSELHO REGIONAL DE ODONTOLOGIA"/>
  </concept>
  <concept>
    <code value="https://saude.gov.br/sid/cro-ma"/>
    <display value="CRO-MA"/>
    <definition value="CONSELHO REGIONAL DE ODONTOLOGIA"/>
  </concept>
  <concept>
    <code value="https://saude.gov.br/sid/cro-mg"/>
    <display value="CRO-MG"/>
    <definition value="CONSELHO REGIONAL DE ODONTOLOGIA"/>
  </concept>
  <concept>
    <code value="https://saude.gov.br/sid/cro-ms"/>
    <display value="CRO-MS"/>
    <definition value="CONSELHO REGIONAL DE ODONTOLOGIA"/>
  </concept>
  <concept>
    <code value="https://saude.gov.br/sid/cro-mt"/>
    <display value="CRO-MT"/>
    <definition value="CONSELHO REGIONAL DE ODONTOLOGIA"/>
  </concept>
  <concept>
    <code value="https://saude.gov.br/sid/cro-pa"/>
    <display value="CRO-PA"/>
    <definition value="CONSELHO REGIONAL DE ODONTOLOGIA"/>
  </concept>
  <concept>
    <code value="https://saude.gov.br/sid/cro-pb"/>
    <display value="CRO-PB"/>
    <definition value="CONSELHO REGIONAL DE ODONTOLOGIA"/>
  </concept>
  <concept>
    <code value="https://saude.gov.br/sid/cro-pe"/>
    <display value="CRO-PE"/>
    <definition value="CONSELHO REGIONAL DE ODONTOLOGIA"/>
  </concept>
  <concept>
    <code value="https://saude.gov.br/sid/cro-pi"/>
    <display value="CRO-PI"/>
    <definition value="CONSELHO REGIONAL DE ODONTOLOGIA"/>
  </concept>
  <concept>
    <code value="https://saude.gov.br/sid/cro-pr"/>
    <display value="CRO-PR"/>
    <definition value="CONSELHO REGIONAL DE ODONTOLOGIA"/>
  </concept>
  <concept>
    <code value="https://saude.gov.br/sid/cro-rj"/>
    <display value="CRO-RJ"/>
    <definition value="CONSELHO REGIONAL DE ODONTOLOGIA"/>
  </concept>
  <concept>
    <code value="https://saude.gov.br/sid/cro-rn"/>
    <display value="CRO-RN"/>
    <definition value="CONSELHO REGIONAL DE ODONTOLOGIA"/>
  </concept>
  <concept>
    <code value="https://saude.gov.br/sid/cro-ro"/>
    <display value="CRO-RO"/>
    <definition value="CONSELHO REGIONAL DE ODONTOLOGIA"/>
  </concept>
  <concept>
    <code value="https://saude.gov.br/sid/cro-rr"/>
    <display value="CRO-RR"/>
    <definition value="CONSELHO REGIONAL DE ODONTOLOGIA"/>
  </concept>
  <concept>
    <code value="https://saude.gov.br/sid/cro-rs"/>
    <display value="CRO-RS"/>
    <definition value="CONSELHO REGIONAL DE ODONTOLOGIA"/>
  </concept>
  <concept>
    <code value="https://saude.gov.br/sid/cro-sc"/>
    <display value="CRO-SC"/>
    <definition value="CONSELHO REGIONAL DE ODONTOLOGIA"/>
  </concept>
  <concept>
    <code value="https://saude.gov.br/sid/cro-se"/>
    <display value="CRO-SE"/>
    <definition value="CONSELHO REGIONAL DE ODONTOLOGIA"/>
  </concept>
  <concept>
    <code value="https://saude.gov.br/sid/cro-sp"/>
    <display value="CRO-SP"/>
    <definition value="CONSELHO REGIONAL DE ODONTOLOGIA"/>
  </concept>
  <concept>
    <code value="https://saude.gov.br/sid/cro-to"/>
    <display value="CRO-TO"/>
    <definition value="CONSELHO REGIONAL DE ODONTOLOGIA"/>
  </concept>
  <concept>
    <code value="https://saude.gov.br/sid/coren-ac"/>
    <display value="COREN-AC"/>
    <definition value="CONSELHO REGIONAL DE ENFERMAGEM"/>
  </concept>
  <concept>
    <code value="https://saude.gov.br/sid/coren-al"/>
    <display value="COREN-AL"/>
    <definition value="CONSELHO REGIONAL DE ENFERMAGEM"/>
  </concept>
  <concept>
    <code value="https://saude.gov.br/sid/coren-am"/>
    <display value="COREN-AM"/>
    <definition value="CONSELHO REGIONAL DE ENFERMAGEM"/>
  </concept>
  <concept>
    <code value="https://saude.gov.br/sid/coren-ap"/>
    <display value="COREN-AP"/>
    <definition value="CONSELHO REGIONAL DE ENFERMAGEM"/>
  </concept>
  <concept>
    <code value="https://saude.gov.br/sid/coren-ba"/>
    <display value="COREN-BA"/>
    <definition value="CONSELHO REGIONAL DE ENFERMAGEM"/>
  </concept>
  <concept>
    <code value="https://saude.gov.br/sid/coren-ce"/>
    <display value="COREN-CE"/>
    <definition value="CONSELHO REGIONAL DE ENFERMAGEM"/>
  </concept>
  <concept>
    <code value="https://saude.gov.br/sid/coren-df"/>
    <display value="COREN-DF"/>
    <definition value="CONSELHO REGIONAL DE ENFERMAGEM"/>
  </concept>
  <concept>
    <code value="https://saude.gov.br/sid/coren-es"/>
    <display value="COREN-ES"/>
    <definition value="CONSELHO REGIONAL DE ENFERMAGEM"/>
  </concept>
  <concept>
    <code value="https://saude.gov.br/sid/coren-go"/>
    <display value="COREN-GO"/>
    <definition value="CONSELHO REGIONAL DE ENFERMAGEM"/>
  </concept>
  <concept>
    <code value="https://saude.gov.br/sid/coren-ma"/>
    <display value="COREN-MA"/>
    <definition value="CONSELHO REGIONAL DE ENFERMAGEM"/>
  </concept>
  <concept>
    <code value="https://saude.gov.br/sid/coren-mg"/>
    <display value="COREN-MG"/>
    <definition value="CONSELHO REGIONAL DE ENFERMAGEM"/>
  </concept>
  <concept>
    <code value="https://saude.gov.br/sid/coren-ms"/>
    <display value="COREN-MS"/>
    <definition value="CONSELHO REGIONAL DE ENFERMAGEM"/>
  </concept>
  <concept>
    <code value="https://saude.gov.br/sid/coren-mt"/>
    <display value="COREN-MT"/>
    <definition value="CONSELHO REGIONAL DE ENFERMAGEM"/>
  </concept>
  <concept>
    <code value="https://saude.gov.br/sid/coren-pa"/>
    <display value="COREN-PA"/>
    <definition value="CONSELHO REGIONAL DE ENFERMAGEM"/>
  </concept>
  <concept>
    <code value="https://saude.gov.br/sid/coren-pb"/>
    <display value="COREN-PB"/>
    <definition value="CONSELHO REGIONAL DE ENFERMAGEM"/>
  </concept>
  <concept>
    <code value="https://saude.gov.br/sid/coren-pe"/>
    <display value="COREN-PE"/>
    <definition value="CONSELHO REGIONAL DE ENFERMAGEM"/>
  </concept>
  <concept>
    <code value="https://saude.gov.br/sid/coren-pi"/>
    <display value="COREN-PI"/>
    <definition value="CONSELHO REGIONAL DE ENFERMAGEM"/>
  </concept>
  <concept>
    <code value="https://saude.gov.br/sid/coren-pr"/>
    <display value="COREN-PR"/>
    <definition value="CONSELHO REGIONAL DE ENFERMAGEM"/>
  </concept>
  <concept>
    <code value="https://saude.gov.br/sid/coren-rj"/>
    <display value="COREN-RJ"/>
    <definition value="CONSELHO REGIONAL DE ENFERMAGEM"/>
  </concept>
  <concept>
    <code value="https://saude.gov.br/sid/coren-rn"/>
    <display value="COREN-RN"/>
    <definition value="CONSELHO REGIONAL DE ENFERMAGEM"/>
  </concept>
  <concept>
    <code value="https://saude.gov.br/sid/coren-ro"/>
    <display value="COREN-RO"/>
    <definition value="CONSELHO REGIONAL DE ENFERMAGEM"/>
  </concept>
  <concept>
    <code value="https://saude.gov.br/sid/coren-rr"/>
    <display value="COREN-RR"/>
    <definition value="CONSELHO REGIONAL DE ENFERMAGEM"/>
  </concept>
  <concept>
    <code value="https://saude.gov.br/sid/coren-rs"/>
    <display value="COREN-RS"/>
    <definition value="CONSELHO REGIONAL DE ENFERMAGEM"/>
  </concept>
  <concept>
    <code value="https://saude.gov.br/sid/coren-sc"/>
    <display value="COREN-SC"/>
    <definition value="CONSELHO REGIONAL DE ENFERMAGEM"/>
  </concept>
  <concept>
    <code value="https://saude.gov.br/sid/coren-se"/>
    <display value="COREN-SE"/>
    <definition value="CONSELHO REGIONAL DE ENFERMAGEM"/>
  </concept>
  <concept>
    <code value="https://saude.gov.br/sid/coren-sp"/>
    <display value="COREN-SP"/>
    <definition value="CONSELHO REGIONAL DE ENFERMAGEM"/>
  </concept>
  <concept>
    <code value="https://saude.gov.br/sid/coren-to"/>
    <display value="COREN-TO"/>
    <definition value="CONSELHO REGIONAL DE ENFERMAGEM"/>
  </concept>
  <concept>
    <code value="https://saude.gov.br/sid/crm-ac"/>
    <display value="CRM-AC"/>
    <definition value="CONSELHO REGIONAL DE MEDICINA"/>
  </concept>
  <concept>
    <code value="https://saude.gov.br/sid/crm-al"/>
    <display value="CRM-AL"/>
    <definition value="CONSELHO REGIONAL DE MEDICINA"/>
  </concept>
  <concept>
    <code value="https://saude.gov.br/sid/crm-am"/>
    <display value="CRM-AM"/>
    <definition value="CONSELHO REGIONAL DE MEDICINA"/>
  </concept>
  <concept>
    <code value="https://saude.gov.br/sid/crm-ap"/>
    <display value="CRM-AP"/>
    <definition value="CONSELHO REGIONAL DE MEDICINA"/>
  </concept>
  <concept>
    <code value="https://saude.gov.br/sid/crm-ba"/>
    <display value="CRM-BA"/>
    <definition value="CONSELHO REGIONAL DE MEDICINA"/>
  </concept>
  <concept>
    <code value="https://saude.gov.br/sid/crm-ce"/>
    <display value="CRM-CE"/>
    <definition value="CONSELHO REGIONAL DE MEDICINA"/>
  </concept>
  <concept>
    <code value="https://saude.gov.br/sid/crm-df"/>
    <display value="CRM-DF"/>
    <definition value="CONSELHO REGIONAL DE MEDICINA"/>
  </concept>
  <concept>
    <code value="https://saude.gov.br/sid/crm-es"/>
    <display value="CRM-ES"/>
    <definition value="CONSELHO REGIONAL DE MEDICINA"/>
  </concept>
  <concept>
    <code value="https://saude.gov.br/sid/crm-go"/>
    <display value="CRM-GO"/>
    <definition value="CONSELHO REGIONAL DE MEDICINA"/>
  </concept>
  <concept>
    <code value="https://saude.gov.br/sid/crm-ma"/>
    <display value="CRM-MA"/>
    <definition value="CONSELHO REGIONAL DE MEDICINA"/>
  </concept>
  <concept>
    <code value="https://saude.gov.br/sid/crm-mg"/>
    <display value="CRM-MG"/>
    <definition value="CONSELHO REGIONAL DE MEDICINA"/>
  </concept>
  <concept>
    <code value="https://saude.gov.br/sid/crm-ms"/>
    <display value="CRM-MS"/>
    <definition value="CONSELHO REGIONAL DE MEDICINA"/>
  </concept>
  <concept>
    <code value="https://saude.gov.br/sid/crm-mt"/>
    <display value="CRM-MT"/>
    <definition value="CONSELHO REGIONAL DE MEDICINA"/>
  </concept>
  <concept>
    <code value="https://saude.gov.br/sid/crm-pa"/>
    <display value="CRM-PA"/>
    <definition value="CONSELHO REGIONAL DE MEDICINA"/>
  </concept>
  <concept>
    <code value="https://saude.gov.br/sid/crm-pb"/>
    <display value="CRM-PB"/>
    <definition value="CONSELHO REGIONAL DE MEDICINA"/>
  </concept>
  <concept>
    <code value="https://saude.gov.br/sid/crm-pe"/>
    <display value="CRM-PE"/>
    <definition value="CONSELHO REGIONAL DE MEDICINA"/>
  </concept>
  <concept>
    <code value="https://saude.gov.br/sid/crm-pi"/>
    <display value="CRM-PI"/>
    <definition value="CONSELHO REGIONAL DE MEDICINA"/>
  </concept>
  <concept>
    <code value="https://saude.gov.br/sid/crm-pr"/>
    <display value="CRM-PR"/>
    <definition value="CONSELHO REGIONAL DE MEDICINA"/>
  </concept>
  <concept>
    <code value="https://saude.gov.br/sid/crm-rj"/>
    <display value="CRM-RJ"/>
    <definition value="CONSELHO REGIONAL DE MEDICINA"/>
  </concept>
  <concept>
    <code value="https://saude.gov.br/sid/crm-rn"/>
    <display value="CRM-RN"/>
    <definition value="CONSELHO REGIONAL DE MEDICINA"/>
  </concept>
  <concept>
    <code value="https://saude.gov.br/sid/crm-ro"/>
    <display value="CRM-RO"/>
    <definition value="CONSELHO REGIONAL DE MEDICINA"/>
  </concept>
  <concept>
    <code value="https://saude.gov.br/sid/crm-rr"/>
    <display value="CRM-RR"/>
    <definition value="CONSELHO REGIONAL DE MEDICINA"/>
  </concept>
  <concept>
    <code value="https://saude.gov.br/sid/crm-rs"/>
    <display value="CRM-RS"/>
    <definition value="CONSELHO REGIONAL DE MEDICINA"/>
  </concept>
  <concept>
    <code value="https://saude.gov.br/sid/crm-sc"/>
    <display value="CRM-SC"/>
    <definition value="CONSELHO REGIONAL DE MEDICINA"/>
  </concept>
  <concept>
    <code value="https://saude.gov.br/sid/crm-se"/>
    <display value="CRM-SE"/>
    <definition value="CONSELHO REGIONAL DE MEDICINA"/>
  </concept>
  <concept>
    <code value="https://saude.gov.br/sid/crm-sp"/>
    <display value="CRM-SP"/>
    <definition value="CONSELHO REGIONAL DE MEDICINA"/>
  </concept>
  <concept>
    <code value="https://saude.gov.br/sid/crm-to"/>
    <display value="CRM-TO"/>
    <definition value="CONSELHO REGIONAL DE MEDICINA"/>
  </concept>
  <concept>
    <code value="https://saude.gov.br/sid/crp-ac-ro"/>
    <display value="CRP-AC-RO"/>
    <definition value="CONSELHO REGIONAL DE PSICOLOGIA"/>
  </concept>
  <concept>
    <code value="https://saude.gov.br/sid/crp-al"/>
    <display value="CRP-AL"/>
    <definition value="CONSELHO REGIONAL DE PSICOLOGIA"/>
  </concept>
  <concept>
    <code value="https://saude.gov.br/sid/crp-am-rr"/>
    <display value="CRP-AM-RR"/>
    <definition value="CONSELHO REGIONAL DE PSICOLOGIA"/>
  </concept>
  <concept>
    <code value="https://saude.gov.br/sid/crp-ba"/>
    <display value="CRP-BA"/>
    <definition value="CONSELHO REGIONAL DE PSICOLOGIA"/>
  </concept>
  <concept>
    <code value="https://saude.gov.br/sid/crp-ce"/>
    <display value="CRP-CE"/>
    <definition value="CONSELHO REGIONAL DE PSICOLOGIA"/>
  </concept>
  <concept>
    <code value="https://saude.gov.br/sid/crp-df"/>
    <display value="CRP-DF"/>
    <definition value="CONSELHO REGIONAL DE PSICOLOGIA"/>
  </concept>
  <concept>
    <code value="https://saude.gov.br/sid/crp-es"/>
    <display value="CRP-ES"/>
    <definition value="CONSELHO REGIONAL DE PSICOLOGIA"/>
  </concept>
  <concept>
    <code value="https://saude.gov.br/sid/crp-go"/>
    <display value="CRP-GO"/>
    <definition value="CONSELHO REGIONAL DE PSICOLOGIA"/>
  </concept>
  <concept>
    <code value="https://saude.gov.br/sid/crp-ma"/>
    <display value="CRP-MA"/>
    <definition value="CONSELHO REGIONAL DE PSICOLOGIA"/>
  </concept>
  <concept>
    <code value="https://saude.gov.br/sid/crp-mg"/>
    <display value="CRP-MG"/>
    <definition value="CONSELHO REGIONAL DE PSICOLOGIA"/>
  </concept>
  <concept>
    <code value="https://saude.gov.br/sid/crp-ms"/>
    <display value="CRP-MS"/>
    <definition value="CONSELHO REGIONAL DE PSICOLOGIA"/>
  </concept>
  <concept>
    <code value="https://saude.gov.br/sid/crp-mt"/>
    <display value="CRP-MT"/>
    <definition value="CONSELHO REGIONAL DE PSICOLOGIA"/>
  </concept>
  <concept>
    <code value="https://saude.gov.br/sid/crp-pa-ap"/>
    <display value="CRP-PA-AP"/>
    <definition value="CONSELHO REGIONAL DE PSICOLOGIA"/>
  </concept>
  <concept>
    <code value="https://saude.gov.br/sid/crp-pb"/>
    <display value="CRP-PB"/>
    <definition value="CONSELHO REGIONAL DE PSICOLOGIA"/>
  </concept>
  <concept>
    <code value="https://saude.gov.br/sid/crp-pe"/>
    <display value="CRP-PE"/>
    <definition value="CONSELHO REGIONAL DE PSICOLOGIA"/>
  </concept>
  <concept>
    <code value="https://saude.gov.br/sid/crp-pi"/>
    <display value="CRP-PI"/>
    <definition value="CONSELHO REGIONAL DE PSICOLOGIA"/>
  </concept>
  <concept>
    <code value="https://saude.gov.br/sid/crp-pr"/>
    <display value="CRP-PR"/>
    <definition value="CONSELHO REGIONAL DE PSICOLOGIA"/>
  </concept>
  <concept>
    <code value="https://saude.gov.br/sid/crp-rj"/>
    <display value="CRP-RJ"/>
    <definition value="CONSELHO REGIONAL DE PSICOLOGIA"/>
  </concept>
  <concept>
    <code value="https://saude.gov.br/sid/crp-rn"/>
    <display value="CRP-RN"/>
    <definition value="CONSELHO REGIONAL DE PSICOLOGIA"/>
  </concept>
  <concept>
    <code value="https://saude.gov.br/sid/crp-rs"/>
    <display value="CRP-RS"/>
    <definition value="CONSELHO REGIONAL DE PSICOLOGIA"/>
  </concept>
  <concept>
    <code value="https://saude.gov.br/sid/crp-sc"/>
    <display value="CRP-SC"/>
    <definition value="CONSELHO REGIONAL DE PSICOLOGIA"/>
  </concept>
  <concept>
    <code value="https://saude.gov.br/sid/crp-se"/>
    <display value="CRP-SE"/>
    <definition value="CONSELHO REGIONAL DE PSICOLOGIA"/>
  </concept>
  <concept>
    <code value="https://saude.gov.br/sid/crp-sp"/>
    <display value="CRP-SP"/>
    <definition value="CONSELHO REGIONAL DE PSICOLOGIA"/>
  </concept>
  <concept>
    <code value="https://saude.gov.br/sid/crp-to"/>
    <display value="CRP-TO"/>
    <definition value="CONSELHO REGIONAL DE PSICOLOGIA"/>
  </concept>
  <concept>
    <code value="https://saude.gov.br/sid/crefito-ba"/>
    <display value="CREFITO-BA"/>
    <definition value="CONSELHO REGIONAS DE FISIOTERAPIA E TERAPIA OCUPACIONAL"/>
  </concept>
  <concept>
    <code value="https://saude.gov.br/sid/crefito-ce"/>
    <display value="CREFITO-CE"/>
    <definition value="CONSELHO REGIONAS DE FISIOTERAPIA E TERAPIA OCUPACIONAL"/>
  </concept>
  <concept>
    <code value="https://saude.gov.br/sid/crefito-es"/>
    <display value="CREFITO-ES"/>
    <definition value="CONSELHO REGIONAS DE FISIOTERAPIA E TERAPIA OCUPACIONAL"/>
  </concept>
  <concept>
    <code value="https://saude.gov.br/sid/crefito-go-df"/>
    <display value="CREFITO-GO-DF"/>
    <definition value="CONSELHO REGIONAS DE FISIOTERAPIA E TERAPIA OCUPACIONAL"/>
  </concept>
  <concept>
    <code value="https://saude.gov.br/sid/crefito-ma"/>
    <display value="CREFITO-MA"/>
    <definition value="CONSELHO REGIONAS DE FISIOTERAPIA E TERAPIA OCUPACIONAL"/>
  </concept>
  <concept>
    <code value="https://saude.gov.br/sid/crefito-mg"/>
    <display value="CREFITO-MG"/>
    <definition value="CONSELHO REGIONAS DE FISIOTERAPIA E TERAPIA OCUPACIONAL"/>
  </concept>
  <concept>
    <code value="https://saude.gov.br/sid/crefito-ms"/>
    <display value="CREFITO-MS"/>
    <definition value="CONSELHO REGIONAS DE FISIOTERAPIA E TERAPIA OCUPACIONAL"/>
  </concept>
  <concept>
    <code value="https://saude.gov.br/sid/crefito-mt"/>
    <display value="CREFITO-MT"/>
    <definition value="CONSELHO REGIONAS DE FISIOTERAPIA E TERAPIA OCUPACIONAL"/>
  </concept>
  <concept>
    <code value="https://saude.gov.br/sid/crefito-pa-am-to-rr-ap"/>
    <display value="CREFITO-PA-AM-TO-RR-AP"/>
    <definition value="CONSELHO REGIONAS DE FISIOTERAPIA E TERAPIA OCUPACIONAL"/>
  </concept>
  <concept>
    <code value="https://saude.gov.br/sid/crefito-pe-pb-al-rn"/>
    <display value="CREFITO-PE-PB-AL-RN"/>
    <definition value="CONSELHO REGIONAS DE FISIOTERAPIA E TERAPIA OCUPACIONAL"/>
  </concept>
  <concept>
    <code value="https://saude.gov.br/sid/crefito-pi"/>
    <display value="CREFITO-PI"/>
    <definition value="CONSELHO REGIONAS DE FISIOTERAPIA E TERAPIA OCUPACIONAL"/>
  </concept>
  <concept>
    <code value="https://saude.gov.br/sid/crefito-pr"/>
    <display value="CREFITO-PR"/>
    <definition value="CONSELHO REGIONAS DE FISIOTERAPIA E TERAPIA OCUPACIONAL"/>
  </concept>
  <concept>
    <code value="https://saude.gov.br/sid/crefito-rj"/>
    <display value="CREFITO-RJ"/>
    <definition value="CONSELHO REGIONAS DE FISIOTERAPIA E TERAPIA OCUPACIONAL"/>
  </concept>
  <concept>
    <code value="https://saude.gov.br/sid/crefito-ro-ac"/>
    <display value="CREFITO-RO-AC"/>
    <definition value="CONSELHO REGIONAS DE FISIOTERAPIA E TERAPIA OCUPACIONAL"/>
  </concept>
  <concept>
    <code value="https://saude.gov.br/sid/crefito-rs"/>
    <display value="CREFITO-RS"/>
    <definition value="CONSELHO REGIONAS DE FISIOTERAPIA E TERAPIA OCUPACIONAL"/>
  </concept>
  <concept>
    <code value="https://saude.gov.br/sid/crefito-sc"/>
    <display value="CREFITO-SC"/>
    <definition value="CONSELHO REGIONAS DE FISIOTERAPIA E TERAPIA OCUPACIONAL"/>
  </concept>
  <concept>
    <code value="https://saude.gov.br/sid/crefito-se"/>
    <display value="CREFITO-SE"/>
    <definition value="CONSELHO REGIONAS DE FISIOTERAPIA E TERAPIA OCUPACIONAL"/>
  </concept>
  <concept>
    <code value="https://saude.gov.br/sid/crefito-sp"/>
    <display value="CREFITO-SP"/>
    <definition value="CONSELHO REGIONAS DE FISIOTERAPIA E TERAPIA OCUPACIONAL"/>
  </concept>
  <concept>
    <code value="https://saude.gov.br/sid/crn-al"/>
    <display value="CRN-AL"/>
    <definition value="CONSELHO REGIONAL DE NUTRICIONISTA"/>
  </concept>
  <concept>
    <code value="https://saude.gov.br/sid/crn-ba-se"/>
    <display value="CRN-BA-SE"/>
    <definition value="CONSELHO REGIONAL DE NUTRICIONISTA"/>
  </concept>
  <concept>
    <code value="https://saude.gov.br/sid/crn-ce-ma-pi"/>
    <display value="CRN-CE-MA_PI"/>
    <definition value="CONSELHO REGIONAL DE NUTRICIONISTA"/>
  </concept>
  <concept>
    <code value="https://saude.gov.br/sid/crn-df-go-mt-to"/>
    <display value="CRN-DF-GO-MT-TO"/>
    <definition value="CONSELHO REGIONAL DE NUTRICIONISTA"/>
  </concept>
  <concept>
    <code value="https://saude.gov.br/sid/crn-pa-ac-am-ap-ro-rr"/>
    <display value="CRN-PA-AC-AM-AP-RO-RR"/>
    <definition value="CONSELHO REGIONAL DE NUTRICIONISTA"/>
  </concept>
  <concept>
    <code value="https://saude.gov.br/sid/crn-pe-al-pb-rn"/>
    <display value="CRN-PE-AL-PB-RN"/>
    <definition value="CONSELHO REGIONAL DE NUTRICIONISTA"/>
  </concept>
  <concept>
    <code value="https://saude.gov.br/sid/crn-pr"/>
    <display value="CRN-PR"/>
    <definition value="CONSELHO REGIONAL DE NUTRICIONISTA"/>
  </concept>
  <concept>
    <code value="https://saude.gov.br/sid/crn-rj-es"/>
    <display value="CRN-RJ-ES"/>
    <definition value="CONSELHO REGIONAL DE NUTRICIONISTA"/>
  </concept>
  <concept>
    <code value="https://saude.gov.br/sid/crn-rs"/>
    <display value="CRN-RS"/>
    <definition value="CONSELHO REGIONAL DE NUTRICIONISTA"/>
  </concept>
  <concept>
    <code value="https://saude.gov.br/sid/crn-sc"/>
    <display value="CRN-SC"/>
    <definition value="CONSELHO REGIONAL DE NUTRICIONISTA"/>
  </concept>
  <concept>
    <code value="https://saude.gov.br/sid/crn-sp-ms"/>
    <display value="CRN-SP-MS"/>
    <definition value="CONSELHO REGIONAL DE NUTRICIONISTA"/>
  </concept>
  <concept>
    <code value="https://saude.gov.br/sid/crefono-am-ac-ap-pa-ro-rr"/>
    <display value="CREFONO-AM-AC-AP-PA-RO-RR"/>
    <definition value="CONSELHO REGIONAL DE FONOAUDIOLOGIA"/>
  </concept>
  <concept>
    <code value="https://saude.gov.br/sid/crefono-ce-ma-pi-rn"/>
    <display value="CREFONO-CE-MA-PI-RN"/>
    <definition value="CONSELHO REGIONAL DE FONOAUDIOLOGIA"/>
  </concept>
  <concept>
    <code value="https://saude.gov.br/sid/crefono-go-df-ms-mt-to"/>
    <display value="CREFONO-GO-DF-MS-MT-TO"/>
    <definition value="CONSELHO REGIONAL DE FONOAUDIOLOGIA"/>
  </concept>
  <concept>
    <code value="https://saude.gov.br/sid/crefono-mg-es"/>
    <display value="CREFONO-MG-ES"/>
    <definition value="CONSELHO REGIONAL DE FONOAUDIOLOGIA"/>
  </concept>
  <concept>
    <code value="https://saude.gov.br/sid/crefono-pe-al-ba-pb-se"/>
    <display value="CREFONO-PE-AL-BA-PB-SE"/>
    <definition value="CONSELHO REGIONAL DE FONOAUDIOLOGIA"/>
  </concept>
  <concept>
    <code value="https://saude.gov.br/sid/crefono-pr-sc"/>
    <display value="CREFONO-PR-SC"/>
    <definition value="CONSELHO REGIONAL DE FONOAUDIOLOGIA"/>
  </concept>
  <concept>
    <code value="https://saude.gov.br/sid/crefono-rj"/>
    <display value="CREFONO-RJ"/>
    <definition value="CONSELHO REGIONAL DE FONOAUDIOLOGIA"/>
  </concept>
  <concept>
    <code value="https://saude.gov.br/sid/crefono-rs"/>
    <display value="CREFONO-RS"/>
    <definition value="CONSELHO REGIONAL DE FONOAUDIOLOGIA"/>
  </concept>
  <concept>
    <code value="https://saude.gov.br/sid/crefono-sp"/>
    <display value="CREFONO-SP"/>
    <definition value="CONSELHO REGIONAL DE FONOAUDIOLOGIA"/>
  </concept>
</CodeSystem>