"Id","Path","Slice Name","Alias(s)","Label","Min","Max","Must Support?","Is Modifier?","Is Summary?","Type(s)","Short","Definition","Comments","Requirements","Default Value","Meaning When Missing","Fixed Value","Pattern","Example","Minimum Value","Maximum Value","Maximum Length","Binding Strength","Binding Description","Binding Value Set","Code","Slicing Discriminator","Slicing Description","Slicing Ordered","Slicing Rules","Base Path","Base Min","Base Max","Condition(s)","Constraint(s)","Mapping: Mapping to NCPDP SCRIPT 10.6","Mapping: RIM Mapping","Mapping: FiveWs Pattern Mapping","Mapping: HL7 v2 Mapping"
"Medication","Medication","","","",0,*,"","","","null {[]} {[]}
","Definition of a Medication","This resource is primarily used for the identification and definition of a medication for the purposes of prescribing, dispensing, and administering a medication as well as for making statements about medication use.","","","","","","","","","",,,,,"",,,,"Medication",0,*,"","dom-2:If the resource is contained in another resource, it SHALL NOT contain nested Resources {contained.contained.empty()}
dom-3:If the resource is contained in another resource, it SHALL be referred to from elsewhere in the resource or SHALL refer to the containing resource {contained.where((('#'+id in (%resource.descendants().reference | %resource.descendants().as(canonical) | %resource.descendants().as(uri) | %resource.descendants().as(url))) or descendants().where(reference = '#').exists() or descendants().where(as(canonical) = '#').exists() or descendants().where(as(canonical) = '#').exists()).not()).trace('unmatched', id).empty()}dom-4:If a resource is contained in another resource, it SHALL NOT have a meta.versionId or a meta.lastUpdated {contained.meta.versionId.empty() and contained.meta.lastUpdated.empty()}dom-5:If a resource is contained in another resource, it SHALL NOT have a security label {contained.meta.security.empty()}dom-6:A resource should have narrative for robust management {text.`div`.exists()}","NewRx/MedicationPrescribed-or-RxFill/MedicationDispensed-or-RxHistoryResponse/MedicationDispensed-or-RxHistoryResponse/MedicationPrescribed","Entity. Role, or Act","ManufacturedProduct[classCode=ADMM]"
"Medication.id","Medication.id","","","",0,1,"","","Y","id {[]} {[]}
","Referenciamento entre elemento","ID exclusivo para referência entre elementos","The only time that a resource does not have an id is when it is being submitted to the server using a create operation.","","","","","","","","",,,,,"",,,,"Resource.id",0,1,"",""
"Medication.meta","Medication.meta","","","",0,1,"","","Y","Meta {[]} {[]}
","Metadados sobre o recurso","Metadados adicionais sobre o recurso","","","","","","","","","",,,,,"",,,,"Resource.meta",0,1,"","ele-1:All FHIR elements must have a @value or children {hasValue() or (children().count() > id.count())}
"
"Medication.implicitRules","Medication.implicitRules","","","",0,1,"","Y","Y","uri {[]} {[]}
","Um conjunto de regras sob as quais este conteúdo foi criado","Um ou mais códigos que servem para identificar o tipo de recurso","Asserting this rule set restricts the content to be only understood by a limited set of trading partners. This inherently limits the usefulness of the data in the long term. However, the existing health eco-system is highly fractured, and not yet ready to define, collect, and exchange data in a generally computable sense. Wherever possible, implementers and/or specification writers should avoid using this element. Often, when used, the URL is a reference to an implementation guide that defines these special rules as part of it's narrative along with other profiles, value sets, etc.","","","","","","","","",,,,,"",,,,"Resource.implicitRules",0,1,"","ele-1:All FHIR elements must have a @value or children {hasValue() or (children().count() > id.count())}
"
"Medication.language","Medication.language","","","",0,1,"","","","code {[]} {[]}
","Linguagem do recurso","A linguagem humana natural do recurso","Language is provided to support indexing and accessibility (typically, services such as text to speech use the language tag). The html language tag in the narrative applies  to the narrative. The language tag on the resource may be used to specify the language of other presentations generated from the data in the resource. Not all the content has to be in the base language. The Resource.language should not be assumed to apply to the narrative automatically. If a language is specified, it should it also be specified on the div element in the html (see rules in HTML5 for information about the relationship between xml:lang and the html lang attribute).","","","","","","","","",,"preferred","A human language.","http://hl7.org/fhir/ValueSet/languages","",,,,"Resource.language",0,1,"","ele-1:All FHIR elements must have a @value or children {hasValue() or (children().count() > id.count())}
"
"Medication.text","Medication.text","","narrative
htmlxhtmldisplay","",0,1,"","","","Narrative {[]} {[]}
","Resumo de texto para o recurso, para interpretação humana","Um texto narrativo resumindo as informações do recurso","Contained resources do not have narrative. Resources that are not contained SHOULD have a narrative. In some cases, a resource may only have text with little or no additional discrete data (as long as all minOccurs=1 elements are satisfied).  This may be necessary for data from legacy systems where information is captured as a ""text blob"" or where text is additionally entered raw or narrated and encoded information is added later.","","","","","","","","",,,,,"",,,,"DomainResource.text",0,1,"","ele-1:All FHIR elements must have a @value or children {hasValue() or (children().count() > id.count())}
","Act.text?"
"Medication.contained","Medication.contained","","inline resources
anonymous resourcescontained resources","",0,*,"","","","Resource {[]} {[]}
","Recursos contidos","Recursos contidos no recurso","This should never be done when the content can be identified properly, as once identification is lost, it is extremely difficult (and context dependent) to restore it again. Contained resources may have profiles and tags In their meta elements, but SHALL NOT have security labels.","","","","","","","","",,,,,"",,,,"DomainResource.contained",0,*,"","","N/A"
"Medication.extension","Medication.extension","","","",0,1,"","","","Extension {[]} {[]}
","Extensões adicionais","Conteúdo adicional definido por implementações","","","","","","","","","",,,,,"",,,,"DomainResource.extension",0,*,"","ele-1:All FHIR elements must have a @value or children {hasValue() or (children().count() > id.count())}
ext-1:Must have either extensions or value[x], not both {extension.exists() != value.exists()}"
"Medication.modifierExtension","Medication.modifierExtension","","","",0,*,"","Y","","Extension {[]} {[]}
","Extensões","Extensões que não podem ser ignoradas","","","","","","","","","",,,,,"",,,,"DomainResource.modifierExtension",0,*,"","ele-1:All FHIR elements must have a @value or children {hasValue() or (children().count() > id.count())}
ext-1:Must have either extensions or value[x], not both {extension.exists() != value.exists()}"
"Medication.identifier","Medication.identifier","","","",0,*,"","","Y","Identifier {[]} {[]}
","Identificador de negócios para este medicamento","Identificador de negócios para este medicamento","The serial number could be included as an identifier.","","","","","","","","",,,,,"",,,,"Medication.identifier",0,*,"","ele-1:All FHIR elements must have a @value or children {hasValue() or (children().count() > id.count())}
",".id","FiveWs.identifier"
"Medication.code","Medication.code","","","",1,1,"Y","","Y","CodeableConcept {[]} {[]}
","Nome do medicamento","Nome e terminologia do medicamento fabricado.","Depending on the context of use, the code that was actually selected by the user (prescriber, dispenser, etc.) will have the coding.userSelected set to true.  As described in the coding datatype: ""A coding may be marked as a ""userSelected"" if a user selected the particular coded value in a user interface (e.g. the user selects an item in a pick-list). If a user selected coding exists, it is the preferred choice for performing translations etc. Other codes can only be literal translations to alternative code systems, or codes at a lower level of granularity (e.g. a generic code for a vendor-specific primary one).","","","","","","","","",,"required","","http://www.saude.gov.br/fhir/r4/ValueSet/BRTerminologiaMedicamento","",,,,"Medication.code",0,1,"","ele-1:All FHIR elements must have a @value or children {hasValue() or (children().count() > id.count())}
","coding.code = //element(*,MedicationType)/DrugCoded/ProductCodecoding.system = //element(*,MedicationType)/DrugCoded/ProductCodeQualifiercoding.display = //element(*,MedicationType)/DrugDescription",".code","FiveWs.class","RXO-1.1-Requested Give Code.code / RXE-2.1-Give Code.code / RXD-2.1-Dispense/Give Code.code / RXG-4.1-Give Code.code /RXA-5.1-Administered Code.code / RXC-2.1 Component Code"
"Medication.code.id","Medication.code.id","","","",0,1,"","","","string {[]} {[]}
","Unique id for inter-element referencing","Unique id for the element within a resource (for internal references). This may be any string value that does not contain spaces.","","","","","","","","","",,,,,"",,,,"Element.id",0,1,"","","n/a"
"Medication.code.extension","Medication.code.extension","","extensions
user content","",0,*,"","","","Extension {[]} {[]}
","Additional content defined by implementations","May be used to represent additional information that is not part of the basic definition of the element. To make the use of extensions safe and manageable, there is a strict set of governance  applied to the definition and use of extensions. Though any implementer can define an extension, there is a set of requirements that SHALL be met as part of the definition of the extension.","There can be no stigma associated with the use of extensions by any application, project, or standard - regardless of the institution or jurisdiction that uses or defines the extensions.  The use of extensions is what allows the FHIR specification to retain a core level of simplicity for everyone.","","","","","","","","",,,,,"","value:url}
","Extensions are always sliced by (at least) url",,"open","Element.extension",0,*,"","ele-1:All FHIR elements must have a @value or children {hasValue() or (children().count() > id.count())}
ext-1:Must have either extensions or value[x], not both {extension.exists() != value.exists()}","n/a"
"Medication.code.coding","Medication.code.coding","","","",1,*,"","","Y","Coding {[]} {[]}
","Code defined by a terminology system","A reference to a code defined by a terminology system.","Codes may be defined very casually in enumerations, or code lists, up to very formal definitions such as SNOMED CT - see the HL7 v3 Core Principles for more information.  Ordering of codings is undefined and SHALL NOT be used to infer meaning. Generally, at most only one of the coding values will be labeled as UserSelected = true.","Allows for alternative encodings within a code system, and translations to other code systems.","","","","","","","",,,,,"",,,,"CodeableConcept.coding",0,*,"","ele-1:All FHIR elements must have a @value or children {hasValue() or (children().count() > id.count())}
","union(., ./translation)","C*E.1-8, C*E.10-22"
"Medication.code.coding.id","Medication.code.coding.id","","","",0,1,"","","","string {[]} {[]}
","Unique id for inter-element referencing","Unique id for the element within a resource (for internal references). This may be any string value that does not contain spaces.","","","","","","","","","",,,,,"",,,,"Element.id",0,1,"","","n/a"
"Medication.code.coding.extension","Medication.code.coding.extension","","extensions
user content","",0,*,"","","","Extension {[]} {[]}
","Additional content defined by implementations","May be used to represent additional information that is not part of the basic definition of the element. To make the use of extensions safe and manageable, there is a strict set of governance  applied to the definition and use of extensions. Though any implementer can define an extension, there is a set of requirements that SHALL be met as part of the definition of the extension.","There can be no stigma associated with the use of extensions by any application, project, or standard - regardless of the institution or jurisdiction that uses or defines the extensions.  The use of extensions is what allows the FHIR specification to retain a core level of simplicity for everyone.","","","","","","","","",,,,,"","value:url}
","Extensions are always sliced by (at least) url",,"open","Element.extension",0,*,"","ele-1:All FHIR elements must have a @value or children {hasValue() or (children().count() > id.count())}
ext-1:Must have either extensions or value[x], not both {extension.exists() != value.exists()}","n/a"
"Medication.code.coding.system","Medication.code.coding.system","","","",1,1,"","","Y","uri {[]} {[]}
","Identity of the terminology system","The identification of the code system that defines the meaning of the symbol in the code.","The URI may be an OID (urn:oid:...) or a UUID (urn:uuid:...).  OIDs and UUIDs SHALL be references to the HL7 OID registry. Otherwise, the URI should come from HL7's list of FHIR defined special URIs or it should reference to some definition that establishes the system clearly and unambiguously.","Need to be unambiguous about the source of the definition of the symbol.","","","","","","","",,,,,"",,,,"Coding.system",0,1,"","ele-1:All FHIR elements must have a @value or children {hasValue() or (children().count() > id.count())}
","./codeSystem","C*E.3"
"Medication.code.coding.version","Medication.code.coding.version","","","",0,1,"","","Y","string {[]} {[]}
","Version of the system - if relevant","The version of the code system which was used when choosing this code. Note that a well-maintained code system does not need the version reported, because the meaning of codes is consistent across versions. However this cannot consistently be assured, and when the meaning is not guaranteed to be consistent, the version SHOULD be exchanged.","Where the terminology does not clearly define what string should be used to identify code system versions, the recommendation is to use the date (expressed in FHIR date format) on which that version was officially published as the version date.","","","","","","","","",,,,,"",,,,"Coding.version",0,1,"","ele-1:All FHIR elements must have a @value or children {hasValue() or (children().count() > id.count())}
","./codeSystemVersion","C*E.7"
"Medication.code.coding.code","Medication.code.coding.code","","","",1,1,"","","Y","code {[]} {[]}
","Symbol in syntax defined by the system","A symbol in syntax defined by the system. The symbol may be a predefined code or an expression in a syntax defined by the coding system (e.g. post-coordination).","","Need to refer to a particular code in the system.","","","","","","","",,,,,"",,,,"Coding.code",0,1,"","ele-1:All FHIR elements must have a @value or children {hasValue() or (children().count() > id.count())}
","./code","C*E.1"
"Medication.code.coding.display","Medication.code.coding.display","","","",0,1,"","","Y","string {[]} {[]}
","Representation defined by the system","A representation of the meaning of the code in the system, following the rules of the system.","","Need to be able to carry a human-readable meaning of the code for readers that do not know  the system.","","","","","","","",,,,,"",,,,"Coding.display",0,1,"","ele-1:All FHIR elements must have a @value or children {hasValue() or (children().count() > id.count())}
","CV.displayName","C*E.2 - but note this is not well followed"
"Medication.code.coding.userSelected","Medication.code.coding.userSelected","","","",0,1,"","","Y","boolean {[]} {[]}
","If this coding was chosen directly by the user","Indicates that this coding was chosen by a user directly - e.g. off a pick list of available items (codes or displays).","Amongst a set of alternatives, a directly chosen code is the most appropriate starting point for new translations. There is some ambiguity about what exactly 'directly chosen' implies, and trading partner agreement may be needed to clarify the use of this element and its consequences more completely.","This has been identified as a clinical safety criterium - that this exact system/code pair was chosen explicitly, rather than inferred by the system based on some rules or language processing.","","","","","","","",,,,,"",,,,"Coding.userSelected",0,1,"","ele-1:All FHIR elements must have a @value or children {hasValue() or (children().count() > id.count())}
","CD.codingRationale","Sometimes implied by being first"
"Medication.code.text","Medication.code.text","","","",0,1,"","","Y","string {[]} {[]}
","Plain text representation of the concept","A human language representation of the concept as seen/selected/uttered by the user who entered the data and/or which represents the intended meaning of the user.","Very often the text is the same as a displayName of one of the codings.","The codes from the terminologies do not always capture the correct meaning with all the nuances of the human using them, or sometimes there is no appropriate code at all. In these cases, the text is used to capture the full meaning of the source.","","","","","","","",,,,,"",,,,"CodeableConcept.text",0,1,"","ele-1:All FHIR elements must have a @value or children {hasValue() or (children().count() > id.count())}
","./originalText[mediaType/code=""text/plain""]/data","C*E.9. But note many systems use C*E.2 for this"
"Medication.status","Medication.status","","","",0,1,"Y","Y","Y","code {[]} {[]}
","ativo| inativo| entrado com erro","ativo| inativo| entrado com erro","This status is intended to identify if the medication in a local system is in active use within a drug database or inventory.  For example, a pharmacy system may create a new drug file record for a compounded product ""ABC Hospital Special Cream"" with an active status.  At some point in the future, it may be determined that the drug record was created with an error and the status is changed to ""entered in error"".   This status is not intended to specify if a medication is part of a particular formulary.  It is possible that the drug record may be referenced by multiple formularies or catalogues and each of those entries would have a separate status.","","","","","","","","",,"required","A coded concept defining if the medication is in active use.","http://hl7.org/fhir/ValueSet/medication-status|4.0.1","",,,,"Medication.status",0,1,"","ele-1:All FHIR elements must have a @value or children {hasValue() or (children().count() > id.count())}
",".statusCode"
"Medication.manufacturer","Medication.manufacturer","","","",1,1,"Y","","Y","Reference {[]} {[CanonicalType[https://br-core.saude.gov.br/fhir/StructureDefinition/br-core-organization]]}
","Organização Fabricante","Fabricante do item","","","","","","","","","",,,,,"",,,,"Medication.manufacturer",0,1,"","ele-1:All FHIR elements must have a @value or children {hasValue() or (children().count() > id.count())}
","no mapping",".player.scopingRole[typeCode=MANU].scoper","FiveWs.actor","RXD-20-Substance Manufacturer Name / RXG-21-Substance Manufacturer Name / RXA-17-Substance Manufacturer Name"
"Medication.form","Medication.form","","","",1,1,"Y","","","CodeableConcept {[]} {[]}
","Unidade de medida do medicamento","Unidade de medida do medicamento prescrito (ex.: comprimido, cápsula, frasco, caixa etc.).","When Medication is referenced from MedicationRequest, this is the ordered form.  When Medication is referenced within MedicationDispense, this is the dispensed form.  When Medication is referenced within MedicationAdministration, this is administered form.","","","","","","","","",,"required","","http://www.saude.gov.br/fhir/r4/ValueSet/BRUnidadeMedidaMedicamento","",,,,"Medication.form",0,1,"","ele-1:All FHIR elements must have a @value or children {hasValue() or (children().count() > id.count())}
","coding.code =  //element(*,DrugCodedType)/FormCodecoding.system = //element(*,DrugCodedType)/FormSourceCode",".formCode","RXO-5-Requested Dosage Form / RXE-6-Give Dosage Form / RXD-6-Actual Dosage Form / RXG-8-Give Dosage Form / RXA-8-Administered Dosage Form"
"Medication.amount","Medication.amount","","","",0,1,"","","Y","Ratio {[]} {[]}
","Quantidade de medicamento","Quantidade de medicamento na embalagem","","","","","","","","","",,,,,"",,,,"Medication.amount",0,1,"","ele-1:All FHIR elements must have a @value or children {hasValue() or (children().count() > id.count())}
",".quantity"
"Medication.ingredient","Medication.ingredient","","","",0,*,"","","","BackboneElement {[]} {[]}
","Ingrediente ativo ou inativo","Ingrediente ativo ou inativo","The ingredients need not be a complete list.  If an ingredient is not specified, this does not indicate whether an ingredient is present or absent.  If an ingredient is specified it does not mean that all ingredients are specified.  It is possible to specify both inactive and active ingredients.","","","","","","","","",,,,,"",,,,"Medication.ingredient",0,*,"","ele-1:All FHIR elements must have a @value or children {hasValue() or (children().count() > id.count())}
",".scopesRole[typeCode=INGR]"
"Medication.ingredient.id","Medication.ingredient.id","","","",0,1,"","","","string {[]} {[]}
","Unique id for inter-element referencing","Unique id for the element within a resource (for internal references). This may be any string value that does not contain spaces.","","","","","","","","","",,,,,"",,,,"Element.id",0,1,"","","n/a"
"Medication.ingredient.extension","Medication.ingredient.extension","","extensions
user content","",0,*,"","","","Extension {[]} {[]}
","Additional content defined by implementations","May be used to represent additional information that is not part of the basic definition of the element. To make the use of extensions safe and manageable, there is a strict set of governance  applied to the definition and use of extensions. Though any implementer can define an extension, there is a set of requirements that SHALL be met as part of the definition of the extension.","There can be no stigma associated with the use of extensions by any application, project, or standard - regardless of the institution or jurisdiction that uses or defines the extensions.  The use of extensions is what allows the FHIR specification to retain a core level of simplicity for everyone.","","","","","","","","",,,,,"",,,,"Element.extension",0,*,"","ele-1:All FHIR elements must have a @value or children {hasValue() or (children().count() > id.count())}
ext-1:Must have either extensions or value[x], not both {extension.exists() != value.exists()}","n/a"
"Medication.ingredient.modifierExtension","Medication.ingredient.modifierExtension","","extensions
user contentmodifiers","",0,*,"","Y","Y","Extension {[]} {[]}
","Extensions that cannot be ignored even if unrecognized","May be used to represent additional information that is not part of the basic definition of the element and that modifies the understanding of the element in which it is contained and/or the understanding of the containing element's descendants. Usually modifier elements provide negation or qualification. To make the use of extensions safe and manageable, there is a strict set of governance applied to the definition and use of extensions. Though any implementer can define an extension, there is a set of requirements that SHALL be met as part of the definition of the extension. Applications processing a resource are required to check for modifier extensions.

Modifier extensions SHALL NOT change the meaning of any elements on Resource or DomainResource (including cannot change the meaning of modifierExtension itself).","There can be no stigma associated with the use of extensions by any application, project, or standard - regardless of the institution or jurisdiction that uses or defines the extensions.  The use of extensions is what allows the FHIR specification to retain a core level of simplicity for everyone.","Modifier extensions allow for extensions that *cannot* be safely ignored to be clearly distinguished from the vast majority of extensions which can be safely ignored.  This promotes interoperability by eliminating the need for implementers to prohibit the presence of extensions. For further information, see the [definition of modifier extensions](http://hl7.org/fhir/R4/extensibility.html#modifierExtension).","","","","","","","",,,,,"",,,,"BackboneElement.modifierExtension",0,*,"","ele-1:All FHIR elements must have a @value or children {hasValue() or (children().count() > id.count())}
ext-1:Must have either extensions or value[x], not both {extension.exists() != value.exists()}","N/A"
"Medication.ingredient.item[x]","Medication.ingredient.item[x]","","","",1,1,"","","","CodeableConcept {[]} {[]}
Reference {[]} {[CanonicalType[http://hl7.org/fhir/StructureDefinition/Substance], CanonicalType[http://hl7.org/fhir/StructureDefinition/Medication]]}","Ingrediente","O ingrediente ou conteúdo real Vinculante: Substâncias ativas de medicamentos - IPS (preferencial): Substâncias medicamentosas SNOMED CT","","The ingredient may reference a substance (for example, amoxicillin) or another medication (for example in the case of a compounded product, Glaxal Base).","","","","","","","",,,,,"","type:$this}
","",,"open","Medication.ingredient.item[x]",1,1,"","ele-1:All FHIR elements must have a @value or children {hasValue() or (children().count() > id.count())}
","coding.code = //element(*,MedicationType)/DrugCoded/ProductCodecoding.system = //element(*,MedicationType)/DrugCoded/ProductCodeQualifiercoding.display = //element(*,MedicationType)/DrugDescription",".player","RXC-2-Component Code  if medication: RXO-1-Requested Give Code / RXE-2-Give Code / RXD-2-Dispense/Give Code / RXG-4-Give Code / RXA-5-Administered Code"
"Medication.ingredient.item[x]:itemReference","Medication.ingredient.item[x]","itemReference","","",1,1,"","","","Reference {[]} {[CanonicalType[http://hl7.org/fhir/StructureDefinition/Substance], CanonicalType[https://br-core.saude.gov.br/fhir/StructureDefinition/br-core-medication]]}
","The actual ingredient or content","The actual ingredient - either a substance (simple ingredient) or another medication of a medication.","","The ingredient may reference a substance (for example, amoxicillin) or another medication (for example in the case of a compounded product, Glaxal Base).","","","","","","","",,,,,"",,,,"Medication.ingredient.item[x]",1,1,"","ele-1:All FHIR elements must have a @value or children {hasValue() or (children().count() > id.count())}
","coding.code = //element(*,MedicationType)/DrugCoded/ProductCodecoding.system = //element(*,MedicationType)/DrugCoded/ProductCodeQualifiercoding.display = //element(*,MedicationType)/DrugDescription",".player","RXC-2-Component Code  if medication: RXO-1-Requested Give Code / RXE-2-Give Code / RXD-2-Dispense/Give Code / RXG-4-Give Code / RXA-5-Administered Code"
"Medication.ingredient.isActive","Medication.ingredient.isActive","","","",0,1,"","","","boolean {[]} {[]}
","Ingrediente ativo","Indicador de ingrediente ativo","","True indicates that the ingredient affects the therapeutic action of the drug (i.e. active). False indicates that the ingredient does not affect the therapeutic action of the drug (i.e. inactive).","","","","","","","",,,,,"",,,,"Medication.ingredient.isActive",0,1,"","ele-1:All FHIR elements must have a @value or children {hasValue() or (children().count() > id.count())}
","NA"
"Medication.ingredient.strength","Medication.ingredient.strength","","","",0,1,"","","","Ratio {[]} {[]}
","Uma proporção de dois valores de Quantidade - um numerador e um denominador","Uma proporção de dois valores de Quantidade - um numerador e um denominador","","","","","","","","","",,,,,"",,,,"Medication.ingredient.strength",0,1,"","ele-1:All FHIR elements must have a @value or children {hasValue() or (children().count() > id.count())}
","//element(*,DrugCodedType)/Strength",".quantity","RXC-3-Component Amount & RXC-4-Component Units  if medication: RXO-2-Requested Give Amount - Minimum & RXO-4-Requested Give Units / RXO-3-Requested Give Amount - Maximum & RXO-4-Requested Give Units / RXO-11-Requested Dispense Amount & RXO-12-Requested Dispense Units / RXE-3-Give Amount - Minimum & RXE-5-Give Units / RXE-4-Give Amount - Maximum & RXE-5-Give Units / RXE-10-Dispense Amount & RXE-10-Dispense Units"
"Medication.batch","Medication.batch","","","",1,1,"Y","","","BackboneElement {[]} {[]}
","Detalhes sobre a medicação.","Informação sobre lote e validade da medicação.","","","","","","","","","",,,,,"",,,,"Medication.batch",0,1,"","ele-1:All FHIR elements must have a @value or children {hasValue() or (children().count() > id.count())}
","no mapping",".player[classCode=CONT]"
"Medication.batch.id","Medication.batch.id","","","",0,1,"","","","string {[]} {[]}
","Unique id for inter-element referencing","Unique id for the element within a resource (for internal references). This may be any string value that does not contain spaces.","","","","","","","","","",,,,,"",,,,"Element.id",0,1,"","","n/a"
"Medication.batch.extension","Medication.batch.extension","","extensions
user content","",0,*,"","","","Extension {[]} {[]}
","Additional content defined by implementations","May be used to represent additional information that is not part of the basic definition of the element. To make the use of extensions safe and manageable, there is a strict set of governance  applied to the definition and use of extensions. Though any implementer can define an extension, there is a set of requirements that SHALL be met as part of the definition of the extension.","There can be no stigma associated with the use of extensions by any application, project, or standard - regardless of the institution or jurisdiction that uses or defines the extensions.  The use of extensions is what allows the FHIR specification to retain a core level of simplicity for everyone.","","","","","","","","",,,,,"",,,,"Element.extension",0,*,"","ele-1:All FHIR elements must have a @value or children {hasValue() or (children().count() > id.count())}
ext-1:Must have either extensions or value[x], not both {extension.exists() != value.exists()}","n/a"
"Medication.batch.modifierExtension","Medication.batch.modifierExtension","","extensions
user contentmodifiers","",0,*,"","Y","Y","Extension {[]} {[]}
","Extensions that cannot be ignored even if unrecognized","May be used to represent additional information that is not part of the basic definition of the element and that modifies the understanding of the element in which it is contained and/or the understanding of the containing element's descendants. Usually modifier elements provide negation or qualification. To make the use of extensions safe and manageable, there is a strict set of governance applied to the definition and use of extensions. Though any implementer can define an extension, there is a set of requirements that SHALL be met as part of the definition of the extension. Applications processing a resource are required to check for modifier extensions.

Modifier extensions SHALL NOT change the meaning of any elements on Resource or DomainResource (including cannot change the meaning of modifierExtension itself).","There can be no stigma associated with the use of extensions by any application, project, or standard - regardless of the institution or jurisdiction that uses or defines the extensions.  The use of extensions is what allows the FHIR specification to retain a core level of simplicity for everyone.","Modifier extensions allow for extensions that *cannot* be safely ignored to be clearly distinguished from the vast majority of extensions which can be safely ignored.  This promotes interoperability by eliminating the need for implementers to prohibit the presence of extensions. For further information, see the [definition of modifier extensions](http://hl7.org/fhir/R4/extensibility.html#modifierExtension).","","","","","","","",,,,,"",,,,"BackboneElement.modifierExtension",0,*,"","ele-1:All FHIR elements must have a @value or children {hasValue() or (children().count() > id.count())}
ext-1:Must have either extensions or value[x], not both {extension.exists() != value.exists()}","N/A"
"Medication.batch.lotNumber","Medication.batch.lotNumber","","","",1,1,"","","","string {[]} {[]}
","Lote de medicamento.","RN14: Se medicamento serializado/Datamatrix - Elemento lot do XML para grupo IUM.","","","","","","","","","",,,,,"",,,,"Medication.batch.lotNumber",0,1,"","ele-1:All FHIR elements must have a @value or children {hasValue() or (children().count() > id.count())}
","no mapping",".id","RXA-15 Substance Lot Number / RXG-19 Substance Lot Number"
"Medication.batch.expirationDate","Medication.batch.expirationDate","","","",1,1,"","","","dateTime {[]} {[]}
","Data de validade do medicamento.","Quando o lote vai expirar","","","","","","","","","",,,,,"",,,,"Medication.batch.expirationDate",0,1,"","ele-1:All FHIR elements must have a @value or children {hasValue() or (children().count() > id.count())}
","no mapping","participation[typeCode=CSM].role[classCode=INST].scopedRole.scoper[classCode=MMAT].expirationTime","RXA-16 Substance Expiration Date / RXG-20 Substance Expiration Date"
