"Id","Path","Slice Name","Alias(s)","Label","Min","Max","Must Support?","Is Modifier?","Is Summary?","Type(s)","Short","Definition","Comments","Requirements","Default Value","Meaning When Missing","Fixed Value","Pattern","Example","Minimum Value","Maximum Value","Maximum Length","Binding Strength","Binding Description","Binding Value Set","Code","Slicing Discriminator","Slicing Description","Slicing Ordered","Slicing Rules","Base Path","Base Min","Base Max","Condition(s)","Constraint(s)","Mapping: HL7 v2 Mapping","Mapping: RIM Mapping","Mapping: ServD","Mapping: FiveWs Pattern Mapping"
"PractitionerRole","PractitionerRole","","","",0,*,"","","","null {[]} {[]}
","Roles/organizations the practitioner is associated with","A specific set of Roles/Locations/specialties/services that a practitioner may perform at an organization for a period of time.","","","","","","","","","",,,,,"",,,,"PractitionerRole",0,*,"","dom-2:If the resource is contained in another resource, it SHALL NOT contain nested Resources {contained.contained.empty()}
dom-3:If the resource is contained in another resource, it SHALL be referred to from elsewhere in the resource or SHALL refer to the containing resource {contained.where((('#'+id in (%resource.descendants().reference | %resource.descendants().as(canonical) | %resource.descendants().as(uri) | %resource.descendants().as(url))) or descendants().where(reference = '#').exists() or descendants().where(as(canonical) = '#').exists() or descendants().where(as(canonical) = '#').exists()).not()).trace('unmatched', id).empty()}dom-4:If a resource is contained in another resource, it SHALL NOT have a meta.versionId or a meta.lastUpdated {contained.meta.versionId.empty() and contained.meta.lastUpdated.empty()}dom-5:If a resource is contained in another resource, it SHALL NOT have a security label {contained.meta.security.empty()}dom-6:A resource should have narrative for robust management {text.`div`.exists()}","PRD (as one example)","Entity. Role, or Act","Role","ServiceSiteProvider"
"PractitionerRole.id","PractitionerRole.id","","","",0,1,"","","Y","id {[]} {[]}
","ID lógico deste artefato","ID lógico deste artefato","The only time that a resource does not have an id is when it is being submitted to the server using a create operation.","","","","","","","","",,,,,"",,,,"Resource.id",0,1,"",""
"PractitionerRole.meta","PractitionerRole.meta","","","",0,1,"","","Y","Meta {[]} {[]}
","Metadados sobre o recurso","Metadados sobre o recurso","","","","","","","","","",,,,,"",,,,"Resource.meta",0,1,"","ele-1:All FHIR elements must have a @value or children {hasValue() or (children().count() > id.count())}
"
"PractitionerRole.implicitRules","PractitionerRole.implicitRules","","","",0,1,"","Y","Y","uri {[]} {[]}
","Conjunto de regras sob as quais este conteúdo foi criado","Conjunto de regras sob as quais este conteúdo foi criado","Asserting this rule set restricts the content to be only understood by a limited set of trading partners. This inherently limits the usefulness of the data in the long term. However, the existing health eco-system is highly fractured, and not yet ready to define, collect, and exchange data in a generally computable sense. Wherever possible, implementers and/or specification writers should avoid using this element. Often, when used, the URL is a reference to an implementation guide that defines these special rules as part of it's narrative along with other profiles, value sets, etc.","","","","","","","","",,,,,"",,,,"Resource.implicitRules",0,1,"","ele-1:All FHIR elements must have a @value or children {hasValue() or (children().count() > id.count())}
"
"PractitionerRole.language","PractitionerRole.language","","","",0,1,"","","","code {[]} {[]}
","Idioma do conteúdo do recurso","Idioma do conteúdo do recurso","Language is provided to support indexing and accessibility (typically, services such as text to speech use the language tag). The html language tag in the narrative applies  to the narrative. The language tag on the resource may be used to specify the language of other presentations generated from the data in the resource. Not all the content has to be in the base language. The Resource.language should not be assumed to apply to the narrative automatically. If a language is specified, it should it also be specified on the div element in the html (see rules in HTML5 for information about the relationship between xml:lang and the html lang attribute).","","","","","","","","",,"preferred","A human language.","http://hl7.org/fhir/ValueSet/languages","",,,,"Resource.language",0,1,"","ele-1:All FHIR elements must have a @value or children {hasValue() or (children().count() > id.count())}
"
"PractitionerRole.text","PractitionerRole.text","","narrative
htmlxhtmldisplay","",0,1,"","","","Narrative {[]} {[]}
","Resumo textual do recurso em linguagem natural","Resumo textual do recurso em linguagem natural","Contained resources do not have narrative. Resources that are not contained SHOULD have a narrative. In some cases, a resource may only have text with little or no additional discrete data (as long as all minOccurs=1 elements are satisfied).  This may be necessary for data from legacy systems where information is captured as a ""text blob"" or where text is additionally entered raw or narrated and encoded information is added later.","","","","","","","","",,,,,"",,,,"DomainResource.text",0,1,"","ele-1:All FHIR elements must have a @value or children {hasValue() or (children().count() > id.count())}
","Act.text?"
"PractitionerRole.contained","PractitionerRole.contained","","inline resources
anonymous resourcescontained resources","",0,*,"","","","Resource {[]} {[]}
","Recursos contidos em linha","Recursos contidos em linha","This should never be done when the content can be identified properly, as once identification is lost, it is extremely difficult (and context dependent) to restore it again. Contained resources may have profiles and tags In their meta elements, but SHALL NOT have security labels.","","","","","","","","",,,,,"",,,,"DomainResource.contained",0,*,"","","N/A"
"PractitionerRole.extension","PractitionerRole.extension","","extensions
user content","",0,*,"","","","Extension {[]} {[]}
","Additional content defined by implementations","May be used to represent additional information that is not part of the basic definition of the resource. To make the use of extensions safe and manageable, there is a strict set of governance  applied to the definition and use of extensions. Though any implementer can define an extension, there is a set of requirements that SHALL be met as part of the definition of the extension.","There can be no stigma associated with the use of extensions by any application, project, or standard - regardless of the institution or jurisdiction that uses or defines the extensions.  The use of extensions is what allows the FHIR specification to retain a core level of simplicity for everyone.","","","","","","","","",,,,,"",,,,"DomainResource.extension",0,*,"","ele-1:All FHIR elements must have a @value or children {hasValue() or (children().count() > id.count())}
ext-1:Must have either extensions or value[x], not both {extension.exists() != value.exists()}","N/A"
"PractitionerRole.modifierExtension","PractitionerRole.modifierExtension","","","",0,*,"","Y","","Extension {[]} {[]}
","Extensão que não pode ser ignorada","Extensão que não pode ser ignorada","","","","","","","","","",,,,,"",,,,"DomainResource.modifierExtension",0,*,"","ele-1:All FHIR elements must have a @value or children {hasValue() or (children().count() > id.count())}
ext-1:Must have either extensions or value[x], not both {extension.exists() != value.exists()}"
"PractitionerRole.identifier","PractitionerRole.identifier","","","",0,*,"","","Y","Identifier {[]} {[]}
","Identificadores externos para este item","Identificadores externos para este item","","Often, specific identities are assigned for the agent.","","","","","","","",,,,,"",,,,"PractitionerRole.identifier",0,*,"","ele-1:All FHIR elements must have a @value or children {hasValue() or (children().count() > id.count())}
","PRD-7 (or XCN.1)",".id","./Identifiers","FiveWs.identifier"
"PractitionerRole.identifier.id","PractitionerRole.identifier.id","","","",0,1,"","","","string {[]} {[]}
","Unique id for inter-element referencing","Unique id for the element within a resource (for internal references). This may be any string value that does not contain spaces.","","","","","","","","","",,,,,"",,,,"Element.id",0,1,"","","n/a"
"PractitionerRole.identifier.extension","PractitionerRole.identifier.extension","","extensions
user content","",0,*,"","","","Extension {[]} {[]}
","Additional content defined by implementations","May be used to represent additional information that is not part of the basic definition of the element. To make the use of extensions safe and manageable, there is a strict set of governance  applied to the definition and use of extensions. Though any implementer can define an extension, there is a set of requirements that SHALL be met as part of the definition of the extension.","There can be no stigma associated with the use of extensions by any application, project, or standard - regardless of the institution or jurisdiction that uses or defines the extensions.  The use of extensions is what allows the FHIR specification to retain a core level of simplicity for everyone.","","","","","","","","",,,,,"","value:url}
","Extensions are always sliced by (at least) url",,"open","Element.extension",0,*,"","ele-1:All FHIR elements must have a @value or children {hasValue() or (children().count() > id.count())}
ext-1:Must have either extensions or value[x], not both {extension.exists() != value.exists()}","n/a"
"PractitionerRole.identifier.use","PractitionerRole.identifier.use","","","",1,1,"","Y","Y","code {[]} {[]}
","usual | official | temp | secondary | old (If known)","The purpose of this identifier.","Applications can assume that an identifier is permanent unless it explicitly says that it is temporary.","Allows the appropriate identifier for a particular context of use to be selected from among a set of identifiers.","","","","","","","",,"required","","http://hl7.org/fhir/ValueSet/identifier-use","",,,,"Identifier.use",0,1,"","ele-1:All FHIR elements must have a @value or children {hasValue() or (children().count() > id.count())}
","N/A","Role.code or implied by context"
"PractitionerRole.identifier.type","PractitionerRole.identifier.type","","","",1,1,"","","Y","CodeableConcept {[]} {[]}
","Description of identifier","A coded type for the identifier that can be used to determine which identifier to use for a specific purpose.","This element deals only with general categories of identifiers.  It SHOULD not be used for codes that correspond 1..1 with the Identifier.system. Some identifiers may fall into multiple categories due to common usage.   Where the system is known, a type is unnecessary because the type is always part of the system definition. However systems often need to handle identifiers where the system is not known. There is not a 1:1 relationship between type and system, since many different systems have the same type.","Allows users to make use of identifiers when the identifier system is not known.","","","","","","","",,"extensible","A coded type for an identifier that can be used to determine which identifier to use for a specific purpose.","http://hl7.org/fhir/ValueSet/identifier-type","",,,,"Identifier.type",0,1,"","ele-1:All FHIR elements must have a @value or children {hasValue() or (children().count() > id.count())}
","CX.5","Role.code or implied by context"
"PractitionerRole.identifier.type.id","PractitionerRole.identifier.type.id","","","",0,1,"","","","string {[]} {[]}
","Unique id for inter-element referencing","Unique id for the element within a resource (for internal references). This may be any string value that does not contain spaces.","","","","","","","","","",,,,,"",,,,"Element.id",0,1,"","","n/a"
"PractitionerRole.identifier.type.extension","PractitionerRole.identifier.type.extension","","extensions
user content","",0,*,"","","","Extension {[]} {[]}
","Additional content defined by implementations","May be used to represent additional information that is not part of the basic definition of the element. To make the use of extensions safe and manageable, there is a strict set of governance  applied to the definition and use of extensions. Though any implementer can define an extension, there is a set of requirements that SHALL be met as part of the definition of the extension.","There can be no stigma associated with the use of extensions by any application, project, or standard - regardless of the institution or jurisdiction that uses or defines the extensions.  The use of extensions is what allows the FHIR specification to retain a core level of simplicity for everyone.","","","","","","","","",,,,,"","value:url}
","Extensions are always sliced by (at least) url",,"open","Element.extension",0,*,"","ele-1:All FHIR elements must have a @value or children {hasValue() or (children().count() > id.count())}
ext-1:Must have either extensions or value[x], not both {extension.exists() != value.exists()}","n/a"
"PractitionerRole.identifier.type.coding","PractitionerRole.identifier.type.coding","","","",0,*,"","","Y","Coding {[]} {[]}
","Code defined by a terminology system","A reference to a code defined by a terminology system.","Codes may be defined very casually in enumerations, or code lists, up to very formal definitions such as SNOMED CT - see the HL7 v3 Core Principles for more information.  Ordering of codings is undefined and SHALL NOT be used to infer meaning. Generally, at most only one of the coding values will be labeled as UserSelected = true.","Allows for alternative encodings within a code system, and translations to other code systems.","","","","","","","",,,,,"",,,,"CodeableConcept.coding",0,*,"","ele-1:All FHIR elements must have a @value or children {hasValue() or (children().count() > id.count())}
","C*E.1-8, C*E.10-22","union(., ./translation)"
"PractitionerRole.identifier.type.coding.id","PractitionerRole.identifier.type.coding.id","","","",0,1,"","","","string {[]} {[]}
","Unique id for inter-element referencing","Unique id for the element within a resource (for internal references). This may be any string value that does not contain spaces.","","","","","","","","","",,,,,"",,,,"Element.id",0,1,"","","n/a"
"PractitionerRole.identifier.type.coding.extension","PractitionerRole.identifier.type.coding.extension","","extensions
user content","",0,*,"","","","Extension {[]} {[]}
","Additional content defined by implementations","May be used to represent additional information that is not part of the basic definition of the element. To make the use of extensions safe and manageable, there is a strict set of governance  applied to the definition and use of extensions. Though any implementer can define an extension, there is a set of requirements that SHALL be met as part of the definition of the extension.","There can be no stigma associated with the use of extensions by any application, project, or standard - regardless of the institution or jurisdiction that uses or defines the extensions.  The use of extensions is what allows the FHIR specification to retain a core level of simplicity for everyone.","","","","","","","","",,,,,"","value:url}
","Extensions are always sliced by (at least) url",,"open","Element.extension",0,*,"","ele-1:All FHIR elements must have a @value or children {hasValue() or (children().count() > id.count())}
ext-1:Must have either extensions or value[x], not both {extension.exists() != value.exists()}","n/a"
"PractitionerRole.identifier.type.coding.system","PractitionerRole.identifier.type.coding.system","","","",0,1,"","","Y","uri {[]} {[]}
","Identity of the terminology system","The identification of the code system that defines the meaning of the symbol in the code.","The URI may be an OID (urn:oid:...) or a UUID (urn:uuid:...).  OIDs and UUIDs SHALL be references to the HL7 OID registry. Otherwise, the URI should come from HL7's list of FHIR defined special URIs or it should reference to some definition that establishes the system clearly and unambiguously.","Need to be unambiguous about the source of the definition of the symbol.","","","<valueUri xmlns=""http://hl7.org/fhir"" value=""http://www.saude.gov.br/fhir/r4/ValueSet/BRTipoDocumentoIndividuo-1.0""/>","","","","",,,,,"",,,,"Coding.system",0,1,"","ele-1:All FHIR elements must have a @value or children {hasValue() or (children().count() > id.count())}
","C*E.3","./codeSystem"
"PractitionerRole.identifier.type.coding.version","PractitionerRole.identifier.type.coding.version","","","",0,1,"","","Y","string {[]} {[]}
","Version of the system - if relevant","The version of the code system which was used when choosing this code. Note that a well-maintained code system does not need the version reported, because the meaning of codes is consistent across versions. However this cannot consistently be assured, and when the meaning is not guaranteed to be consistent, the version SHOULD be exchanged.","Where the terminology does not clearly define what string should be used to identify code system versions, the recommendation is to use the date (expressed in FHIR date format) on which that version was officially published as the version date.","","","","","","","","",,,,,"",,,,"Coding.version",0,1,"","ele-1:All FHIR elements must have a @value or children {hasValue() or (children().count() > id.count())}
","C*E.7","./codeSystemVersion"
"PractitionerRole.identifier.type.coding.code","PractitionerRole.identifier.type.coding.code","","","",0,1,"","","Y","code {[]} {[]}
","Symbol in syntax defined by the system","A symbol in syntax defined by the system. The symbol may be a predefined code or an expression in a syntax defined by the coding system (e.g. post-coordination).","","Need to refer to a particular code in the system.","","","","","","","",,,,,"",,,,"Coding.code",0,1,"","ele-1:All FHIR elements must have a @value or children {hasValue() or (children().count() > id.count())}
","C*E.1","./code"
"PractitionerRole.identifier.type.coding.display","PractitionerRole.identifier.type.coding.display","","","",0,1,"","","Y","string {[]} {[]}
","Representation defined by the system","A representation of the meaning of the code in the system, following the rules of the system.","","Need to be able to carry a human-readable meaning of the code for readers that do not know  the system.","","","","","","","",,,,,"",,,,"Coding.display",0,1,"","ele-1:All FHIR elements must have a @value or children {hasValue() or (children().count() > id.count())}
","C*E.2 - but note this is not well followed","CV.displayName"
"PractitionerRole.identifier.type.coding.userSelected","PractitionerRole.identifier.type.coding.userSelected","","","",0,1,"","","Y","boolean {[]} {[]}
","If this coding was chosen directly by the user","Indicates that this coding was chosen by a user directly - e.g. off a pick list of available items (codes or displays).","Amongst a set of alternatives, a directly chosen code is the most appropriate starting point for new translations. There is some ambiguity about what exactly 'directly chosen' implies, and trading partner agreement may be needed to clarify the use of this element and its consequences more completely.","This has been identified as a clinical safety criterium - that this exact system/code pair was chosen explicitly, rather than inferred by the system based on some rules or language processing.","","","","","","","",,,,,"",,,,"Coding.userSelected",0,1,"","ele-1:All FHIR elements must have a @value or children {hasValue() or (children().count() > id.count())}
","Sometimes implied by being first","CD.codingRationale"
"PractitionerRole.identifier.type.text","PractitionerRole.identifier.type.text","","","",0,1,"","","Y","string {[]} {[]}
","Plain text representation of the concept","A human language representation of the concept as seen/selected/uttered by the user who entered the data and/or which represents the intended meaning of the user.","Very often the text is the same as a displayName of one of the codings.","The codes from the terminologies do not always capture the correct meaning with all the nuances of the human using them, or sometimes there is no appropriate code at all. In these cases, the text is used to capture the full meaning of the source.","","","","","","","",,,,,"",,,,"CodeableConcept.text",0,1,"","ele-1:All FHIR elements must have a @value or children {hasValue() or (children().count() > id.count())}
","C*E.9. But note many systems use C*E.2 for this","./originalText[mediaType/code=""text/plain""]/data"
"PractitionerRole.identifier.system","PractitionerRole.identifier.system","","","",0,1,"","","Y","uri {[]} {[]}
","The namespace for the identifier value","Establishes the namespace for the value - that is, a URL that describes a set values that are unique.","Identifier.system is always case sensitive.","There are many sets  of identifiers.  To perform matching of two identifiers, we need to know what set we're dealing with. The system identifies a particular set of unique identifiers.","","","","","<valueUri xmlns=""http://hl7.org/fhir"" value=""http://www.acme.com/identifiers/patient""/>","","",,,,,"",,,,"Identifier.system",0,1,"","ele-1:All FHIR elements must have a @value or children {hasValue() or (children().count() > id.count())}
","CX.4 / EI-2-4","II.root or Role.id.root","./IdentifierType"
"PractitionerRole.identifier.value","PractitionerRole.identifier.value","","","",0,1,"","","Y","string {[]} {[]}
","The value that is unique","The portion of the identifier typically relevant to the user and which is unique within the context of the system.","If the value is a full URI, then the system SHALL be urn:ietf:rfc:3986.  The value's primary purpose is computational mapping.  As a result, it may be normalized for comparison purposes (e.g. removing non-significant whitespace, dashes, etc.)  A value formatted for human display can be conveyed using the [Rendered Value extension](http://hl7.org/fhir/R4/extension-rendered-value.html). Identifier.value is to be treated as case sensitive unless knowledge of the Identifier.system allows the processer to be confident that non-case-sensitive processing is safe.","","","","","","<valueString xmlns=""http://hl7.org/fhir"" value=""123456""/>","","",,,,,"",,,,"Identifier.value",0,1,"","ele-1:All FHIR elements must have a @value or children {hasValue() or (children().count() > id.count())}
","CX.1 / EI.1","II.extension or II.root if system indicates OID or GUID (Or Role.id.extension or root)","./Value"
"PractitionerRole.identifier.period","PractitionerRole.identifier.period","","","",0,1,"","","Y","Period {[]} {[]}
","Time period when id is/was valid for use","Time period during which identifier is/was valid for use.","","","","","","","","","",,,,,"",,,,"Identifier.period",0,1,"","ele-1:All FHIR elements must have a @value or children {hasValue() or (children().count() > id.count())}
","CX.7 + CX.8","Role.effectiveTime or implied by context","./StartDate and ./EndDate"
"PractitionerRole.identifier.assigner","PractitionerRole.identifier.assigner","","","",0,1,"","","Y","Reference {[]} {[CanonicalType[http://hl7.org/fhir/StructureDefinition/Organization]]}
","Organization that issued id (may be just text)","Organization that issued/manages the identifier.","The Identifier.assigner may omit the .reference element and only contain a .display element reflecting the name or other textual information about the assigning organization.","","","","","","","","",,,,,"",,,,"Identifier.assigner",0,1,"","ele-1:All FHIR elements must have a @value or children {hasValue() or (children().count() > id.count())}
","CX.4 / (CX.4,CX.9,CX.10)","II.assigningAuthorityName but note that this is an improper use by the definition of the field.  Also Role.scoper","./IdentifierIssuingAuthority"
"PractitionerRole.active","PractitionerRole.active","","","",1,1,"Y","","Y","boolean {[]} {[]}
","Informa de o registro de função do profissional está em uso ativo","Informa de o registro de função do profissional está em uso ativo","If this value is false, you may refer to the period to see when the role was in active use. If there is no period specified, no inference can be made about when it was active.","Need to be able to mark a practitioner role record as not to be used because it was created in error, or otherwise no longer in active use.","","This resource is generally assumed to be active if no value is provided for the active element","","","","","",,,,,"",,,,"PractitionerRole.active",0,1,"","ele-1:All FHIR elements must have a @value or children {hasValue() or (children().count() > id.count())}
","STF-7",".statusCode","FiveWs.status"
"PractitionerRole.period","PractitionerRole.period","","","",0,1,"","","Y","Period {[]} {[]}
","Período durante o qual o profissional está autorizado a exercer essa(s) função(ões).","Período durante o qual o profissional está autorizado a exercer essa(s) função(ões).","","Even after the agencies is revoked, the fact that it existed must still be recorded.","","","","","","","",,,,,"",,,,"PractitionerRole.period",0,1,"","ele-1:All FHIR elements must have a @value or children {hasValue() or (children().count() > id.count())}
","PRD-8/9 / PRA-5.4",".performance[@typeCode <= 'PPRF'].ActDefinitionOrEvent.effectiveTime","(ServD maps Practitioners and Organizations via another entity, so this concept is not available)","FiveWs.done[x]"
"PractitionerRole.practitioner","PractitionerRole.practitioner","","","",1,1,"Y","","Y","Reference {[]} {[CanonicalType[http://www.saude.gov.br/fhir/r4/StructureDefinition/RNDSProfissional], CanonicalType[http://www.saude.gov.br/fhir/r4/StructureDefinition/BRProfissional-1.0]]}
","Profissional capaz de fornecer os serviços definidos para a organização","Profissional capaz de fornecer os serviços definidos para a organização","","","","","","","","","",,,,,"",,,,"PractitionerRole.practitioner",0,1,"","ele-1:All FHIR elements must have a @value or children {hasValue() or (children().count() > id.count())}
",".player"
"PractitionerRole.organization","PractitionerRole.organization","","","",1,1,"Y","","Y","Reference {[]} {[CanonicalType[http://www.saude.gov.br/fhir/r4/StructureDefinition/RNDSEstabelecimentoSaude], CanonicalType[http://www.saude.gov.br/fhir/r4/StructureDefinition/BREstabelecimentoSaude-1.0]]}
","Organização onde as funções estão disponíveis.","Organização onde as funções estão disponíveis.","","","","","","","","","",,,,,"",,,,"PractitionerRole.organization",0,1,"","ele-1:All FHIR elements must have a @value or children {hasValue() or (children().count() > id.count())}
",".scoper"
"PractitionerRole.code","PractitionerRole.code","","","",1,*,"Y","","Y","CodeableConcept {[]} {[]}
","Códigos dos papeis dos profissionais de saúde.","Códigos dos papeis dos profissionais de saúde.","A person may have more than one role.","Need to know what authority the practitioner has - what can they do?","","","","","","","",,"required","","http://www.saude.gov.br/fhir/r4/ValueSet/BROcupacao-1.0","",,,,"PractitionerRole.code",0,*,"","ele-1:All FHIR elements must have a @value or children {hasValue() or (children().count() > id.count())}
","PRD-1 / STF-18  / PRA-3  / PRT-4  / ROL-3 / ORC-12 / OBR-16 / PV1-7 / PV1-8 / PV1-9 / PV1-17",".code","(ServD maps Practitioners and Organizations via another entity, so this concept is not available)"
"PractitionerRole.specialty","PractitionerRole.specialty","","","",0,*,"","","Y","CodeableConcept {[]} {[]}
","Especialidade específica do profissional.","Especialidade específica do profissional.","","","","","","","","","",,"preferred","Specific specialty associated with the agency.","http://hl7.org/fhir/ValueSet/c80-practice-codes","",,,,"PractitionerRole.specialty",0,*,"","ele-1:All FHIR elements must have a @value or children {hasValue() or (children().count() > id.count())}
","PRA-5",".player.HealthCareProvider[@classCode = 'PROV'].code","./Specialty"
"PractitionerRole.location","PractitionerRole.location","","","",0,*,"","","Y","Reference {[]} {[CanonicalType[https://br-core.saude.gov.br/fhir/StructureDefinition/br-core-location]]}
","Local em que este profissional presta cuidados.","Local em que este profissional presta cuidados.","","","","","","","","","",,,,,"",,,,"PractitionerRole.location",0,*,"","ele-1:All FHIR elements must have a @value or children {hasValue() or (children().count() > id.count())}
",".performance.ActDefinitionOrEvent.ServiceDeliveryLocation[@classCode = 'SDLOC']","(ServD maps Practitioners and Organizations via another entity, so this concept is not available)<br/> However these are accessed via the Site.ServiceSite.ServiceSiteProvider record. (The Site has the location)","FiveWs.where[x]"
"PractitionerRole.healthcareService","PractitionerRole.healthcareService","","","",0,*,"","","","Reference {[]} {[CanonicalType[https://br-core.saude.gov.br/fhir/StructureDefinition/br-core-healthcareservice]]}
","A lista de serviços de saúde que este profissional fornece para a organização/local(is) desta função.","A lista de serviços de saúde que este profissional fornece para a organização/local(is) desta função.","","","","","","","","","",,,,,"",,,,"PractitionerRole.healthcareService",0,*,"","ele-1:All FHIR elements must have a @value or children {hasValue() or (children().count() > id.count())}
","EDU-2 / AFF-3",".player.QualifiedEntity[@classCode = 'QUAL'].code"
"PractitionerRole.telecom","PractitionerRole.telecom","","","",0,*,"","","Y","ContactPoint {[]} {[]}
","Detalhes de contato específicos para a função/local/serviço.","Detalhes de contato específicos para a função/local/serviço.","","Often practitioners have a dedicated line for each location (or service) that they work at, and need to be able to define separate contact details for each of these.","","","","","","","",,,,,"",,,,"PractitionerRole.telecom",0,*,"","ele-1:All FHIR elements must have a @value or children {hasValue() or (children().count() > id.count())}
",".telecom"
"PractitionerRole.availableTime","PractitionerRole.availableTime","","","",0,*,"","","","BackboneElement {[]} {[]}
","Horários em que o site do serviço está disponível.","Horários em que o site do serviço está disponível.","More detailed availability information may be provided in associated Schedule/Slot resources.","","","","","","","","",,,,,"",,,,"PractitionerRole.availableTime",0,*,"","ele-1:All FHIR elements must have a @value or children {hasValue() or (children().count() > id.count())}
",".effectiveTime"
"PractitionerRole.availableTime.id","PractitionerRole.availableTime.id","","","",0,1,"","","","string {[]} {[]}
","ID exclusivo para referência entre elementos.","ID exclusivo para referência entre elementos.","","","","","","","","","",,,,,"",,,,"Element.id",0,1,"","","n/a"
"PractitionerRole.availableTime.extension","PractitionerRole.availableTime.extension","","","",0,*,"","","","Extension {[]} {[]}
","Conteúdo adicional definido por implementações.","Conteúdo adicional definido por implementações.","","","","","","","","","",,,,,"",,,,"Element.extension",0,*,"","ele-1:All FHIR elements must have a @value or children {hasValue() or (children().count() > id.count())}
ext-1:Must have either extensions or value[x], not both {extension.exists() != value.exists()}"
"PractitionerRole.availableTime.modifierExtension","PractitionerRole.availableTime.modifierExtension","","","",0,*,"","Y","Y","Extension {[]} {[]}
","Extensões que não podem ser ignoradas mesmo que não sejam reconhecidas.","Extensões que não podem ser ignoradas mesmo que não sejam reconhecidas.","","","","","","","","","",,,,,"",,,,"BackboneElement.modifierExtension",0,*,"","ele-1:All FHIR elements must have a @value or children {hasValue() or (children().count() > id.count())}
ext-1:Must have either extensions or value[x], not both {extension.exists() != value.exists()}"
"PractitionerRole.availableTime.daysOfWeek","PractitionerRole.availableTime.daysOfWeek","","","",0,*,"","","","code {[]} {[]}
","Dias da semana: seg| ter| qua| qui| sex| sab | dom.","Dias da semana: seg| ter| qua| qui| sex| sab | dom.","","","","","","","","","",,"required","The days of the week.","http://hl7.org/fhir/ValueSet/days-of-week|4.0.1","",,,,"PractitionerRole.availableTime.daysOfWeek",0,*,"","ele-1:All FHIR elements must have a @value or children {hasValue() or (children().count() > id.count())}
",".effectiveTime"
"PractitionerRole.availableTime.allDay","PractitionerRole.availableTime.allDay","","","",0,1,"","","","boolean {[]} {[]}
","Sempre disponível? sim ou não, por exemplo: serviço 24 horas.","Sempre disponível? por exemplo: serviço 24 horas.","","","","","","","","","",,,,,"",,,,"PractitionerRole.availableTime.allDay",0,1,"","ele-1:All FHIR elements must have a @value or children {hasValue() or (children().count() > id.count())}
",".effectiveTime"
"PractitionerRole.availableTime.availableStartTime","PractitionerRole.availableTime.availableStartTime","","","",0,1,"","","","time {[]} {[]}
","Hora de abertura do dia (ignorado se allDay = true)","Hora de abertura do dia (ignorado se allDay = true)","The timezone is expected to be for where this HealthcareService is provided at.","","","","","","","","",,,,,"",,,,"PractitionerRole.availableTime.availableStartTime",0,1,"","ele-1:All FHIR elements must have a @value or children {hasValue() or (children().count() > id.count())}
",".effectiveTime"
"PractitionerRole.availableTime.availableEndTime","PractitionerRole.availableTime.availableEndTime","","","",0,1,"","","","time {[]} {[]}
","Horário de fechamento do dia (ignorado se allDay = true).","Horário de fechamento do dia (ignorado se allDay = true).","The timezone is expected to be for where this HealthcareService is provided at.","","","","","","","","",,,,,"",,,,"PractitionerRole.availableTime.availableEndTime",0,1,"","ele-1:All FHIR elements must have a @value or children {hasValue() or (children().count() > id.count())}
",".effectiveTime"
"PractitionerRole.notAvailable","PractitionerRole.notAvailable","","","",0,*,"","","","BackboneElement {[]} {[]}
","Não disponível durante este período devido ao motivo fornecido.","Não disponível durante este período devido ao motivo fornecido.","","","","","","","","","",,,,,"",,,,"PractitionerRole.notAvailable",0,*,"","ele-1:All FHIR elements must have a @value or children {hasValue() or (children().count() > id.count())}
",".effectiveTime"
"PractitionerRole.notAvailable.id","PractitionerRole.notAvailable.id","","","",0,1,"","","","string {[]} {[]}
","ID exclusivo para referência entre elementos.","ID exclusivo para referência entre elementos.","","","","","","","","","",,,,,"",,,,"Element.id",0,1,"","","n/a"
"PractitionerRole.notAvailable.extension","PractitionerRole.notAvailable.extension","","","",0,*,"","","","Extension {[]} {[]}
","Conteúdo adicional definido por implementações.","Conteúdo adicional definido por implementações.","","","","","","","","","",,,,,"",,,,"Element.extension",0,*,"","ele-1:All FHIR elements must have a @value or children {hasValue() or (children().count() > id.count())}
ext-1:Must have either extensions or value[x], not both {extension.exists() != value.exists()}"
"PractitionerRole.notAvailable.modifierExtension","PractitionerRole.notAvailable.modifierExtension","","","",0,*,"","Y","Y","Extension {[]} {[]}
","Extensões que não podem ser ignoradas mesmo que não sejam reconhecidas.","Extensões que não podem ser ignoradas mesmo que não sejam reconhecidas.","","","","","","","","","",,,,,"",,,,"BackboneElement.modifierExtension",0,*,"","ele-1:All FHIR elements must have a @value or children {hasValue() or (children().count() > id.count())}
ext-1:Must have either extensions or value[x], not both {extension.exists() != value.exists()}"
"PractitionerRole.notAvailable.description","PractitionerRole.notAvailable.description","","","",1,1,"","","","string {[]} {[]}
","Motivo apresentado ao usuário explicando porque o horário não está disponível.","Motivo apresentado ao usuário explicando porque o horário não está disponível.","","","","","","","","","",,,,,"",,,,"PractitionerRole.notAvailable.description",1,1,"","ele-1:All FHIR elements must have a @value or children {hasValue() or (children().count() > id.count())}
","n/a"
"PractitionerRole.notAvailable.during","PractitionerRole.notAvailable.during","","","",0,1,"","","","Period {[]} {[]}
","Serviço indisponível a partir desta data.","Serviço indisponível a partir desta data.","","","","","","","","","",,,,,"",,,,"PractitionerRole.notAvailable.during",0,1,"","ele-1:All FHIR elements must have a @value or children {hasValue() or (children().count() > id.count())}
",".effectiveTime"
"PractitionerRole.availabilityExceptions","PractitionerRole.availabilityExceptions","","","",0,1,"","","","string {[]} {[]}
","Descrição da disponibilidade das exceções.","Descrição da disponibilidade das exceções.","","","","","","","","","",,,,,"",,,,"PractitionerRole.availabilityExceptions",0,1,"","ele-1:All FHIR elements must have a @value or children {hasValue() or (children().count() > id.count())}
",".effectiveTime"
"PractitionerRole.endpoint","PractitionerRole.endpoint","","","",0,*,"","","","Reference {[]} {[CanonicalType[http://hl7.org/fhir/StructureDefinition/Endpoint]]}
","Endpoints que fornecem acesso a serviços operados para o profissional com esta função.","Endpoints que fornecem acesso a serviços operados para o profissional com esta função.","","Organizations have multiple systems that provide various services and ,ay also be different for practitioners too.So the endpoint satisfies the need to be able to define the technical connection details for how to connect to them, and for what purpose.","","","","","","","",,,,,"",,,,"PractitionerRole.endpoint",0,*,"","ele-1:All FHIR elements must have a @value or children {hasValue() or (children().count() > id.count())}
","n/a"
