{
  "codeSystems" : [
    {
      "url" : "http://hl7.org/fhir/ValueSet/composition-attestation-mode",
      "version" : "4.0.1",
      "status" : "draft",
      "name" : "CompositionAttestationMode",
      "title" : "CompositionAttestationMode",
      "description" : "The way in which a person authenticated a composition.",
      "systems" : ["http://hl7.org/fhir/composition-attestation-mode"],
      "oids" : ["2.16.840.1.113883.4.642.3.238"],
      "sources" : ["2.16.840.1.113883.4.642.3.238"],
      "uses" : {
      },
      "StructureDefinition-br-core-composition.html" : "BR Core Composition"
    },
    {
      "url" : "http://hl7.org/fhir/ValueSet/composition-status",
      "version" : "4.0.1",
      "status" : "draft",
      "name" : "CompositionStatus",
      "title" : "CompositionStatus",
      "description" : "The workflow/clinical status of the composition.",
      "systems" : ["http://hl7.org/fhir/composition-status"],
      "oids" : ["2.16.840.1.113883.4.642.3.241"],
      "sources" : ["2.16.840.1.113883.4.642.3.241"],
      "uses" : {
      },
      "StructureDefinition-br-core-composition.html" : "BR Core Composition"
    },
    {
      "url" : "http://hl7.org/fhir/ValueSet/doc-section-codes",
      "version" : "4.0.1",
      "status" : "draft",
      "name" : "DocumentSectionCodes",
      "title" : "Document Section Codes",
      "description" : "Document section codes (LOINC codes used in CCDA sections).",
      "systems" : ["http://loinc.org"],
      "oids" : ["2.16.840.1.113883.4.642.3.237"],
      "sources" : ["2.16.840.1.113883.4.642.3.237"],
      "uses" : {
      },
      "StructureDefinition-br-core-composition.html" : "BR Core Composition"
    },
    {
      "url" : "http://hl7.org/fhir/ValueSet/doc-typecodes",
      "version" : "4.0.1",
      "status" : "draft",
      "name" : "FHIRDocumentTypeCodes",
      "title" : "FHIR Document Type Codes",
      "description" : "FHIR Document Codes - all LOINC codes where scale type = 'DOC'.",
      "systems" : ["http://loinc.org"],
      "oids" : ["2.16.840.1.113883.4.642.3.240"],
      "sources" : ["2.16.840.1.113883.4.642.3.240"],
      "uses" : {
      },
      "StructureDefinition-br-core-composition.html" : "BR Core Composition"
    },
    {
      "url" : "http://hl7.org/fhir/ValueSet/document-classcodes",
      "version" : "4.0.1",
      "status" : "active",
      "name" : "DocumentClassValueSet",
      "title" : "Document Class Value Set",
      "description" : "This is the code specifying the high-level kind of document (e.g. Prescription, Discharge Summary, Report, etc.). Note: Class code for documents comes from LOINC, and is based upon one of the following:The type of service described by the document. It is described at a very high level in Section 7.3 of the LOINC Manual. The type study performed. It was determined by identifying modalities for study reports. The section of the chart where the document is placed. It was determined from the SETs created for Claims Attachment requests.",
      "systems" : ["http://loinc.org"],
      "oids" : ["2.16.840.1.113883.3.88.12.80.46"],
      "sources" : ["2.16.840.1.113883.3.88.12.80.46"],
      "uses" : {
      },
      "StructureDefinition-br-core-composition.html" : "BR Core Composition",
      "StructureDefinition-RNDSRegistroEletronicoDispensacaoFornecimentoMedicamento.html" : "Registro Eletrônico de Dispensação ou Fornecimento de Medicamento (REDFM)"
    },
    {
      "url" : "http://hl7.org/fhir/ValueSet/document-relationship-type",
      "version" : "4.0.1",
      "status" : "draft",
      "name" : "DocumentRelationshipType",
      "title" : "DocumentRelationshipType",
      "description" : "The type of relationship between documents.",
      "systems" : ["http://hl7.org/fhir/document-relationship-type"],
      "oids" : ["2.16.840.1.113883.4.642.3.244"],
      "sources" : ["2.16.840.1.113883.4.642.3.244"],
      "uses" : {
      },
      "StructureDefinition-br-core-composition.html" : "BR Core Composition"
    },
    {
      "url" : "http://hl7.org/fhir/ValueSet/identifier-use",
      "version" : "4.0.1",
      "status" : "active",
      "name" : "IdentifierUse",
      "title" : "IdentifierUse",
      "description" : "Identifies the purpose for this identifier, if known .",
      "systems" : ["http://hl7.org/fhir/identifier-use"],
      "oids" : ["2.16.840.1.113883.4.642.3.57"],
      "sources" : ["2.16.840.1.113883.4.642.3.57"],
      "uses" : {
      },
      "StructureDefinition-br-core-practitionerrole.html" : "BR Core PractitionerRole"
    },
    {
      "url" : "http://hl7.org/fhir/ValueSet/list-empty-reason",
      "version" : "4.0.1",
      "status" : "draft",
      "name" : "ListEmptyReasons",
      "title" : "List Empty Reasons",
      "description" : "General reasons for a list to be empty. Reasons are either related to a summary list (i.e. problem or medication list) or to a workflow related list (i.e. consultation list).",
      "systems" : ["http://terminology.hl7.org/CodeSystem/list-empty-reason"],
      "oids" : ["2.16.840.1.113883.4.642.3.322"],
      "sources" : ["2.16.840.1.113883.4.642.3.322"],
      "uses" : {
      },
      "StructureDefinition-br-core-composition.html" : "BR Core Composition"
    },
    {
      "url" : "http://hl7.org/fhir/ValueSet/list-mode",
      "version" : "4.0.1",
      "status" : "draft",
      "name" : "ListMode",
      "title" : "ListMode",
      "description" : "The processing mode that applies to this list.",
      "systems" : ["http://hl7.org/fhir/list-mode"],
      "oids" : ["2.16.840.1.113883.4.642.3.318"],
      "sources" : ["2.16.840.1.113883.4.642.3.318"],
      "uses" : {
      },
      "StructureDefinition-br-core-composition.html" : "BR Core Composition"
    },
    {
      "url" : "http://terminology.hl7.org/ValueSet/v2-0203",
      "version" : "2.0.0",
      "status" : "active",
      "name" : "Hl7VSIdentifierType",
      "title" : "hl7VS-identifierType",
      "description" : "Concepts specifying types of identififiers, as used in person and organization identification datatypes in HL7 Version 2 standards.",
      "systems" : ["http://terminology.hl7.org/CodeSystem/v2-0203"],
      "oids" : ["2.16.840.1.113883.21.120"],
      "sources" : ["2.16.840.1.113883.21.120"],
      "uses" : {
      },
      "StructureDefinition-RNDSProfissional.html" : "Profissional",
      "StructureDefinition-br-core-practitioner.html" : "BR Core Practitioner"
    },
    {
      "url" : "http://terminology.hl7.org/ValueSet/v3-ConfidentialityClassification",
      "version" : "2014-03-26",
      "status" : "active",
      "name" : "v3.ConfidentialityClassification",
      "title" : "V3 Value SetConfidentialityClassification",
      "description" : " Set of codes used to value Act.Confidentiality and Role.Confidentiality attribute in accordance with the definition for concept domain \"Confidentiality\".",
      "systems" : ["http://terminology.hl7.org/CodeSystem/v3-Confidentiality"],
      "oids" : ["2.16.840.1.113883.1.11.10228"],
      "sources" : ["2.16.840.1.113883.1.11.10228"],
      "uses" : {
      },
      "StructureDefinition-br-core-composition.html" : "BR Core Composition"
    },
    {
      "url" : "http://www.saude.gov.br/fhir/r4/ValueSet/BROcupacao-1.0",
      "version" : "1.0.0",
      "status" : "active",
      "name" : "BROcupacao",
      "title" : "Classificação Brasileira de Ocupações (CBO)",
      "description" : "Classifica as profissões do mercado de trabalho brasileiro.",
      "systems" : ["http://www.saude.gov.br/fhir/r4/CodeSystem/BRCBO"],
      "uses" : {
      },
      "StructureDefinition-br-core-practitionerrole.html" : "BR Core PractitionerRole",
      "StructureDefinition-RNDSMedicamentoDispensadoFornecido.html" : "Dispensação ou Fornecimento Eletrônico de Medicamento",
      "StructureDefinition-br-core-practitioner.html" : "BR Core Practitioner"
    },
    {
      "url" : "http://www.saude.gov.br/fhir/r4/ValueSet/BRProblemaDiagnostico",
      "version" : "1.0.0",
      "status" : "draft",
      "name" : "BRProblemaDiagnostico",
      "title" : "Classificação Internacional de Doenças (Atenção Primária)",
      "description" : "Código Internacional de Atenção Primária (CIAP2) e Classificação Internacional de Doenças (CID10)",
      "systems" : [
        "http://www.saude.gov.br/fhir/r4/CodeSystem/BRCID10",
        "http://www.saude.gov.br/fhir/r4/CodeSystem/BRCIAP2"
      ],
      "uses" : {
      },
      "StructureDefinition-RNDSPrescricaoMedicamentoDispensado.html" : "Prescrição Eletrônica de Medicamento (Contida na Dispensação)"
    },
    {
      "url" : "http://www.saude.gov.br/fhir/r4/ValueSet/BRTerminologiaMedicamento",
      "version" : "1.0.0",
      "status" : "active",
      "name" : "BRTerminologiaMedicamento",
      "title" : "Terminologia dos medicamentos",
      "description" : "ValueSet utilizado para definir a terminologia de um dado medicamento.",
      "systems" : [
        "http://www.saude.gov.br/fhir/r4/CodeSystem/BRObmCATMAT",
        "http://www.saude.gov.br/fhir/r4/CodeSystem/BRObmAMPP",
        "http://www.saude.gov.br/fhir/r4/CodeSystem/BRObmANVISA",
        "http://www.saude.gov.br/fhir/r4/CodeSystem/BRObmVMP",
        "http://www.saude.gov.br/fhir/r4/CodeSystem/BRObmEAN"
      ],
      "uses" : {
      },
      "StructureDefinition-RNDSPrescricaoMedicamentoDispensado.html" : "Prescrição Eletrônica de Medicamento (Contida na Dispensação)",
      "StructureDefinition-RNDSMedicamentoDispensadoFornecido.html" : "Dispensação ou Fornecimento Eletrônico de Medicamento",
      "StructureDefinition-RNDSMedicamento.html" : "Medicamento"
    },
    {
      "url" : "http://www.saude.gov.br/fhir/r4/ValueSet/BRTipoDispensacaoRealizada",
      "version" : "1.0.0",
      "status" : "draft",
      "name" : "ValueSet-BRTipoDispensacaoRealizada",
      "title" : "Tipo de Dispensação Realizada",
      "description" : "Indica o tipo de dispensação que foi realizada",
      "systems" : [
        "http://www.saude.gov.br/fhir/r4/CodeSystem/BRTipoDispensacaoRealizada"
      ],
      "uses" : {
      },
      "StructureDefinition-RNDSMedicamentoDispensadoFornecido.html" : "Dispensação ou Fornecimento Eletrônico de Medicamento"
    },
    {
      "url" : "http://www.saude.gov.br/fhir/r4/ValueSet/BRTipoDocumento-1.0",
      "version" : "1.0.0",
      "status" : "active",
      "name" : "BRTipoDocumento",
      "title" : "Tipo de Documento",
      "description" : "Classifica o tipo de documento que está sendo trafegado.",
      "systems" : ["http://www.saude.gov.br/fhir/r4/CodeSystem/BRTipoDocumento"],
      "uses" : {
      },
      "StructureDefinition-RNDSRegistroEletronicoDispensacaoFornecimentoMedicamento.html" : "Registro Eletrônico de Dispensação ou Fornecimento de Medicamento (REDFM)"
    },
    {
      "url" : "http://www.saude.gov.br/fhir/r4/ValueSet/BRUnidadeMedidaMedicamento",
      "version" : "1.0.0",
      "status" : "active",
      "name" : "BRUnidadeMedidaMedicamento",
      "title" : "Unidade de Medida de Medicamento",
      "description" : "ValueSet utilizado para definir a unidade de medida de medicamentos sob informações do fabricante.",
      "systems" : ["http://www.saude.gov.br/fhir/r4/CodeSystem/BRUnidadeMedida"],
      "uses" : {
      },
      "StructureDefinition-RNDSMedicamento.html" : "Medicamento"
    },
    {
      "url" : "http://www.saude.gov.br/fhir/r4/ValueSet/BRViaAdministracao-1.0",
      "version" : "1.0.0",
      "status" : "active",
      "name" : "BRViaAdministracao",
      "title" : "Via de Administração",
      "description" : "Via de administração de um imunobiológico.",
      "systems" : [
        "http://www.saude.gov.br/fhir/r4/CodeSystem/BRViaAdministracao"
      ],
      "uses" : {
      },
      "StructureDefinition-RNDSPrescricaoMedicamentoDispensado.html" : "Prescrição Eletrônica de Medicamento (Contida na Dispensação)",
      "StructureDefinition-RNDSMedicamentoDispensadoFornecido.html" : "Dispensação ou Fornecimento Eletrônico de Medicamento"
    },
    {
      "url" : "https://terminologia.saude.gov.br/fhir/ValueSet/BRCOREN",
      "version" : "1.0.0",
      "status" : "draft",
      "name" : "BRCOREN",
      "title" : "Conselhos regionais de Enfermagem do Brasil",
      "description" : "Conjunto de todos os conselhos regionais de enfermagem do Brasil",
      "systems" : [
        "https://terminologia.saude.gov.br/fhir/CodeSystem/BRConselhoProfissional"
      ],
      "uses" : {
      },
      "StructureDefinition-br-core-practitioner.html" : "BR Core Practitioner"
    },
    {
      "url" : "https://terminologia.saude.gov.br/fhir/ValueSet/BRCRF",
      "version" : "1.0.0",
      "status" : "draft",
      "name" : "BRCRF",
      "title" : "Conselhos regionais de Farmácia do Brasil",
      "description" : "Conjunto de todos os conselhos regionais de farmácia do Brasil",
      "systems" : [
        "https://terminologia.saude.gov.br/fhir/CodeSystem/BRConselhoProfissional"
      ],
      "uses" : {
      },
      "StructureDefinition-br-core-practitioner.html" : "BR Core Practitioner"
    },
    {
      "url" : "https://terminologia.saude.gov.br/fhir/ValueSet/BRCRM",
      "version" : "1.0.0",
      "status" : "draft",
      "name" : "BRCRM",
      "title" : "Conselhos regionais de Medicina do Brasil",
      "description" : "Conjunto de todos os conselhos regionais de medicina do Brasil",
      "systems" : [
        "https://terminologia.saude.gov.br/fhir/CodeSystem/BRConselhoProfissional"
      ],
      "uses" : {
      },
      "StructureDefinition-br-core-practitioner.html" : "BR Core Practitioner"
    },
    {
      "url" : "https://terminologia.saude.gov.br/fhir/ValueSet/BRCRO",
      "version" : "1.0.0",
      "status" : "draft",
      "name" : "BRCRO",
      "title" : "Conselhos regionais de Odontologia do Brasil",
      "description" : "Conjunto de todos os conselhos regionais de farmácia do Brasil",
      "systems" : [
        "https://terminologia.saude.gov.br/fhir/CodeSystem/BRConselhoProfissional"
      ],
      "uses" : {
      },
      "StructureDefinition-br-core-practitioner.html" : "BR Core Practitioner"
    },
    {
      "url" : "https://terminologia.saude.gov.br/fhir/ValueSet/BROutrosProfissionais",
      "version" : "1.0.0",
      "status" : "draft",
      "name" : "BROutrosProfissionais",
      "title" : "Conselhos regionais de outros profissionais da saúde do Brasil",
      "description" : "Conjunto de todos os conselhos regionais de outros profissionais da saúde do Brasil",
      "systems" : [
        "https://terminologia.saude.gov.br/fhir/CodeSystem/BRConselhoProfissional"
      ],
      "uses" : {
      },
      "StructureDefinition-br-core-practitioner.html" : "BR Core Practitioner"
    }
  ]
}
