<?xml version="1.0" encoding="UTF-8"?>

<ValueSet xmlns="http://hl7.org/fhir">
  <id value="BRTipoDocumento-1.0"/>
  <language value="pt-BR"/>
  <text>
    <status value="generated"/><div xml:lang="pt-BR" xmlns="http://www.w3.org/1999/xhtml" lang="pt-BR"><p class="res-header-id"><b>Narrativa gerada: ValueSet BRTipoDocumento-1.0</b></p><a name="BRTipoDocumento-1.0"> </a><a name="hcBRTipoDocumento-1.0"> </a><div style="display: inline-block; background-color: #d9e0e7; padding: 6px; margin: 4px; border: 1px solid #8da1b4; border-radius: 5px; line-height: 60%"><p style="margin-bottom: 0px">Língua: pt-BR</p></div><ul><li>Include todos os códigos definidos em <a href="CodeSystem-BRTipoDocumento.html"><code>http://www.saude.gov.br/fhir/r4/CodeSystem/BRTipoDocumento</code></a></li></ul></div>
  </text>
  <extension url="http://hl7.org/fhir/StructureDefinition/structuredefinition-fmm">
    <valueInteger value="1">
      <extension url="http://hl7.org/fhir/StructureDefinition/structuredefinition-conformance-derivedFrom">
        <valueCanonical value="http://www.saude.gov.br/fhir/r4/ImplementationGuide/br.gov.saude.redfm.fhir"/>
      </extension>
    </valueInteger>
  </extension>
  <extension url="http://hl7.org/fhir/StructureDefinition/structuredefinition-standards-status">
    <valueCode value="informative">
      <extension url="http://hl7.org/fhir/StructureDefinition/structuredefinition-conformance-derivedFrom">
        <valueCanonical value="http://www.saude.gov.br/fhir/r4/ImplementationGuide/br.gov.saude.redfm.fhir"/>
      </extension>
    </valueCode>
  </extension>
  <url value="http://www.saude.gov.br/fhir/r4/ValueSet/BRTipoDocumento-1.0"/>
  <version value="1.0.0"/>
  <name value="BRTipoDocumento"/>
  <title value="Tipo de Documento"/>
  <status value="active"/>
  <experimental value="false"/>
  <date value="2020-03-12T13:26:58.6069366+00:00"/>
  <publisher value="Ministério da Saúde do Brasil"/>
  <contact>
    <name value="Ministério da Saúde do Brasil"/>
    <telecom>
      <system value="url"/>
      <value value="http://www.saude.gov.br"/>
    </telecom>
  </contact>
  <description value="Classifica o tipo de documento que está sendo trafegado."/>
  <jurisdiction>
    <coding>
      <system value="urn:iso:std:iso:3166"/>
      <code value="BR"/>
    </coding>
  </jurisdiction>
  <immutable value="false"/>
  <compose>
    <include>
      <system value="http://www.saude.gov.br/fhir/r4/CodeSystem/BRTipoDocumento"/>
      <version value="*"/>
    </include>
  </compose>
</ValueSet>