{
  "resourceType" : "ValueSet",
  "id" : "BROutrosProfissionais",
  "meta" : {
    "profile" : ["http://hl7.org/fhir/StructureDefinition/shareablevalueset"]
  },
  "language" : "pt-BR",
  "text" : {
    "status" : "extensions",
    "div" : "<div xmlns=\"http://www.w3.org/1999/xhtml\"><p class=\"res-header-id\"><b>Generated Narrative: ValueSet BROutrosProfissionais</b></p><a name=\"BROutrosProfissionais\"/><a name=\"hcBROutrosProfissionais\"/><a name=\"BROutrosProfissionais-pt-BR\"/><ul><li>Include these codes as defined in <a href=\"CodeSystem-BRConselhoProfissional.html\"><code>https://terminologia.saude.gov.br/fhir/CodeSystem/BRConselhoProfissional</code></a><table class=\"none\"><tr><td style=\"white-space:nowrap\"><b>Code</b></td><td><b>Display</b></td><td><b>Definition</b></td></tr><tr><td><a href=\"CodeSystem-BRConselhoProfissional.html#BRConselhoProfissional-https.58.47.47saude.46gov.46br.47sid.47crp-ac-ro\">https://saude.gov.br/sid/crp-ac-ro</a></td><td>CRP-AC-RO</td><td>CONSELHO REGIONAL DE PSICOLOGIA</td></tr><tr><td><a href=\"CodeSystem-BRConselhoProfissional.html#BRConselhoProfissional-https.58.47.47saude.46gov.46br.47sid.47crp-al\">https://saude.gov.br/sid/crp-al</a></td><td>CRP-AL</td><td>CONSELHO REGIONAL DE PSICOLOGIA</td></tr><tr><td><a href=\"CodeSystem-BRConselhoProfissional.html#BRConselhoProfissional-https.58.47.47saude.46gov.46br.47sid.47crp-am-rr\">https://saude.gov.br/sid/crp-am-rr</a></td><td>CRP-AM-RR</td><td>CONSELHO REGIONAL DE PSICOLOGIA</td></tr><tr><td><a href=\"CodeSystem-BRConselhoProfissional.html#BRConselhoProfissional-https.58.47.47saude.46gov.46br.47sid.47crp-ba\">https://saude.gov.br/sid/crp-ba</a></td><td>CRP-BA</td><td>CONSELHO REGIONAL DE PSICOLOGIA</td></tr><tr><td><a href=\"CodeSystem-BRConselhoProfissional.html#BRConselhoProfissional-https.58.47.47saude.46gov.46br.47sid.47crp-ce\">https://saude.gov.br/sid/crp-ce</a></td><td>CRP-CE</td><td>CONSELHO REGIONAL DE PSICOLOGIA</td></tr><tr><td><a href=\"CodeSystem-BRConselhoProfissional.html#BRConselhoProfissional-https.58.47.47saude.46gov.46br.47sid.47crp-df\">https://saude.gov.br/sid/crp-df</a></td><td>CRP-DF</td><td>CONSELHO REGIONAL DE PSICOLOGIA</td></tr><tr><td><a href=\"CodeSystem-BRConselhoProfissional.html#BRConselhoProfissional-https.58.47.47saude.46gov.46br.47sid.47crp-es\">https://saude.gov.br/sid/crp-es</a></td><td>CRP-ES</td><td>CONSELHO REGIONAL DE PSICOLOGIA</td></tr><tr><td><a href=\"CodeSystem-BRConselhoProfissional.html#BRConselhoProfissional-https.58.47.47saude.46gov.46br.47sid.47crp-go\">https://saude.gov.br/sid/crp-go</a></td><td>CRP-GO</td><td>CONSELHO REGIONAL DE PSICOLOGIA</td></tr><tr><td><a href=\"CodeSystem-BRConselhoProfissional.html#BRConselhoProfissional-https.58.47.47saude.46gov.46br.47sid.47crp-ma\">https://saude.gov.br/sid/crp-ma</a></td><td>CRP-MA</td><td>CONSELHO REGIONAL DE PSICOLOGIA</td></tr><tr><td><a href=\"CodeSystem-BRConselhoProfissional.html#BRConselhoProfissional-https.58.47.47saude.46gov.46br.47sid.47crp-mg\">https://saude.gov.br/sid/crp-mg</a></td><td>CRP-MG</td><td>CONSELHO REGIONAL DE PSICOLOGIA</td></tr><tr><td><a href=\"CodeSystem-BRConselhoProfissional.html#BRConselhoProfissional-https.58.47.47saude.46gov.46br.47sid.47crp-ms\">https://saude.gov.br/sid/crp-ms</a></td><td>CRP-MS</td><td>CONSELHO REGIONAL DE PSICOLOGIA</td></tr><tr><td><a href=\"CodeSystem-BRConselhoProfissional.html#BRConselhoProfissional-https.58.47.47saude.46gov.46br.47sid.47crp-mt\">https://saude.gov.br/sid/crp-mt</a></td><td>CRP-MT</td><td>CONSELHO REGIONAL DE PSICOLOGIA</td></tr><tr><td><a href=\"CodeSystem-BRConselhoProfissional.html#BRConselhoProfissional-https.58.47.47saude.46gov.46br.47sid.47crp-pa-ap\">https://saude.gov.br/sid/crp-pa-ap</a></td><td>CRP-PA-AP</td><td>CONSELHO REGIONAL DE PSICOLOGIA</td></tr><tr><td><a href=\"CodeSystem-BRConselhoProfissional.html#BRConselhoProfissional-https.58.47.47saude.46gov.46br.47sid.47crp-pb\">https://saude.gov.br/sid/crp-pb</a></td><td>CRP-PB</td><td>CONSELHO REGIONAL DE PSICOLOGIA</td></tr><tr><td><a href=\"CodeSystem-BRConselhoProfissional.html#BRConselhoProfissional-https.58.47.47saude.46gov.46br.47sid.47crp-pe\">https://saude.gov.br/sid/crp-pe</a></td><td>CRP-PE</td><td>CONSELHO REGIONAL DE PSICOLOGIA</td></tr><tr><td><a href=\"CodeSystem-BRConselhoProfissional.html#BRConselhoProfissional-https.58.47.47saude.46gov.46br.47sid.47crp-pi\">https://saude.gov.br/sid/crp-pi</a></td><td>CRP-PI</td><td>CONSELHO REGIONAL DE PSICOLOGIA</td></tr><tr><td><a href=\"CodeSystem-BRConselhoProfissional.html#BRConselhoProfissional-https.58.47.47saude.46gov.46br.47sid.47crp-pr\">https://saude.gov.br/sid/crp-pr</a></td><td>CRP-PR</td><td>CONSELHO REGIONAL DE PSICOLOGIA</td></tr><tr><td><a href=\"CodeSystem-BRConselhoProfissional.html#BRConselhoProfissional-https.58.47.47saude.46gov.46br.47sid.47crp-rj\">https://saude.gov.br/sid/crp-rj</a></td><td>CRP-RJ</td><td>CONSELHO REGIONAL DE PSICOLOGIA</td></tr><tr><td><a href=\"CodeSystem-BRConselhoProfissional.html#BRConselhoProfissional-https.58.47.47saude.46gov.46br.47sid.47crp-rn\">https://saude.gov.br/sid/crp-rn</a></td><td>CRP-RN</td><td>CONSELHO REGIONAL DE PSICOLOGIA</td></tr><tr><td><a href=\"CodeSystem-BRConselhoProfissional.html#BRConselhoProfissional-https.58.47.47saude.46gov.46br.47sid.47crp-rs\">https://saude.gov.br/sid/crp-rs</a></td><td>CRP-RS</td><td>CONSELHO REGIONAL DE PSICOLOGIA</td></tr><tr><td><a href=\"CodeSystem-BRConselhoProfissional.html#BRConselhoProfissional-https.58.47.47saude.46gov.46br.47sid.47crp-sc\">https://saude.gov.br/sid/crp-sc</a></td><td>CRP-SC</td><td>CONSELHO REGIONAL DE PSICOLOGIA</td></tr><tr><td><a href=\"CodeSystem-BRConselhoProfissional.html#BRConselhoProfissional-https.58.47.47saude.46gov.46br.47sid.47crp-se\">https://saude.gov.br/sid/crp-se</a></td><td>CRP-SE</td><td>CONSELHO REGIONAL DE PSICOLOGIA</td></tr><tr><td><a href=\"CodeSystem-BRConselhoProfissional.html#BRConselhoProfissional-https.58.47.47saude.46gov.46br.47sid.47crp-sp\">https://saude.gov.br/sid/crp-sp</a></td><td>CRP-SP</td><td>CONSELHO REGIONAL DE PSICOLOGIA</td></tr><tr><td><a href=\"CodeSystem-BRConselhoProfissional.html#BRConselhoProfissional-https.58.47.47saude.46gov.46br.47sid.47crp-to\">https://saude.gov.br/sid/crp-to</a></td><td>CRP-TO</td><td>CONSELHO REGIONAL DE PSICOLOGIA</td></tr><tr><td><a href=\"CodeSystem-BRConselhoProfissional.html#BRConselhoProfissional-https.58.47.47saude.46gov.46br.47sid.47crefito-ba\">https://saude.gov.br/sid/crefito-ba</a></td><td>CREFITO-BA</td><td>CONSELHO REGIONAS DE FISIOTERAPIA E TERAPIA OCUPACIONAL</td></tr><tr><td><a href=\"CodeSystem-BRConselhoProfissional.html#BRConselhoProfissional-https.58.47.47saude.46gov.46br.47sid.47crefito-ce\">https://saude.gov.br/sid/crefito-ce</a></td><td>CREFITO-CE</td><td>CONSELHO REGIONAS DE FISIOTERAPIA E TERAPIA OCUPACIONAL</td></tr><tr><td><a href=\"CodeSystem-BRConselhoProfissional.html#BRConselhoProfissional-https.58.47.47saude.46gov.46br.47sid.47crefito-es\">https://saude.gov.br/sid/crefito-es</a></td><td>CREFITO-ES</td><td>CONSELHO REGIONAS DE FISIOTERAPIA E TERAPIA OCUPACIONAL</td></tr><tr><td><a href=\"CodeSystem-BRConselhoProfissional.html#BRConselhoProfissional-https.58.47.47saude.46gov.46br.47sid.47crefito-go-df\">https://saude.gov.br/sid/crefito-go-df</a></td><td>CREFITO-GO-DF</td><td>CONSELHO REGIONAS DE FISIOTERAPIA E TERAPIA OCUPACIONAL</td></tr><tr><td><a href=\"CodeSystem-BRConselhoProfissional.html#BRConselhoProfissional-https.58.47.47saude.46gov.46br.47sid.47crefito-ma\">https://saude.gov.br/sid/crefito-ma</a></td><td>CREFITO-MA</td><td>CONSELHO REGIONAS DE FISIOTERAPIA E TERAPIA OCUPACIONAL</td></tr><tr><td><a href=\"CodeSystem-BRConselhoProfissional.html#BRConselhoProfissional-https.58.47.47saude.46gov.46br.47sid.47crefito-mg\">https://saude.gov.br/sid/crefito-mg</a></td><td>CREFITO-MG</td><td>CONSELHO REGIONAS DE FISIOTERAPIA E TERAPIA OCUPACIONAL</td></tr><tr><td><a href=\"CodeSystem-BRConselhoProfissional.html#BRConselhoProfissional-https.58.47.47saude.46gov.46br.47sid.47crefito-ms\">https://saude.gov.br/sid/crefito-ms</a></td><td>CREFITO-MS</td><td>CONSELHO REGIONAS DE FISIOTERAPIA E TERAPIA OCUPACIONAL</td></tr><tr><td><a href=\"CodeSystem-BRConselhoProfissional.html#BRConselhoProfissional-https.58.47.47saude.46gov.46br.47sid.47crefito-mt\">https://saude.gov.br/sid/crefito-mt</a></td><td>CREFITO-MT</td><td>CONSELHO REGIONAS DE FISIOTERAPIA E TERAPIA OCUPACIONAL</td></tr><tr><td><a href=\"CodeSystem-BRConselhoProfissional.html#BRConselhoProfissional-https.58.47.47saude.46gov.46br.47sid.47crefito-pa-am-to-rr-ap\">https://saude.gov.br/sid/crefito-pa-am-to-rr-ap</a></td><td>CREFITO-PA-AM-TO-RR-AP</td><td>CONSELHO REGIONAS DE FISIOTERAPIA E TERAPIA OCUPACIONAL</td></tr><tr><td><a href=\"CodeSystem-BRConselhoProfissional.html#BRConselhoProfissional-https.58.47.47saude.46gov.46br.47sid.47crefito-pe-pb-al-rn\">https://saude.gov.br/sid/crefito-pe-pb-al-rn</a></td><td>CREFITO-PE-PB-AL-RN</td><td>CONSELHO REGIONAS DE FISIOTERAPIA E TERAPIA OCUPACIONAL</td></tr><tr><td><a href=\"CodeSystem-BRConselhoProfissional.html#BRConselhoProfissional-https.58.47.47saude.46gov.46br.47sid.47crefito-pi\">https://saude.gov.br/sid/crefito-pi</a></td><td>CREFITO-PI</td><td>CONSELHO REGIONAS DE FISIOTERAPIA E TERAPIA OCUPACIONAL</td></tr><tr><td><a href=\"CodeSystem-BRConselhoProfissional.html#BRConselhoProfissional-https.58.47.47saude.46gov.46br.47sid.47crefito-pr\">https://saude.gov.br/sid/crefito-pr</a></td><td>CREFITO-PR</td><td>CONSELHO REGIONAS DE FISIOTERAPIA E TERAPIA OCUPACIONAL</td></tr><tr><td><a href=\"CodeSystem-BRConselhoProfissional.html#BRConselhoProfissional-https.58.47.47saude.46gov.46br.47sid.47crefito-rj\">https://saude.gov.br/sid/crefito-rj</a></td><td>CREFITO-RJ</td><td>CONSELHO REGIONAS DE FISIOTERAPIA E TERAPIA OCUPACIONAL</td></tr><tr><td><a href=\"CodeSystem-BRConselhoProfissional.html#BRConselhoProfissional-https.58.47.47saude.46gov.46br.47sid.47crefito-ro-ac\">https://saude.gov.br/sid/crefito-ro-ac</a></td><td>CREFITO-RO-AC</td><td>CONSELHO REGIONAS DE FISIOTERAPIA E TERAPIA OCUPACIONAL</td></tr><tr><td><a href=\"CodeSystem-BRConselhoProfissional.html#BRConselhoProfissional-https.58.47.47saude.46gov.46br.47sid.47crefito-rs\">https://saude.gov.br/sid/crefito-rs</a></td><td>CREFITO-RS</td><td>CONSELHO REGIONAS DE FISIOTERAPIA E TERAPIA OCUPACIONAL</td></tr><tr><td><a href=\"CodeSystem-BRConselhoProfissional.html#BRConselhoProfissional-https.58.47.47saude.46gov.46br.47sid.47crefito-sc\">https://saude.gov.br/sid/crefito-sc</a></td><td>CREFITO-SC</td><td>CONSELHO REGIONAS DE FISIOTERAPIA E TERAPIA OCUPACIONAL</td></tr><tr><td><a href=\"CodeSystem-BRConselhoProfissional.html#BRConselhoProfissional-https.58.47.47saude.46gov.46br.47sid.47crefito-se\">https://saude.gov.br/sid/crefito-se</a></td><td>CREFITO-SE</td><td>CONSELHO REGIONAS DE FISIOTERAPIA E TERAPIA OCUPACIONAL</td></tr><tr><td><a href=\"CodeSystem-BRConselhoProfissional.html#BRConselhoProfissional-https.58.47.47saude.46gov.46br.47sid.47crefito-sp\">https://saude.gov.br/sid/crefito-sp</a></td><td>CREFITO-SP</td><td>CONSELHO REGIONAS DE FISIOTERAPIA E TERAPIA OCUPACIONAL</td></tr><tr><td><a href=\"CodeSystem-BRConselhoProfissional.html#BRConselhoProfissional-https.58.47.47saude.46gov.46br.47sid.47crn-al\">https://saude.gov.br/sid/crn-al</a></td><td>CRN-AL</td><td>CONSELHO REGIONAL DE NUTRICIONISTA</td></tr><tr><td><a href=\"CodeSystem-BRConselhoProfissional.html#BRConselhoProfissional-https.58.47.47saude.46gov.46br.47sid.47crn-ba-se\">https://saude.gov.br/sid/crn-ba-se</a></td><td>CRN-BA-SE</td><td>CONSELHO REGIONAL DE NUTRICIONISTA</td></tr><tr><td><a href=\"CodeSystem-BRConselhoProfissional.html#BRConselhoProfissional-https.58.47.47saude.46gov.46br.47sid.47crn-ce-ma-pi\">https://saude.gov.br/sid/crn-ce-ma-pi</a></td><td>CRN-CE-MA-PI</td><td>CONSELHO REGIONAL DE NUTRICIONISTA</td></tr><tr><td><a href=\"CodeSystem-BRConselhoProfissional.html#BRConselhoProfissional-https.58.47.47saude.46gov.46br.47sid.47crn-df-go-mt-to\">https://saude.gov.br/sid/crn-df-go-mt-to</a></td><td>CRN-DF-GO-MT-TO</td><td>CONSELHO REGIONAL DE NUTRICIONISTA</td></tr><tr><td><a href=\"CodeSystem-BRConselhoProfissional.html#BRConselhoProfissional-https.58.47.47saude.46gov.46br.47sid.47crn-pa-ac-am-ap-ro-rr\">https://saude.gov.br/sid/crn-pa-ac-am-ap-ro-rr</a></td><td>CRN-PA-AC-AM-AP-RO-RR</td><td>CONSELHO REGIONAL DE NUTRICIONISTA</td></tr><tr><td><a href=\"CodeSystem-BRConselhoProfissional.html#BRConselhoProfissional-https.58.47.47saude.46gov.46br.47sid.47crn-pe-al-pb-rn\">https://saude.gov.br/sid/crn-pe-al-pb-rn</a></td><td>CRN-PE-AL-PB-RN</td><td>CONSELHO REGIONAL DE NUTRICIONISTA</td></tr><tr><td><a href=\"CodeSystem-BRConselhoProfissional.html#BRConselhoProfissional-https.58.47.47saude.46gov.46br.47sid.47crn-pr\">https://saude.gov.br/sid/crn-pr</a></td><td>CRN-PR</td><td>CONSELHO REGIONAL DE NUTRICIONISTA</td></tr><tr><td><a href=\"CodeSystem-BRConselhoProfissional.html#BRConselhoProfissional-https.58.47.47saude.46gov.46br.47sid.47crn-rj-es\">https://saude.gov.br/sid/crn-rj-es</a></td><td>CRN-RJ-ES</td><td>CONSELHO REGIONAL DE NUTRICIONISTA</td></tr><tr><td><a href=\"CodeSystem-BRConselhoProfissional.html#BRConselhoProfissional-https.58.47.47saude.46gov.46br.47sid.47crn-rs\">https://saude.gov.br/sid/crn-rs</a></td><td>CRN-RS</td><td>CONSELHO REGIONAL DE NUTRICIONISTA</td></tr><tr><td><a href=\"CodeSystem-BRConselhoProfissional.html#BRConselhoProfissional-https.58.47.47saude.46gov.46br.47sid.47crn-sc\">https://saude.gov.br/sid/crn-sc</a></td><td>CRN-SC</td><td>CONSELHO REGIONAL DE NUTRICIONISTA</td></tr><tr><td><a href=\"CodeSystem-BRConselhoProfissional.html#BRConselhoProfissional-https.58.47.47saude.46gov.46br.47sid.47crn-sp-ms\">https://saude.gov.br/sid/crn-sp-ms</a></td><td>CRN-SP-MS</td><td>CONSELHO REGIONAL DE NUTRICIONISTA</td></tr><tr><td><a href=\"CodeSystem-BRConselhoProfissional.html#BRConselhoProfissional-https.58.47.47saude.46gov.46br.47sid.47crefono-am-ac-ap-pa-ro-rr\">https://saude.gov.br/sid/crefono-am-ac-ap-pa-ro-rr</a></td><td>CREFONO-AM-AC-AP-PA-RO-RR</td><td>CONSELHO REGIONAL DE FONOAUDIOLOGIA</td></tr><tr><td><a href=\"CodeSystem-BRConselhoProfissional.html#BRConselhoProfissional-https.58.47.47saude.46gov.46br.47sid.47crefono-ce-ma-pi-rn\">https://saude.gov.br/sid/crefono-ce-ma-pi-rn</a></td><td>CREFONO-CE-MA-PI-RN</td><td>CONSELHO REGIONAL DE FONOAUDIOLOGIA</td></tr><tr><td><a href=\"CodeSystem-BRConselhoProfissional.html#BRConselhoProfissional-https.58.47.47saude.46gov.46br.47sid.47crefono-go-df-ms-mt-to\">https://saude.gov.br/sid/crefono-go-df-ms-mt-to</a></td><td>CREFONO-GO-DF-MS-MT-TO</td><td>CONSELHO REGIONAL DE FONOAUDIOLOGIA</td></tr><tr><td><a href=\"CodeSystem-BRConselhoProfissional.html#BRConselhoProfissional-https.58.47.47saude.46gov.46br.47sid.47crefono-mg-es\">https://saude.gov.br/sid/crefono-mg-es</a></td><td>CREFONO-MG-ES</td><td>CONSELHO REGIONAL DE FONOAUDIOLOGIA</td></tr><tr><td><a href=\"CodeSystem-BRConselhoProfissional.html#BRConselhoProfissional-https.58.47.47saude.46gov.46br.47sid.47crefono-pe-al-ba-pb-se\">https://saude.gov.br/sid/crefono-pe-al-ba-pb-se</a></td><td>CREFONO-PE-AL-BA-PB-SE</td><td>CONSELHO REGIONAL DE FONOAUDIOLOGIA</td></tr><tr><td><a href=\"CodeSystem-BRConselhoProfissional.html#BRConselhoProfissional-https.58.47.47saude.46gov.46br.47sid.47crefono-pr-sc\">https://saude.gov.br/sid/crefono-pr-sc</a></td><td>CREFONO-PR-SC</td><td>CONSELHO REGIONAL DE FONOAUDIOLOGIA</td></tr><tr><td><a href=\"CodeSystem-BRConselhoProfissional.html#BRConselhoProfissional-https.58.47.47saude.46gov.46br.47sid.47crefono-rj\">https://saude.gov.br/sid/crefono-rj</a></td><td>CREFONO-RJ</td><td>CONSELHO REGIONAL DE FONOAUDIOLOGIA</td></tr><tr><td><a href=\"CodeSystem-BRConselhoProfissional.html#BRConselhoProfissional-https.58.47.47saude.46gov.46br.47sid.47crefono-rs\">https://saude.gov.br/sid/crefono-rs</a></td><td>CREFONO-RS</td><td>CONSELHO REGIONAL DE FONOAUDIOLOGIA</td></tr><tr><td><a href=\"CodeSystem-BRConselhoProfissional.html#BRConselhoProfissional-https.58.47.47saude.46gov.46br.47sid.47crefono-sp\">https://saude.gov.br/sid/crefono-sp</a></td><td>CREFONO-SP</td><td>CONSELHO REGIONAL DE FONOAUDIOLOGIA</td></tr></table></li></ul></div>"
  },
  "url" : "https://terminologia.saude.gov.br/fhir/ValueSet/BROutrosProfissionais",
  "identifier" : [{
    "system" : "https://saude.gov.br/sid/valueset",
    "value" : "BROutrosProfissionais"
  }],
  "version" : "1.0.0",
  "name" : "BROutrosProfissionais",
  "title" : "Conselhos regionais de outros profissionais da saúde do Brasil",
  "status" : "draft",
  "experimental" : true,
  "date" : "2023-07-18T13:52:24+00:00",
  "publisher" : "Ministério da Saúde do Brasil",
  "contact" : [{
    "name" : "Ministério da Saúde do Brasil",
    "telecom" : [{
      "system" : "url",
      "value" : "http://www.saude.gov.br"
    }]
  }],
  "description" : "Conjunto de todos os conselhos regionais de outros profissionais da saúde do Brasil",
  "jurisdiction" : [{
    "coding" : [{
      "system" : "urn:iso:std:iso:3166",
      "code" : "BR"
    }]
  }],
  "purpose" : "O propósito deste conjunto é agrupar todos os conselhos regionais da categoria de outros profissionais da saúde para fins de validação do identificador profissional",
  "copyright" : "CC-1.0",
  "compose" : {
    "include" : [{
      "system" : "https://terminologia.saude.gov.br/fhir/CodeSystem/BRConselhoProfissional",
      "concept" : [{
        "code" : "https://saude.gov.br/sid/crp-ac-ro",
        "display" : "CRP-AC-RO"
      },
      {
        "code" : "https://saude.gov.br/sid/crp-al",
        "display" : "CRP-AL"
      },
      {
        "code" : "https://saude.gov.br/sid/crp-am-rr",
        "display" : "CRP-AM-RR"
      },
      {
        "code" : "https://saude.gov.br/sid/crp-ba",
        "display" : "CRP-BA"
      },
      {
        "code" : "https://saude.gov.br/sid/crp-ce",
        "display" : "CRP-CE"
      },
      {
        "code" : "https://saude.gov.br/sid/crp-df",
        "display" : "CRP-DF"
      },
      {
        "code" : "https://saude.gov.br/sid/crp-es",
        "display" : "CRP-ES"
      },
      {
        "code" : "https://saude.gov.br/sid/crp-go",
        "display" : "CRP-GO"
      },
      {
        "code" : "https://saude.gov.br/sid/crp-ma",
        "display" : "CRP-MA"
      },
      {
        "code" : "https://saude.gov.br/sid/crp-mg",
        "display" : "CRP-MG"
      },
      {
        "code" : "https://saude.gov.br/sid/crp-ms",
        "display" : "CRP-MS"
      },
      {
        "code" : "https://saude.gov.br/sid/crp-mt",
        "display" : "CRP-MT"
      },
      {
        "code" : "https://saude.gov.br/sid/crp-pa-ap",
        "display" : "CRP-PA-AP"
      },
      {
        "code" : "https://saude.gov.br/sid/crp-pb",
        "display" : "CRP-PB"
      },
      {
        "code" : "https://saude.gov.br/sid/crp-pe",
        "display" : "CRP-PE"
      },
      {
        "code" : "https://saude.gov.br/sid/crp-pi",
        "display" : "CRP-PI"
      },
      {
        "code" : "https://saude.gov.br/sid/crp-pr",
        "display" : "CRP-PR"
      },
      {
        "code" : "https://saude.gov.br/sid/crp-rj",
        "display" : "CRP-RJ"
      },
      {
        "code" : "https://saude.gov.br/sid/crp-rn",
        "display" : "CRP-RN"
      },
      {
        "code" : "https://saude.gov.br/sid/crp-rs",
        "display" : "CRP-RS"
      },
      {
        "code" : "https://saude.gov.br/sid/crp-sc",
        "display" : "CRP-SC"
      },
      {
        "code" : "https://saude.gov.br/sid/crp-se",
        "display" : "CRP-SE"
      },
      {
        "code" : "https://saude.gov.br/sid/crp-sp",
        "display" : "CRP-SP"
      },
      {
        "code" : "https://saude.gov.br/sid/crp-to",
        "display" : "CRP-TO"
      },
      {
        "code" : "https://saude.gov.br/sid/crefito-ba",
        "display" : "CREFITO-BA"
      },
      {
        "code" : "https://saude.gov.br/sid/crefito-ce",
        "display" : "CREFITO-CE"
      },
      {
        "code" : "https://saude.gov.br/sid/crefito-es",
        "display" : "CREFITO-ES"
      },
      {
        "code" : "https://saude.gov.br/sid/crefito-go-df",
        "display" : "CREFITO-GO-DF"
      },
      {
        "code" : "https://saude.gov.br/sid/crefito-ma",
        "display" : "CREFITO-MA"
      },
      {
        "code" : "https://saude.gov.br/sid/crefito-mg",
        "display" : "CREFITO-MG"
      },
      {
        "code" : "https://saude.gov.br/sid/crefito-ms",
        "display" : "CREFITO-MS"
      },
      {
        "code" : "https://saude.gov.br/sid/crefito-mt",
        "display" : "CREFITO-MT"
      },
      {
        "code" : "https://saude.gov.br/sid/crefito-pa-am-to-rr-ap",
        "display" : "CREFITO-PA-AM-TO-RR-AP"
      },
      {
        "code" : "https://saude.gov.br/sid/crefito-pe-pb-al-rn",
        "display" : "CREFITO-PE-PB-AL-RN"
      },
      {
        "code" : "https://saude.gov.br/sid/crefito-pi",
        "display" : "CREFITO-PI"
      },
      {
        "code" : "https://saude.gov.br/sid/crefito-pr",
        "display" : "CREFITO-PR"
      },
      {
        "code" : "https://saude.gov.br/sid/crefito-rj",
        "display" : "CREFITO-RJ"
      },
      {
        "code" : "https://saude.gov.br/sid/crefito-ro-ac",
        "display" : "CREFITO-RO-AC"
      },
      {
        "code" : "https://saude.gov.br/sid/crefito-rs",
        "display" : "CREFITO-RS"
      },
      {
        "code" : "https://saude.gov.br/sid/crefito-sc",
        "display" : "CREFITO-SC"
      },
      {
        "code" : "https://saude.gov.br/sid/crefito-se",
        "display" : "CREFITO-SE"
      },
      {
        "code" : "https://saude.gov.br/sid/crefito-sp",
        "display" : "CREFITO-SP"
      },
      {
        "code" : "https://saude.gov.br/sid/crn-al",
        "display" : "CRN-AL"
      },
      {
        "code" : "https://saude.gov.br/sid/crn-ba-se",
        "display" : "CRN-BA-SE"
      },
      {
        "code" : "https://saude.gov.br/sid/crn-ce-ma-pi",
        "display" : "CRN-CE-MA-PI"
      },
      {
        "code" : "https://saude.gov.br/sid/crn-df-go-mt-to",
        "display" : "CRN-DF-GO-MT-TO"
      },
      {
        "code" : "https://saude.gov.br/sid/crn-pa-ac-am-ap-ro-rr",
        "display" : "CRN-PA-AC-AM-AP-RO-RR"
      },
      {
        "code" : "https://saude.gov.br/sid/crn-pe-al-pb-rn",
        "display" : "CRN-PE-AL-PB-RN"
      },
      {
        "code" : "https://saude.gov.br/sid/crn-pr",
        "display" : "CRN-PR"
      },
      {
        "code" : "https://saude.gov.br/sid/crn-rj-es",
        "display" : "CRN-RJ-ES"
      },
      {
        "code" : "https://saude.gov.br/sid/crn-rs",
        "display" : "CRN-RS"
      },
      {
        "code" : "https://saude.gov.br/sid/crn-sc",
        "display" : "CRN-SC"
      },
      {
        "code" : "https://saude.gov.br/sid/crn-sp-ms",
        "display" : "CRN-SP-MS"
      },
      {
        "code" : "https://saude.gov.br/sid/crefono-am-ac-ap-pa-ro-rr",
        "display" : "CREFONO-AM-AC-AP-PA-RO-RR"
      },
      {
        "code" : "https://saude.gov.br/sid/crefono-ce-ma-pi-rn",
        "display" : "CREFONO-CE-MA-PI-RN"
      },
      {
        "code" : "https://saude.gov.br/sid/crefono-go-df-ms-mt-to",
        "display" : "CREFONO-GO-DF-MS-MT-TO"
      },
      {
        "code" : "https://saude.gov.br/sid/crefono-mg-es",
        "display" : "CREFONO-MG-ES"
      },
      {
        "code" : "https://saude.gov.br/sid/crefono-pe-al-ba-pb-se",
        "display" : "CREFONO-PE-AL-BA-PB-SE"
      },
      {
        "code" : "https://saude.gov.br/sid/crefono-pr-sc",
        "display" : "CREFONO-PR-SC"
      },
      {
        "code" : "https://saude.gov.br/sid/crefono-rj",
        "display" : "CREFONO-RJ"
      },
      {
        "code" : "https://saude.gov.br/sid/crefono-rs",
        "display" : "CREFONO-RS"
      },
      {
        "code" : "https://saude.gov.br/sid/crefono-sp",
        "display" : "CREFONO-SP"
      }]
    }]
  }
}