{
  "resourceType" : "ValueSet",
  "id" : "BRCRF",
  "meta" : {
    "profile" : ["http://hl7.org/fhir/StructureDefinition/shareablevalueset"]
  },
  "language" : "pt-BR",
  "text" : {
    "status" : "extensions",
    "div" : "<div xmlns=\"http://www.w3.org/1999/xhtml\"><p class=\"res-header-id\"><b>Generated Narrative: ValueSet BRCRF</b></p><a name=\"BRCRF\"/><a name=\"hcBRCRF\"/><a name=\"BRCRF-pt-BR\"/><ul><li>Include these codes as defined in <a href=\"CodeSystem-BRConselhoProfissional.html\"><code>https://terminologia.saude.gov.br/fhir/CodeSystem/BRConselhoProfissional</code></a><table class=\"none\"><tr><td style=\"white-space:nowrap\"><b>Code</b></td><td><b>Display</b></td><td><b>Definition</b></td></tr><tr><td><a href=\"CodeSystem-BRConselhoProfissional.html#BRConselhoProfissional-https.58.47.47saude.46gov.46br.47sid.47crf-ac\">https://saude.gov.br/sid/crf-ac</a></td><td>CRF-AC</td><td>CONSELHO REGIONAL DE FARMÁCIA</td></tr><tr><td><a href=\"CodeSystem-BRConselhoProfissional.html#BRConselhoProfissional-https.58.47.47saude.46gov.46br.47sid.47crf-al\">https://saude.gov.br/sid/crf-al</a></td><td>CRF-AL</td><td>CONSELHO REGIONAL DE FARMÁCIA</td></tr><tr><td><a href=\"CodeSystem-BRConselhoProfissional.html#BRConselhoProfissional-https.58.47.47saude.46gov.46br.47sid.47crf-am\">https://saude.gov.br/sid/crf-am</a></td><td>CRF-AM</td><td>CONSELHO REGIONAL DE FARMÁCIA</td></tr><tr><td><a href=\"CodeSystem-BRConselhoProfissional.html#BRConselhoProfissional-https.58.47.47saude.46gov.46br.47sid.47crf-ap\">https://saude.gov.br/sid/crf-ap</a></td><td>CRF-AP</td><td>CONSELHO REGIONAL DE FARMÁCIA</td></tr><tr><td><a href=\"CodeSystem-BRConselhoProfissional.html#BRConselhoProfissional-https.58.47.47saude.46gov.46br.47sid.47crf-ba\">https://saude.gov.br/sid/crf-ba</a></td><td>CRF-BA</td><td>CONSELHO REGIONAL DE FARMÁCIA</td></tr><tr><td><a href=\"CodeSystem-BRConselhoProfissional.html#BRConselhoProfissional-https.58.47.47saude.46gov.46br.47sid.47crf-ce\">https://saude.gov.br/sid/crf-ce</a></td><td>CRF-CE</td><td>CONSELHO REGIONAL DE FARMÁCIA</td></tr><tr><td><a href=\"CodeSystem-BRConselhoProfissional.html#BRConselhoProfissional-https.58.47.47saude.46gov.46br.47sid.47crf-df\">https://saude.gov.br/sid/crf-df</a></td><td>CRF-DF</td><td>CONSELHO REGIONAL DE FARMÁCIA</td></tr><tr><td><a href=\"CodeSystem-BRConselhoProfissional.html#BRConselhoProfissional-https.58.47.47saude.46gov.46br.47sid.47crf-es\">https://saude.gov.br/sid/crf-es</a></td><td>CRF-ES</td><td>CONSELHO REGIONAL DE FARMÁCIA</td></tr><tr><td><a href=\"CodeSystem-BRConselhoProfissional.html#BRConselhoProfissional-https.58.47.47saude.46gov.46br.47sid.47crf-go\">https://saude.gov.br/sid/crf-go</a></td><td>CRF-GO</td><td>CONSELHO REGIONAL DE FARMÁCIA</td></tr><tr><td><a href=\"CodeSystem-BRConselhoProfissional.html#BRConselhoProfissional-https.58.47.47saude.46gov.46br.47sid.47crf-ma\">https://saude.gov.br/sid/crf-ma</a></td><td>CRF-MA</td><td>CONSELHO REGIONAL DE FARMÁCIA</td></tr><tr><td><a href=\"CodeSystem-BRConselhoProfissional.html#BRConselhoProfissional-https.58.47.47saude.46gov.46br.47sid.47crf-mg\">https://saude.gov.br/sid/crf-mg</a></td><td>CRF-MG</td><td>CONSELHO REGIONAL DE FARMÁCIA</td></tr><tr><td><a href=\"CodeSystem-BRConselhoProfissional.html#BRConselhoProfissional-https.58.47.47saude.46gov.46br.47sid.47crf-ms\">https://saude.gov.br/sid/crf-ms</a></td><td>CRF-MS</td><td>CONSELHO REGIONAL DE FARMÁCIA</td></tr><tr><td><a href=\"CodeSystem-BRConselhoProfissional.html#BRConselhoProfissional-https.58.47.47saude.46gov.46br.47sid.47crf-mt\">https://saude.gov.br/sid/crf-mt</a></td><td>CRF-MT</td><td>CONSELHO REGIONAL DE FARMÁCIA</td></tr><tr><td><a href=\"CodeSystem-BRConselhoProfissional.html#BRConselhoProfissional-https.58.47.47saude.46gov.46br.47sid.47crf-pa\">https://saude.gov.br/sid/crf-pa</a></td><td>CRF-PA</td><td>CONSELHO REGIONAL DE FARMÁCIA</td></tr><tr><td><a href=\"CodeSystem-BRConselhoProfissional.html#BRConselhoProfissional-https.58.47.47saude.46gov.46br.47sid.47crf-pb\">https://saude.gov.br/sid/crf-pb</a></td><td>CRF-PB</td><td>CONSELHO REGIONAL DE FARMÁCIA</td></tr><tr><td><a href=\"CodeSystem-BRConselhoProfissional.html#BRConselhoProfissional-https.58.47.47saude.46gov.46br.47sid.47crf-pe\">https://saude.gov.br/sid/crf-pe</a></td><td>CRF-PE</td><td>CONSELHO REGIONAL DE FARMÁCIA</td></tr><tr><td><a href=\"CodeSystem-BRConselhoProfissional.html#BRConselhoProfissional-https.58.47.47saude.46gov.46br.47sid.47crf-pi\">https://saude.gov.br/sid/crf-pi</a></td><td>CRF-PI</td><td>CONSELHO REGIONAL DE FARMÁCIA</td></tr><tr><td><a href=\"CodeSystem-BRConselhoProfissional.html#BRConselhoProfissional-https.58.47.47saude.46gov.46br.47sid.47crf-pr\">https://saude.gov.br/sid/crf-pr</a></td><td>CRF-PR</td><td>CONSELHO REGIONAL DE FARMÁCIA</td></tr><tr><td><a href=\"CodeSystem-BRConselhoProfissional.html#BRConselhoProfissional-https.58.47.47saude.46gov.46br.47sid.47crf-rj\">https://saude.gov.br/sid/crf-rj</a></td><td>CRF-RJ</td><td>CONSELHO REGIONAL DE FARMÁCIA</td></tr><tr><td><a href=\"CodeSystem-BRConselhoProfissional.html#BRConselhoProfissional-https.58.47.47saude.46gov.46br.47sid.47crf-rn\">https://saude.gov.br/sid/crf-rn</a></td><td>CRF-RN</td><td>CONSELHO REGIONAL DE FARMÁCIA</td></tr><tr><td><a href=\"CodeSystem-BRConselhoProfissional.html#BRConselhoProfissional-https.58.47.47saude.46gov.46br.47sid.47crf-ro\">https://saude.gov.br/sid/crf-ro</a></td><td>CRF-RO</td><td>CONSELHO REGIONAL DE FARMÁCIA</td></tr><tr><td><a href=\"CodeSystem-BRConselhoProfissional.html#BRConselhoProfissional-https.58.47.47saude.46gov.46br.47sid.47crf-rr\">https://saude.gov.br/sid/crf-rr</a></td><td>CRF-RR</td><td>CONSELHO REGIONAL DE FARMÁCIA</td></tr><tr><td><a href=\"CodeSystem-BRConselhoProfissional.html#BRConselhoProfissional-https.58.47.47saude.46gov.46br.47sid.47crf-rs\">https://saude.gov.br/sid/crf-rs</a></td><td>CRF-RS</td><td>CONSELHO REGIONAL DE FARMÁCIA</td></tr><tr><td><a href=\"CodeSystem-BRConselhoProfissional.html#BRConselhoProfissional-https.58.47.47saude.46gov.46br.47sid.47crf-sc\">https://saude.gov.br/sid/crf-sc</a></td><td>CRF-SC</td><td>CONSELHO REGIONAL DE FARMÁCIA</td></tr><tr><td><a href=\"CodeSystem-BRConselhoProfissional.html#BRConselhoProfissional-https.58.47.47saude.46gov.46br.47sid.47crf-se\">https://saude.gov.br/sid/crf-se</a></td><td>CRF-SE</td><td>CONSELHO REGIONAL DE FARMÁCIA</td></tr><tr><td><a href=\"CodeSystem-BRConselhoProfissional.html#BRConselhoProfissional-https.58.47.47saude.46gov.46br.47sid.47crf-sp\">https://saude.gov.br/sid/crf-sp</a></td><td>CRF-SP</td><td>CONSELHO REGIONAL DE FARMÁCIA</td></tr><tr><td><a href=\"CodeSystem-BRConselhoProfissional.html#BRConselhoProfissional-https.58.47.47saude.46gov.46br.47sid.47crf-to\">https://saude.gov.br/sid/crf-to</a></td><td>CRF-TO</td><td>CONSELHO REGIONAL DE FARMÁCIA</td></tr></table></li></ul></div>"
  },
  "url" : "https://terminologia.saude.gov.br/fhir/ValueSet/BRCRF",
  "identifier" : [{
    "system" : "https://saude.gov.br/sid/valueset",
    "value" : "BRCRF"
  }],
  "version" : "1.0.0",
  "name" : "BRCRF",
  "title" : "Conselhos regionais de Farmácia do Brasil",
  "status" : "draft",
  "experimental" : true,
  "date" : "2023-07-18T13:52:24+00:00",
  "publisher" : "Ministério da Saúde do Brasil",
  "contact" : [{
    "name" : "Ministério da Saúde do Brasil",
    "telecom" : [{
      "system" : "url",
      "value" : "http://www.saude.gov.br"
    }]
  }],
  "description" : "Conjunto de todos os conselhos regionais de farmácia do Brasil",
  "jurisdiction" : [{
    "coding" : [{
      "system" : "urn:iso:std:iso:3166",
      "code" : "BR"
    }]
  }],
  "purpose" : "O propósito deste conjunto é agrupar todos os conselhos regionais de farmácia para fins de validação do identificador profissional do farmacêutico",
  "copyright" : "CC-1.0",
  "compose" : {
    "include" : [{
      "system" : "https://terminologia.saude.gov.br/fhir/CodeSystem/BRConselhoProfissional",
      "concept" : [{
        "code" : "https://saude.gov.br/sid/crf-ac",
        "display" : "CRF-AC"
      },
      {
        "code" : "https://saude.gov.br/sid/crf-al",
        "display" : "CRF-AL"
      },
      {
        "code" : "https://saude.gov.br/sid/crf-am",
        "display" : "CRF-AM"
      },
      {
        "code" : "https://saude.gov.br/sid/crf-ap",
        "display" : "CRF-AP"
      },
      {
        "code" : "https://saude.gov.br/sid/crf-ba",
        "display" : "CRF-BA"
      },
      {
        "code" : "https://saude.gov.br/sid/crf-ce",
        "display" : "CRF-CE"
      },
      {
        "code" : "https://saude.gov.br/sid/crf-df",
        "display" : "CRF-DF"
      },
      {
        "code" : "https://saude.gov.br/sid/crf-es",
        "display" : "CRF-ES"
      },
      {
        "code" : "https://saude.gov.br/sid/crf-go",
        "display" : "CRF-GO"
      },
      {
        "code" : "https://saude.gov.br/sid/crf-ma",
        "display" : "CRF-MA"
      },
      {
        "code" : "https://saude.gov.br/sid/crf-mg",
        "display" : "CRF-MG"
      },
      {
        "code" : "https://saude.gov.br/sid/crf-ms",
        "display" : "CRF-MS"
      },
      {
        "code" : "https://saude.gov.br/sid/crf-mt",
        "display" : "CRF-MT"
      },
      {
        "code" : "https://saude.gov.br/sid/crf-pa",
        "display" : "CRF-PA"
      },
      {
        "code" : "https://saude.gov.br/sid/crf-pb",
        "display" : "CRF-PB"
      },
      {
        "code" : "https://saude.gov.br/sid/crf-pe",
        "display" : "CRF-PE"
      },
      {
        "code" : "https://saude.gov.br/sid/crf-pi",
        "display" : "CRF-PI"
      },
      {
        "code" : "https://saude.gov.br/sid/crf-pr",
        "display" : "CRF-PR"
      },
      {
        "code" : "https://saude.gov.br/sid/crf-rj",
        "display" : "CRF-RJ"
      },
      {
        "code" : "https://saude.gov.br/sid/crf-rn",
        "display" : "CRF-RN"
      },
      {
        "code" : "https://saude.gov.br/sid/crf-ro",
        "display" : "CRF-RO"
      },
      {
        "code" : "https://saude.gov.br/sid/crf-rr",
        "display" : "CRF-RR"
      },
      {
        "code" : "https://saude.gov.br/sid/crf-rs",
        "display" : "CRF-RS"
      },
      {
        "code" : "https://saude.gov.br/sid/crf-sc",
        "display" : "CRF-SC"
      },
      {
        "code" : "https://saude.gov.br/sid/crf-se",
        "display" : "CRF-SE"
      },
      {
        "code" : "https://saude.gov.br/sid/crf-sp",
        "display" : "CRF-SP"
      },
      {
        "code" : "https://saude.gov.br/sid/crf-to",
        "display" : "CRF-TO"
      }]
    }]
  }
}